time,electricity
2022-01-01 08:00:00,9.712
2022-01-01 09:00:00,62.826
2022-01-01 10:00:00,96.445
2022-01-01 11:00:00,114.788
2022-01-01 12:00:00,124.458
2022-01-01 13:00:00,124.64
2022-01-01 14:00:00,115.342
2022-01-01 15:00:00,95.679
2022-01-01 16:00:00,63.305
2022-01-01 17:00:00,17.89
2022-01-01 18:00:00,0.0
2022-01-01 19:00:00,0.0
2022-01-01 20:00:00,0.0
2022-01-01 21:00:00,0.0
2022-01-01 22:00:00,0.0
2022-01-01 23:00:00,0.0
2022-01-02 00:00:00,0.0
2022-01-02 01:00:00,0.0
2022-01-02 02:00:00,0.0
2022-01-02 03:00:00,0.0
2022-01-02 04:00:00,0.0
2022-01-02 05:00:00,0.0
2022-01-02 06:00:00,0.0
2022-01-02 07:00:00,0.0
2022-01-02 08:00:00,9.991
2022-01-02 09:00:00,62.69
2022-01-02 10:00:00,97.381
2022-01-02 11:00:00,118.112
2022-01-02 12:00:00,127.035
2022-01-02 13:00:00,126.688
2022-01-02 14:00:00,117.332
2022-01-02 15:00:00,97.92
2022-01-02 16:00:00,65.707
2022-01-02 17:00:00,19.823
2022-01-02 18:00:00,0.0
2022-01-02 19:00:00,0.0
2022-01-02 20:00:00,0.0
2022-01-02 21:00:00,0.0
2022-01-02 22:00:00,0.0
2022-01-02 23:00:00,0.0
2022-01-03 00:00:00,0.0
2022-01-03 01:00:00,0.0
2022-01-03 02:00:00,0.0
2022-01-03 03:00:00,0.0
2022-01-03 04:00:00,0.0
2022-01-03 05:00:00,0.0
2022-01-03 06:00:00,0.0
2022-01-03 07:00:00,0.0
2022-01-03 08:00:00,9.355
2022-01-03 09:00:00,56.916
2022-01-03 10:00:00,75.183
2022-01-03 11:00:00,80.044
2022-01-03 12:00:00,86.704
2022-01-03 13:00:00,85.207
2022-01-03 14:00:00,76.407
2022-01-03 15:00:00,60.826
2022-01-03 16:00:00,37.652
2022-01-03 17:00:00,9.243
2022-01-03 18:00:00,0.0
2022-01-03 19:00:00,0.0
2022-01-03 20:00:00,0.0
2022-01-03 21:00:00,0.0
2022-01-03 22:00:00,0.0
2022-01-03 23:00:00,0.0
2022-01-04 00:00:00,0.0
2022-01-04 01:00:00,0.0
2022-01-04 02:00:00,0.0
2022-01-04 03:00:00,0.0
2022-01-04 04:00:00,0.0
2022-01-04 05:00:00,0.0
2022-01-04 06:00:00,0.0
2022-01-04 07:00:00,0.0
2022-01-04 08:00:00,8.082
2022-01-04 09:00:00,56.603
2022-01-04 10:00:00,90.805
2022-01-04 11:00:00,111.391
2022-01-04 12:00:00,121.58
2022-01-04 13:00:00,122.519
2022-01-04 14:00:00,113.825
2022-01-04 15:00:00,95.285
2022-01-04 16:00:00,64.766
2022-01-04 17:00:00,20.987
2022-01-04 18:00:00,0.0
2022-01-04 19:00:00,0.0
2022-01-04 20:00:00,0.0
2022-01-04 21:00:00,0.0
2022-01-04 22:00:00,0.0
2022-01-04 23:00:00,0.0
2022-01-05 00:00:00,0.0
2022-01-05 01:00:00,0.0
2022-01-05 02:00:00,0.0
2022-01-05 03:00:00,0.0
2022-01-05 04:00:00,0.0
2022-01-05 05:00:00,0.0
2022-01-05 06:00:00,0.0
2022-01-05 07:00:00,0.0
2022-01-05 08:00:00,8.503
2022-01-05 09:00:00,54.813
2022-01-05 10:00:00,90.539
2022-01-05 11:00:00,114.066
2022-01-05 12:00:00,124.962
2022-01-05 13:00:00,124.879
2022-01-05 14:00:00,115.651
2022-01-05 15:00:00,96.21
2022-01-05 16:00:00,64.01
2022-01-05 17:00:00,19.387
2022-01-05 18:00:00,0.0
2022-01-05 19:00:00,0.0
2022-01-05 20:00:00,0.0
2022-01-05 21:00:00,0.0
2022-01-05 22:00:00,0.0
2022-01-05 23:00:00,0.0
2022-01-06 00:00:00,0.0
2022-01-06 01:00:00,0.0
2022-01-06 02:00:00,0.0
2022-01-06 03:00:00,0.0
2022-01-06 04:00:00,0.0
2022-01-06 05:00:00,0.0
2022-01-06 06:00:00,0.0
2022-01-06 07:00:00,0.0
2022-01-06 08:00:00,11.057
2022-01-06 09:00:00,63.99
2022-01-06 10:00:00,95.917
2022-01-06 11:00:00,113.968
2022-01-06 12:00:00,120.889
2022-01-06 13:00:00,118.09
2022-01-06 14:00:00,106.842
2022-01-06 15:00:00,85.724
2022-01-06 16:00:00,53.229
2022-01-06 17:00:00,14.364
2022-01-06 18:00:00,0.0
2022-01-06 19:00:00,0.0
2022-01-06 20:00:00,0.0
2022-01-06 21:00:00,0.0
2022-01-06 22:00:00,0.0
2022-01-06 23:00:00,0.0
2022-01-07 00:00:00,0.0
2022-01-07 01:00:00,0.0
2022-01-07 02:00:00,0.0
2022-01-07 03:00:00,0.0
2022-01-07 04:00:00,0.0
2022-01-07 05:00:00,0.0
2022-01-07 06:00:00,0.0
2022-01-07 07:00:00,0.0
2022-01-07 08:00:00,8.751
2022-01-07 09:00:00,56.022
2022-01-07 10:00:00,86.276
2022-01-07 11:00:00,99.302
2022-01-07 12:00:00,101.119
2022-01-07 13:00:00,90.326
2022-01-07 14:00:00,70.081
2022-01-07 15:00:00,43.405
2022-01-07 16:00:00,18.927
2022-01-07 17:00:00,2.89
2022-01-07 18:00:00,0.0
2022-01-07 19:00:00,0.0
2022-01-07 20:00:00,0.0
2022-01-07 21:00:00,0.0
2022-01-07 22:00:00,0.0
2022-01-07 23:00:00,0.0
2022-01-08 00:00:00,0.0
2022-01-08 01:00:00,0.0
2022-01-08 02:00:00,0.0
2022-01-08 03:00:00,0.0
2022-01-08 04:00:00,0.0
2022-01-08 05:00:00,0.0
2022-01-08 06:00:00,0.0
2022-01-08 07:00:00,0.0
2022-01-08 08:00:00,3.447
2022-01-08 09:00:00,34.385
2022-01-08 10:00:00,72.578
2022-01-08 11:00:00,94.053
2022-01-08 12:00:00,114.01
2022-01-08 13:00:00,116.871
2022-01-08 14:00:00,107.749
2022-01-08 15:00:00,88.257
2022-01-08 16:00:00,56.26
2022-01-08 17:00:00,15.233
2022-01-08 18:00:00,0.0
2022-01-08 19:00:00,0.0
2022-01-08 20:00:00,0.0
2022-01-08 21:00:00,0.0
2022-01-08 22:00:00,0.0
2022-01-08 23:00:00,0.0
2022-01-09 00:00:00,0.0
2022-01-09 01:00:00,0.0
2022-01-09 02:00:00,0.0
2022-01-09 03:00:00,0.0
2022-01-09 04:00:00,0.0
2022-01-09 05:00:00,0.0
2022-01-09 06:00:00,0.0
2022-01-09 07:00:00,0.0
2022-01-09 08:00:00,6.785
2022-01-09 09:00:00,53.681
2022-01-09 10:00:00,85.446
2022-01-09 11:00:00,95.348
2022-01-09 12:00:00,96.778
2022-01-09 13:00:00,90.312
2022-01-09 14:00:00,64.722
2022-01-09 15:00:00,41.05
2022-01-09 16:00:00,24.537
2022-01-09 17:00:00,6.973
2022-01-09 18:00:00,0.0
2022-01-09 19:00:00,0.0
2022-01-09 20:00:00,0.0
2022-01-09 21:00:00,0.0
2022-01-09 22:00:00,0.0
2022-01-09 23:00:00,0.0
2022-01-10 00:00:00,0.0
2022-01-10 01:00:00,0.0
2022-01-10 02:00:00,0.0
2022-01-10 03:00:00,0.0
2022-01-10 04:00:00,0.0
2022-01-10 05:00:00,0.0
2022-01-10 06:00:00,0.0
2022-01-10 07:00:00,0.0
2022-01-10 08:00:00,12.251
2022-01-10 09:00:00,66.081
2022-01-10 10:00:00,98.845
2022-01-10 11:00:00,118.891
2022-01-10 12:00:00,128.376
2022-01-10 13:00:00,128.622
2022-01-10 14:00:00,119.665
2022-01-10 15:00:00,100.63
2022-01-10 16:00:00,69.295
2022-01-10 17:00:00,23.815
2022-01-10 18:00:00,0.0
2022-01-10 19:00:00,0.0
2022-01-10 20:00:00,0.0
2022-01-10 21:00:00,0.0
2022-01-10 22:00:00,0.0
2022-01-10 23:00:00,0.0
2022-01-11 00:00:00,0.0
2022-01-11 01:00:00,0.0
2022-01-11 02:00:00,0.0
2022-01-11 03:00:00,0.0
2022-01-11 04:00:00,0.0
2022-01-11 05:00:00,0.0
2022-01-11 06:00:00,0.0
2022-01-11 07:00:00,0.0
2022-01-11 08:00:00,15.864
2022-01-11 09:00:00,70.976
2022-01-11 10:00:00,100.919
2022-01-11 11:00:00,118.148
2022-01-11 12:00:00,127.23
2022-01-11 13:00:00,127.316
2022-01-11 14:00:00,116.363
2022-01-11 15:00:00,95.601
2022-01-11 16:00:00,58.014
2022-01-11 17:00:00,14.623
2022-01-11 18:00:00,0.0
2022-01-11 19:00:00,0.0
2022-01-11 20:00:00,0.0
2022-01-11 21:00:00,0.0
2022-01-11 22:00:00,0.0
2022-01-11 23:00:00,0.0
2022-01-12 00:00:00,0.0
2022-01-12 01:00:00,0.0
2022-01-12 02:00:00,0.0
2022-01-12 03:00:00,0.0
2022-01-12 04:00:00,0.0
2022-01-12 05:00:00,0.0
2022-01-12 06:00:00,0.0
2022-01-12 07:00:00,0.0
2022-01-12 08:00:00,9.839
2022-01-12 09:00:00,58.108
2022-01-12 10:00:00,94.429
2022-01-12 11:00:00,117.869
2022-01-12 12:00:00,129.075
2022-01-12 13:00:00,130.415
2022-01-12 14:00:00,122.043
2022-01-12 15:00:00,102.633
2022-01-12 16:00:00,71.547
2022-01-12 17:00:00,25.134
2022-01-12 18:00:00,0.0
2022-01-12 19:00:00,0.0
2022-01-12 20:00:00,0.0
2022-01-12 21:00:00,0.0
2022-01-12 22:00:00,0.0
2022-01-12 23:00:00,0.0
2022-01-13 00:00:00,0.0
2022-01-13 01:00:00,0.0
2022-01-13 02:00:00,0.0
2022-01-13 03:00:00,0.0
2022-01-13 04:00:00,0.0
2022-01-13 05:00:00,0.0
2022-01-13 06:00:00,0.0
2022-01-13 07:00:00,0.0
2022-01-13 08:00:00,15.711
2022-01-13 09:00:00,69.16
2022-01-13 10:00:00,99.817
2022-01-13 11:00:00,118.042
2022-01-13 12:00:00,126.75
2022-01-13 13:00:00,126.359
2022-01-13 14:00:00,117.052
2022-01-13 15:00:00,97.571
2022-01-13 16:00:00,64.87
2022-01-13 17:00:00,20.044
2022-01-13 18:00:00,0.0
2022-01-13 19:00:00,0.0
2022-01-13 20:00:00,0.0
2022-01-13 21:00:00,0.0
2022-01-13 22:00:00,0.0
2022-01-13 23:00:00,0.0
2022-01-14 00:00:00,0.0
2022-01-14 01:00:00,0.0
2022-01-14 02:00:00,0.0
2022-01-14 03:00:00,0.0
2022-01-14 04:00:00,0.0
2022-01-14 05:00:00,0.0
2022-01-14 06:00:00,0.0
2022-01-14 07:00:00,0.0
2022-01-14 08:00:00,14.436
2022-01-14 09:00:00,67.618
2022-01-14 10:00:00,100.149
2022-01-14 11:00:00,119.495
2022-01-14 12:00:00,128.441
2022-01-14 13:00:00,128.149
2022-01-14 14:00:00,118.839
2022-01-14 15:00:00,99.715
2022-01-14 16:00:00,68.558
2022-01-14 17:00:00,23.449
2022-01-14 18:00:00,0.0
2022-01-14 19:00:00,0.0
2022-01-14 20:00:00,0.0
2022-01-14 21:00:00,0.0
2022-01-14 22:00:00,0.0
2022-01-14 23:00:00,0.0
2022-01-15 00:00:00,0.0
2022-01-15 01:00:00,0.0
2022-01-15 02:00:00,0.0
2022-01-15 03:00:00,0.0
2022-01-15 04:00:00,0.0
2022-01-15 05:00:00,0.0
2022-01-15 06:00:00,0.0
2022-01-15 07:00:00,0.0
2022-01-15 08:00:00,15.186
2022-01-15 09:00:00,62.622
2022-01-15 10:00:00,90.746
2022-01-15 11:00:00,111.918
2022-01-15 12:00:00,124.782
2022-01-15 13:00:00,126.477
2022-01-15 14:00:00,117.278
2022-01-15 15:00:00,98.01
2022-01-15 16:00:00,66.319
2022-01-15 17:00:00,21.376
2022-01-15 18:00:00,0.0
2022-01-15 19:00:00,0.0
2022-01-15 20:00:00,0.0
2022-01-15 21:00:00,0.0
2022-01-15 22:00:00,0.0
2022-01-15 23:00:00,0.0
2022-01-16 00:00:00,0.0
2022-01-16 01:00:00,0.0
2022-01-16 02:00:00,0.0
2022-01-16 03:00:00,0.0
2022-01-16 04:00:00,0.0
2022-01-16 05:00:00,0.0
2022-01-16 06:00:00,0.0
2022-01-16 07:00:00,0.0
2022-01-16 08:00:00,16.75
2022-01-16 09:00:00,69.909
2022-01-16 10:00:00,100.144
2022-01-16 11:00:00,118.296
2022-01-16 12:00:00,126.757
2022-01-16 13:00:00,126.551
2022-01-16 14:00:00,116.045
2022-01-16 15:00:00,85.225
2022-01-16 16:00:00,32.366
2022-01-16 17:00:00,4.923
2022-01-16 18:00:00,0.0
2022-01-16 19:00:00,0.0
2022-01-16 20:00:00,0.0
2022-01-16 21:00:00,0.0
2022-01-16 22:00:00,0.0
2022-01-16 23:00:00,0.0
2022-01-17 00:00:00,0.0
2022-01-17 01:00:00,0.0
2022-01-17 02:00:00,0.0
2022-01-17 03:00:00,0.0
2022-01-17 04:00:00,0.0
2022-01-17 05:00:00,0.0
2022-01-17 06:00:00,0.0
2022-01-17 07:00:00,0.0
2022-01-17 08:00:00,17.242
2022-01-17 09:00:00,70.237
2022-01-17 10:00:00,100.881
2022-01-17 11:00:00,119.354
2022-01-17 12:00:00,127.856
2022-01-17 13:00:00,127.383
2022-01-17 14:00:00,118.014
2022-01-17 15:00:00,98.23
2022-01-17 16:00:00,67.574
2022-01-17 17:00:00,22.36
2022-01-17 18:00:00,0.0
2022-01-17 19:00:00,0.0
2022-01-17 20:00:00,0.0
2022-01-17 21:00:00,0.0
2022-01-17 22:00:00,0.0
2022-01-17 23:00:00,0.0
2022-01-18 00:00:00,0.0
2022-01-18 01:00:00,0.0
2022-01-18 02:00:00,0.0
2022-01-18 03:00:00,0.0
2022-01-18 04:00:00,0.0
2022-01-18 05:00:00,0.0
2022-01-18 06:00:00,0.0
2022-01-18 07:00:00,0.0
2022-01-18 08:00:00,20.851
2022-01-18 09:00:00,74.235
2022-01-18 10:00:00,103.008
2022-01-18 11:00:00,120.402
2022-01-18 12:00:00,128.105
2022-01-18 13:00:00,127.408
2022-01-18 14:00:00,118.115
2022-01-18 15:00:00,99.45
2022-01-18 16:00:00,69.651
2022-01-18 17:00:00,23.825
2022-01-18 18:00:00,0.0
2022-01-18 19:00:00,0.0
2022-01-18 20:00:00,0.0
2022-01-18 21:00:00,0.0
2022-01-18 22:00:00,0.0
2022-01-18 23:00:00,0.0
2022-01-19 00:00:00,0.0
2022-01-19 01:00:00,0.0
2022-01-19 02:00:00,0.0
2022-01-19 03:00:00,0.0
2022-01-19 04:00:00,0.0
2022-01-19 05:00:00,0.0
2022-01-19 06:00:00,0.0
2022-01-19 07:00:00,0.0
2022-01-19 08:00:00,22.197
2022-01-19 09:00:00,74.848
2022-01-19 10:00:00,102.885
2022-01-19 11:00:00,119.972
2022-01-19 12:00:00,127.72
2022-01-19 13:00:00,127.214
2022-01-19 14:00:00,118.495
2022-01-19 15:00:00,100.513
2022-01-19 16:00:00,71.146
2022-01-19 17:00:00,25.397
2022-01-19 18:00:00,0.0
2022-01-19 19:00:00,0.0
2022-01-19 20:00:00,0.0
2022-01-19 21:00:00,0.0
2022-01-19 22:00:00,0.0
2022-01-19 23:00:00,0.0
2022-01-20 00:00:00,0.0
2022-01-20 01:00:00,0.0
2022-01-20 02:00:00,0.0
2022-01-20 03:00:00,0.0
2022-01-20 04:00:00,0.0
2022-01-20 05:00:00,0.0
2022-01-20 06:00:00,0.0
2022-01-20 07:00:00,0.0
2022-01-20 08:00:00,10.849
2022-01-20 09:00:00,46.358
2022-01-20 10:00:00,78.156
2022-01-20 11:00:00,101.32
2022-01-20 12:00:00,110.675
2022-01-20 13:00:00,104.595
2022-01-20 14:00:00,91.85
2022-01-20 15:00:00,70.706
2022-01-20 16:00:00,49.519
2022-01-20 17:00:00,17.041
2022-01-20 18:00:00,0.0
2022-01-20 19:00:00,0.0
2022-01-20 20:00:00,0.0
2022-01-20 21:00:00,0.0
2022-01-20 22:00:00,0.0
2022-01-20 23:00:00,0.0
2022-01-21 00:00:00,0.0
2022-01-21 01:00:00,0.0
2022-01-21 02:00:00,0.0
2022-01-21 03:00:00,0.0
2022-01-21 04:00:00,0.0
2022-01-21 05:00:00,0.0
2022-01-21 06:00:00,0.0
2022-01-21 07:00:00,0.0
2022-01-21 08:00:00,14.566
2022-01-21 09:00:00,63.2
2022-01-21 10:00:00,96.616
2022-01-21 11:00:00,116.697
2022-01-21 12:00:00,125.513
2022-01-21 13:00:00,124.636
2022-01-21 14:00:00,114.978
2022-01-21 15:00:00,94.818
2022-01-21 16:00:00,62.444
2022-01-21 17:00:00,17.753
2022-01-21 18:00:00,0.0
2022-01-21 19:00:00,0.0
2022-01-21 20:00:00,0.0
2022-01-21 21:00:00,0.0
2022-01-21 22:00:00,0.0
2022-01-21 23:00:00,0.0
2022-01-22 00:00:00,0.0
2022-01-22 01:00:00,0.0
2022-01-22 02:00:00,0.0
2022-01-22 03:00:00,0.0
2022-01-22 04:00:00,0.0
2022-01-22 05:00:00,0.0
2022-01-22 06:00:00,0.0
2022-01-22 07:00:00,0.0
2022-01-22 08:00:00,6.9
2022-01-22 09:00:00,38.25
2022-01-22 10:00:00,70.593
2022-01-22 11:00:00,84.29
2022-01-22 12:00:00,99.919
2022-01-22 13:00:00,110.581
2022-01-22 14:00:00,101.657
2022-01-22 15:00:00,76.813
2022-01-22 16:00:00,35.676
2022-01-22 17:00:00,6.435
2022-01-22 18:00:00,0.0
2022-01-22 19:00:00,0.0
2022-01-22 20:00:00,0.0
2022-01-22 21:00:00,0.0
2022-01-22 22:00:00,0.0
2022-01-22 23:00:00,0.0
2022-01-23 00:00:00,0.0
2022-01-23 01:00:00,0.0
2022-01-23 02:00:00,0.0
2022-01-23 03:00:00,0.0
2022-01-23 04:00:00,0.0
2022-01-23 05:00:00,0.0
2022-01-23 06:00:00,0.0
2022-01-23 07:00:00,0.0
2022-01-23 08:00:00,12.274
2022-01-23 09:00:00,56.279
2022-01-23 10:00:00,91.918
2022-01-23 11:00:00,114.486
2022-01-23 12:00:00,124.922
2022-01-23 13:00:00,122.741
2022-01-23 14:00:00,107.623
2022-01-23 15:00:00,70.037
2022-01-23 16:00:00,25.582
2022-01-23 17:00:00,5.796
2022-01-23 18:00:00,0.0
2022-01-23 19:00:00,0.0
2022-01-23 20:00:00,0.0
2022-01-23 21:00:00,0.0
2022-01-23 22:00:00,0.0
2022-01-23 23:00:00,0.0
2022-01-24 00:00:00,0.0
2022-01-24 01:00:00,0.0
2022-01-24 02:00:00,0.0
2022-01-24 03:00:00,0.0
2022-01-24 04:00:00,0.0
2022-01-24 05:00:00,0.0
2022-01-24 06:00:00,0.0
2022-01-24 07:00:00,0.0
2022-01-24 08:00:00,17.004
2022-01-24 09:00:00,64.424
2022-01-24 10:00:00,95.727
2022-01-24 11:00:00,115.074
2022-01-24 12:00:00,122.704
2022-01-24 13:00:00,121.136
2022-01-24 14:00:00,113.362
2022-01-24 15:00:00,93.116
2022-01-24 16:00:00,62.043
2022-01-24 17:00:00,19.414
2022-01-24 18:00:00,0.0
2022-01-24 19:00:00,0.0
2022-01-24 20:00:00,0.0
2022-01-24 21:00:00,0.0
2022-01-24 22:00:00,0.0
2022-01-24 23:00:00,0.0
2022-01-25 00:00:00,0.0
2022-01-25 01:00:00,0.0
2022-01-25 02:00:00,0.0
2022-01-25 03:00:00,0.0
2022-01-25 04:00:00,0.0
2022-01-25 05:00:00,0.0
2022-01-25 06:00:00,0.0
2022-01-25 07:00:00,0.0
2022-01-25 08:00:00,11.817
2022-01-25 09:00:00,45.708
2022-01-25 10:00:00,73.046
2022-01-25 11:00:00,100.992
2022-01-25 12:00:00,112.043
2022-01-25 13:00:00,97.892
2022-01-25 14:00:00,62.023
2022-01-25 15:00:00,28.706
2022-01-25 16:00:00,8.77
2022-01-25 17:00:00,2.19
2022-01-25 18:00:00,0.0
2022-01-25 19:00:00,0.0
2022-01-25 20:00:00,0.0
2022-01-25 21:00:00,0.0
2022-01-25 22:00:00,0.0
2022-01-25 23:00:00,0.0
2022-01-26 00:00:00,0.0
2022-01-26 01:00:00,0.0
2022-01-26 02:00:00,0.0
2022-01-26 03:00:00,0.0
2022-01-26 04:00:00,0.0
2022-01-26 05:00:00,0.0
2022-01-26 06:00:00,0.0
2022-01-26 07:00:00,0.0
2022-01-26 08:00:00,3.316
2022-01-26 09:00:00,15.05
2022-01-26 10:00:00,27.104
2022-01-26 11:00:00,39.44
2022-01-26 12:00:00,50.434
2022-01-26 13:00:00,55.546
2022-01-26 14:00:00,50.199
2022-01-26 15:00:00,42.04
2022-01-26 16:00:00,29.243
2022-01-26 17:00:00,9.015
2022-01-26 18:00:00,0.0
2022-01-26 19:00:00,0.0
2022-01-26 20:00:00,0.0
2022-01-26 21:00:00,0.0
2022-01-26 22:00:00,0.0
2022-01-26 23:00:00,0.0
2022-01-27 00:00:00,0.0
2022-01-27 01:00:00,0.0
2022-01-27 02:00:00,0.0
2022-01-27 03:00:00,0.0
2022-01-27 04:00:00,0.0
2022-01-27 05:00:00,0.0
2022-01-27 06:00:00,0.0
2022-01-27 07:00:00,0.0
2022-01-27 08:00:00,4.527
2022-01-27 09:00:00,21.137
2022-01-27 10:00:00,34.893
2022-01-27 11:00:00,44.04
2022-01-27 12:00:00,48.265
2022-01-27 13:00:00,45.664
2022-01-27 14:00:00,36.558
2022-01-27 15:00:00,23.398
2022-01-27 16:00:00,10.708
2022-01-27 17:00:00,1.768
2022-01-27 18:00:00,0.0
2022-01-27 19:00:00,0.0
2022-01-27 20:00:00,0.0
2022-01-27 21:00:00,0.0
2022-01-27 22:00:00,0.0
2022-01-27 23:00:00,0.0
2022-01-28 00:00:00,0.0
2022-01-28 01:00:00,0.0
2022-01-28 02:00:00,0.0
2022-01-28 03:00:00,0.0
2022-01-28 04:00:00,0.0
2022-01-28 05:00:00,0.0
2022-01-28 06:00:00,0.0
2022-01-28 07:00:00,0.0
2022-01-28 08:00:00,6.667
2022-01-28 09:00:00,35.705
2022-01-28 10:00:00,60.767
2022-01-28 11:00:00,90.073
2022-01-28 12:00:00,97.473
2022-01-28 13:00:00,94.902
2022-01-28 14:00:00,76.346
2022-01-28 15:00:00,53.125
2022-01-28 16:00:00,26.312
2022-01-28 17:00:00,6.547
2022-01-28 18:00:00,0.0
2022-01-28 19:00:00,0.0
2022-01-28 20:00:00,0.0
2022-01-28 21:00:00,0.0
2022-01-28 22:00:00,0.0
2022-01-28 23:00:00,0.0
2022-01-29 00:00:00,0.0
2022-01-29 01:00:00,0.0
2022-01-29 02:00:00,0.0
2022-01-29 03:00:00,0.0
2022-01-29 04:00:00,0.0
2022-01-29 05:00:00,0.0
2022-01-29 06:00:00,0.0
2022-01-29 07:00:00,0.0
2022-01-29 08:00:00,28.084
2022-01-29 09:00:00,76.569
2022-01-29 10:00:00,106.843
2022-01-29 11:00:00,125.199
2022-01-29 12:00:00,133.962
2022-01-29 13:00:00,133.772
2022-01-29 14:00:00,124.428
2022-01-29 15:00:00,105.579
2022-01-29 16:00:00,75.563
2022-01-29 17:00:00,30.524
2022-01-29 18:00:00,0.0
2022-01-29 19:00:00,0.0
2022-01-29 20:00:00,0.0
2022-01-29 21:00:00,0.0
2022-01-29 22:00:00,0.0
2022-01-29 23:00:00,0.0
2022-01-30 00:00:00,0.0
2022-01-30 01:00:00,0.0
2022-01-30 02:00:00,0.0
2022-01-30 03:00:00,0.0
2022-01-30 04:00:00,0.0
2022-01-30 05:00:00,0.0
2022-01-30 06:00:00,0.0
2022-01-30 07:00:00,0.0
2022-01-30 08:00:00,25.476
2022-01-30 09:00:00,71.632
2022-01-30 10:00:00,103.616
2022-01-30 11:00:00,122.115
2022-01-30 12:00:00,129.599
2022-01-30 13:00:00,122.524
2022-01-30 14:00:00,103.239
2022-01-30 15:00:00,81.028
2022-01-30 16:00:00,56.924
2022-01-30 17:00:00,21.556
2022-01-30 18:00:00,0.0
2022-01-30 19:00:00,0.0
2022-01-30 20:00:00,0.0
2022-01-30 21:00:00,0.0
2022-01-30 22:00:00,0.0
2022-01-30 23:00:00,0.0
2022-01-31 00:00:00,0.0
2022-01-31 01:00:00,0.0
2022-01-31 02:00:00,0.0
2022-01-31 03:00:00,0.0
2022-01-31 04:00:00,0.0
2022-01-31 05:00:00,0.0
2022-01-31 06:00:00,0.0
2022-01-31 07:00:00,0.0
2022-01-31 08:00:00,18.419
2022-01-31 09:00:00,60.631
2022-01-31 10:00:00,93.427
2022-01-31 11:00:00,116.122
2022-01-31 12:00:00,130.441
2022-01-31 13:00:00,131.583
2022-01-31 14:00:00,123.631
2022-01-31 15:00:00,104.761
2022-01-31 16:00:00,72.856
2022-01-31 17:00:00,27.017
2022-01-31 18:00:00,0.0
2022-01-31 19:00:00,0.0
2022-01-31 20:00:00,0.0
2022-01-31 21:00:00,0.0
2022-01-31 22:00:00,0.0
2022-01-31 23:00:00,0.0
2022-02-01 00:00:00,0.0
2022-02-01 01:00:00,0.0
2022-02-01 02:00:00,0.0
2022-02-01 03:00:00,0.0
2022-02-01 04:00:00,0.0
2022-02-01 05:00:00,0.0
2022-02-01 06:00:00,0.0
2022-02-01 07:00:00,0.0
2022-02-01 08:00:00,13.394
2022-02-01 09:00:00,49.258
2022-02-01 10:00:00,83.021
2022-02-01 11:00:00,109.721
2022-02-01 12:00:00,126.845
2022-02-01 13:00:00,129.1
2022-02-01 14:00:00,115.177
2022-02-01 15:00:00,88.786
2022-02-01 16:00:00,52.706
2022-02-01 17:00:00,16.385
2022-02-01 18:00:00,0.0
2022-02-01 19:00:00,0.0
2022-02-01 20:00:00,0.0
2022-02-01 21:00:00,0.0
2022-02-01 22:00:00,0.0
2022-02-01 23:00:00,0.0
2022-02-02 00:00:00,0.0
2022-02-02 01:00:00,0.0
2022-02-02 02:00:00,0.0
2022-02-02 03:00:00,0.0
2022-02-02 04:00:00,0.0
2022-02-02 05:00:00,0.0
2022-02-02 06:00:00,0.0
2022-02-02 07:00:00,0.0
2022-02-02 08:00:00,14.934
2022-02-02 09:00:00,57.407
2022-02-02 10:00:00,95.596
2022-02-02 11:00:00,118.753
2022-02-02 12:00:00,127.697
2022-02-02 13:00:00,123.015
2022-02-02 14:00:00,106.343
2022-02-02 15:00:00,84.226
2022-02-02 16:00:00,54.152
2022-02-02 17:00:00,19.958
2022-02-02 18:00:00,0.0
2022-02-02 19:00:00,0.0
2022-02-02 20:00:00,0.0
2022-02-02 21:00:00,0.0
2022-02-02 22:00:00,0.0
2022-02-02 23:00:00,0.0
2022-02-03 00:00:00,0.0
2022-02-03 01:00:00,0.0
2022-02-03 02:00:00,0.0
2022-02-03 03:00:00,0.0
2022-02-03 04:00:00,0.0
2022-02-03 05:00:00,0.0
2022-02-03 06:00:00,0.0
2022-02-03 07:00:00,0.0
2022-02-03 08:00:00,25.081
2022-02-03 09:00:00,65.773
2022-02-03 10:00:00,100.317
2022-02-03 11:00:00,123.055
2022-02-03 12:00:00,133.203
2022-02-03 13:00:00,133.052
2022-02-03 14:00:00,123.565
2022-02-03 15:00:00,103.326
2022-02-03 16:00:00,71.034
2022-02-03 17:00:00,26.505
2022-02-03 18:00:00,0.0
2022-02-03 19:00:00,0.0
2022-02-03 20:00:00,0.0
2022-02-03 21:00:00,0.0
2022-02-03 22:00:00,0.0
2022-02-03 23:00:00,0.0
2022-02-04 00:00:00,0.0
2022-02-04 01:00:00,0.0
2022-02-04 02:00:00,0.0
2022-02-04 03:00:00,0.0
2022-02-04 04:00:00,0.0
2022-02-04 05:00:00,0.0
2022-02-04 06:00:00,0.0
2022-02-04 07:00:00,0.0
2022-02-04 08:00:00,25.634
2022-02-04 09:00:00,68.238
2022-02-04 10:00:00,101.411
2022-02-04 11:00:00,121.252
2022-02-04 12:00:00,129.159
2022-02-04 13:00:00,123.6
2022-02-04 14:00:00,105.206
2022-02-04 15:00:00,70.483
2022-02-04 16:00:00,44.231
2022-02-04 17:00:00,18.952
2022-02-04 18:00:00,0.0
2022-02-04 19:00:00,0.0
2022-02-04 20:00:00,0.0
2022-02-04 21:00:00,0.0
2022-02-04 22:00:00,0.0
2022-02-04 23:00:00,0.0
2022-02-05 00:00:00,0.0
2022-02-05 01:00:00,0.0
2022-02-05 02:00:00,0.0
2022-02-05 03:00:00,0.0
2022-02-05 04:00:00,0.0
2022-02-05 05:00:00,0.0
2022-02-05 06:00:00,0.0
2022-02-05 07:00:00,0.0
2022-02-05 08:00:00,1.587
2022-02-05 09:00:00,14.242
2022-02-05 10:00:00,24.836
2022-02-05 11:00:00,24.557
2022-02-05 12:00:00,30.138
2022-02-05 13:00:00,40.302
2022-02-05 14:00:00,46.927
2022-02-05 15:00:00,39.816
2022-02-05 16:00:00,23.855
2022-02-05 17:00:00,6.92
2022-02-05 18:00:00,0.0
2022-02-05 19:00:00,0.0
2022-02-05 20:00:00,0.0
2022-02-05 21:00:00,0.0
2022-02-05 22:00:00,0.0
2022-02-05 23:00:00,0.0
2022-02-06 00:00:00,0.0
2022-02-06 01:00:00,0.0
2022-02-06 02:00:00,0.0
2022-02-06 03:00:00,0.0
2022-02-06 04:00:00,0.0
2022-02-06 05:00:00,0.0
2022-02-06 06:00:00,0.0
2022-02-06 07:00:00,0.0
2022-02-06 08:00:00,4.083
2022-02-06 09:00:00,14.259
2022-02-06 10:00:00,25.529
2022-02-06 11:00:00,45.622
2022-02-06 12:00:00,61.33
2022-02-06 13:00:00,63.803
2022-02-06 14:00:00,58.15
2022-02-06 15:00:00,45.761
2022-02-06 16:00:00,32.27
2022-02-06 17:00:00,12.074
2022-02-06 18:00:00,0.0
2022-02-06 19:00:00,0.0
2022-02-06 20:00:00,0.0
2022-02-06 21:00:00,0.0
2022-02-06 22:00:00,0.0
2022-02-06 23:00:00,0.0
2022-02-07 00:00:00,0.0
2022-02-07 01:00:00,0.0
2022-02-07 02:00:00,0.0
2022-02-07 03:00:00,0.0
2022-02-07 04:00:00,0.0
2022-02-07 05:00:00,0.0
2022-02-07 06:00:00,0.0
2022-02-07 07:00:00,0.0
2022-02-07 08:00:00,12.571
2022-02-07 09:00:00,40.602
2022-02-07 10:00:00,68.251
2022-02-07 11:00:00,89.423
2022-02-07 12:00:00,108.524
2022-02-07 13:00:00,114.597
2022-02-07 14:00:00,112.516
2022-02-07 15:00:00,96.862
2022-02-07 16:00:00,65.695
2022-02-07 17:00:00,23.951
2022-02-07 18:00:00,0.0
2022-02-07 19:00:00,0.0
2022-02-07 20:00:00,0.0
2022-02-07 21:00:00,0.0
2022-02-07 22:00:00,0.0
2022-02-07 23:00:00,0.0
2022-02-08 00:00:00,0.0
2022-02-08 01:00:00,0.0
2022-02-08 02:00:00,0.0
2022-02-08 03:00:00,0.0
2022-02-08 04:00:00,0.0
2022-02-08 05:00:00,0.0
2022-02-08 06:00:00,0.0
2022-02-08 07:00:00,0.0
2022-02-08 08:00:00,10.861
2022-02-08 09:00:00,32.564
2022-02-08 10:00:00,54.843
2022-02-08 11:00:00,72.397
2022-02-08 12:00:00,86.424
2022-02-08 13:00:00,91.579
2022-02-08 14:00:00,84.256
2022-02-08 15:00:00,67.8
2022-02-08 16:00:00,43.261
2022-02-08 17:00:00,16.655
2022-02-08 18:00:00,0.0
2022-02-08 19:00:00,0.0
2022-02-08 20:00:00,0.0
2022-02-08 21:00:00,0.0
2022-02-08 22:00:00,0.0
2022-02-08 23:00:00,0.0
2022-02-09 00:00:00,0.0
2022-02-09 01:00:00,0.0
2022-02-09 02:00:00,0.0
2022-02-09 03:00:00,0.0
2022-02-09 04:00:00,0.0
2022-02-09 05:00:00,0.0
2022-02-09 06:00:00,0.0
2022-02-09 07:00:00,0.0
2022-02-09 08:00:00,36.635
2022-02-09 09:00:00,76.94
2022-02-09 10:00:00,107.744
2022-02-09 11:00:00,126.908
2022-02-09 12:00:00,135.0
2022-02-09 13:00:00,135.0
2022-02-09 14:00:00,126.171
2022-02-09 15:00:00,107.155
2022-02-09 16:00:00,76.993
2022-02-09 17:00:00,33.825
2022-02-09 18:00:00,0.142
2022-02-09 19:00:00,0.0
2022-02-09 20:00:00,0.0
2022-02-09 21:00:00,0.0
2022-02-09 22:00:00,0.0
2022-02-09 23:00:00,0.0
2022-02-10 00:00:00,0.0
2022-02-10 01:00:00,0.0
2022-02-10 02:00:00,0.0
2022-02-10 03:00:00,0.0
2022-02-10 04:00:00,0.0
2022-02-10 05:00:00,0.0
2022-02-10 06:00:00,0.0
2022-02-10 07:00:00,0.0
2022-02-10 08:00:00,4.511
2022-02-10 09:00:00,18.096
2022-02-10 10:00:00,36.823
2022-02-10 11:00:00,62.939
2022-02-10 12:00:00,85.692
2022-02-10 13:00:00,93.25
2022-02-10 14:00:00,80.848
2022-02-10 15:00:00,60.791
2022-02-10 16:00:00,37.364
2022-02-10 17:00:00,12.696
2022-02-10 18:00:00,0.0
2022-02-10 19:00:00,0.0
2022-02-10 20:00:00,0.0
2022-02-10 21:00:00,0.0
2022-02-10 22:00:00,0.0
2022-02-10 23:00:00,0.0
2022-02-11 00:00:00,0.0
2022-02-11 01:00:00,0.0
2022-02-11 02:00:00,0.0
2022-02-11 03:00:00,0.0
2022-02-11 04:00:00,0.0
2022-02-11 05:00:00,0.0
2022-02-11 06:00:00,0.0
2022-02-11 07:00:00,0.0
2022-02-11 08:00:00,25.34
2022-02-11 09:00:00,66.213
2022-02-11 10:00:00,98.396
2022-02-11 11:00:00,117.237
2022-02-11 12:00:00,127.216
2022-02-11 13:00:00,125.556
2022-02-11 14:00:00,111.325
2022-02-11 15:00:00,86.304
2022-02-11 16:00:00,51.07
2022-02-11 17:00:00,12.621
2022-02-11 18:00:00,0.0
2022-02-11 19:00:00,0.0
2022-02-11 20:00:00,0.0
2022-02-11 21:00:00,0.0
2022-02-11 22:00:00,0.0
2022-02-11 23:00:00,0.0
2022-02-12 00:00:00,0.0
2022-02-12 01:00:00,0.0
2022-02-12 02:00:00,0.0
2022-02-12 03:00:00,0.0
2022-02-12 04:00:00,0.0
2022-02-12 05:00:00,0.0
2022-02-12 06:00:00,0.0
2022-02-12 07:00:00,0.0
2022-02-12 08:00:00,17.432
2022-02-12 09:00:00,62.087
2022-02-12 10:00:00,94.714
2022-02-12 11:00:00,108.826
2022-02-12 12:00:00,101.277
2022-02-12 13:00:00,78.823
2022-02-12 14:00:00,67.591
2022-02-12 15:00:00,73.714
2022-02-12 16:00:00,63.648
2022-02-12 17:00:00,26.469
2022-02-12 18:00:00,0.266
2022-02-12 19:00:00,0.0
2022-02-12 20:00:00,0.0
2022-02-12 21:00:00,0.0
2022-02-12 22:00:00,0.0
2022-02-12 23:00:00,0.0
2022-02-13 00:00:00,0.0
2022-02-13 01:00:00,0.0
2022-02-13 02:00:00,0.0
2022-02-13 03:00:00,0.0
2022-02-13 04:00:00,0.0
2022-02-13 05:00:00,0.0
2022-02-13 06:00:00,0.0
2022-02-13 07:00:00,0.0
2022-02-13 08:00:00,27.408
2022-02-13 09:00:00,59.26
2022-02-13 10:00:00,92.276
2022-02-13 11:00:00,111.097
2022-02-13 12:00:00,116.673
2022-02-13 13:00:00,104.259
2022-02-13 14:00:00,87.708
2022-02-13 15:00:00,67.924
2022-02-13 16:00:00,41.098
2022-02-13 17:00:00,14.472
2022-02-13 18:00:00,0.063
2022-02-13 19:00:00,0.0
2022-02-13 20:00:00,0.0
2022-02-13 21:00:00,0.0
2022-02-13 22:00:00,0.0
2022-02-13 23:00:00,0.0
2022-02-14 00:00:00,0.0
2022-02-14 01:00:00,0.0
2022-02-14 02:00:00,0.0
2022-02-14 03:00:00,0.0
2022-02-14 04:00:00,0.0
2022-02-14 05:00:00,0.0
2022-02-14 06:00:00,0.0
2022-02-14 07:00:00,0.0
2022-02-14 08:00:00,21.17
2022-02-14 09:00:00,65.512
2022-02-14 10:00:00,99.79
2022-02-14 11:00:00,114.875
2022-02-14 12:00:00,109.302
2022-02-14 13:00:00,98.857
2022-02-14 14:00:00,85.919
2022-02-14 15:00:00,75.788
2022-02-14 16:00:00,52.599
2022-02-14 17:00:00,23.146
2022-02-14 18:00:00,0.27
2022-02-14 19:00:00,0.0
2022-02-14 20:00:00,0.0
2022-02-14 21:00:00,0.0
2022-02-14 22:00:00,0.0
2022-02-14 23:00:00,0.0
2022-02-15 00:00:00,0.0
2022-02-15 01:00:00,0.0
2022-02-15 02:00:00,0.0
2022-02-15 03:00:00,0.0
2022-02-15 04:00:00,0.0
2022-02-15 05:00:00,0.0
2022-02-15 06:00:00,0.0
2022-02-15 07:00:00,0.01
2022-02-15 08:00:00,38.253
2022-02-15 09:00:00,77.586
2022-02-15 10:00:00,106.163
2022-02-15 11:00:00,123.975
2022-02-15 12:00:00,132.391
2022-02-15 13:00:00,132.189
2022-02-15 14:00:00,123.354
2022-02-15 15:00:00,104.989
2022-02-15 16:00:00,75.83
2022-02-15 17:00:00,35.111
2022-02-15 18:00:00,1.036
2022-02-15 19:00:00,0.0
2022-02-15 20:00:00,0.0
2022-02-15 21:00:00,0.0
2022-02-15 22:00:00,0.0
2022-02-15 23:00:00,0.0
2022-02-16 00:00:00,0.0
2022-02-16 01:00:00,0.0
2022-02-16 02:00:00,0.0
2022-02-16 03:00:00,0.0
2022-02-16 04:00:00,0.0
2022-02-16 05:00:00,0.0
2022-02-16 06:00:00,0.0
2022-02-16 07:00:00,0.0
2022-02-16 08:00:00,13.489
2022-02-16 09:00:00,36.835
2022-02-16 10:00:00,55.041
2022-02-16 11:00:00,61.722
2022-02-16 12:00:00,53.036
2022-02-16 13:00:00,39.725
2022-02-16 14:00:00,26.023
2022-02-16 15:00:00,18.725
2022-02-16 16:00:00,12.81
2022-02-16 17:00:00,7.107
2022-02-16 18:00:00,0.029
2022-02-16 19:00:00,0.0
2022-02-16 20:00:00,0.0
2022-02-16 21:00:00,0.0
2022-02-16 22:00:00,0.0
2022-02-16 23:00:00,0.0
2022-02-17 00:00:00,0.0
2022-02-17 01:00:00,0.0
2022-02-17 02:00:00,0.0
2022-02-17 03:00:00,0.0
2022-02-17 04:00:00,0.0
2022-02-17 05:00:00,0.0
2022-02-17 06:00:00,0.0
2022-02-17 07:00:00,0.0
2022-02-17 08:00:00,23.05
2022-02-17 09:00:00,55.45
2022-02-17 10:00:00,73.282
2022-02-17 11:00:00,72.621
2022-02-17 12:00:00,71.902
2022-02-17 13:00:00,59.129
2022-02-17 14:00:00,34.921
2022-02-17 15:00:00,22.019
2022-02-17 16:00:00,16.573
2022-02-17 17:00:00,7.066
2022-02-17 18:00:00,0.002
2022-02-17 19:00:00,0.0
2022-02-17 20:00:00,0.0
2022-02-17 21:00:00,0.0
2022-02-17 22:00:00,0.0
2022-02-17 23:00:00,0.0
2022-02-18 00:00:00,0.0
2022-02-18 01:00:00,0.0
2022-02-18 02:00:00,0.0
2022-02-18 03:00:00,0.0
2022-02-18 04:00:00,0.0
2022-02-18 05:00:00,0.0
2022-02-18 06:00:00,0.0
2022-02-18 07:00:00,0.0
2022-02-18 08:00:00,4.542
2022-02-18 09:00:00,15.697
2022-02-18 10:00:00,30.033
2022-02-18 11:00:00,40.53
2022-02-18 12:00:00,50.299
2022-02-18 13:00:00,52.698
2022-02-18 14:00:00,44.429
2022-02-18 15:00:00,33.787
2022-02-18 16:00:00,19.447
2022-02-18 17:00:00,5.88
2022-02-18 18:00:00,0.0
2022-02-18 19:00:00,0.0
2022-02-18 20:00:00,0.0
2022-02-18 21:00:00,0.0
2022-02-18 22:00:00,0.0
2022-02-18 23:00:00,0.0
2022-02-19 00:00:00,0.0
2022-02-19 01:00:00,0.0
2022-02-19 02:00:00,0.0
2022-02-19 03:00:00,0.0
2022-02-19 04:00:00,0.0
2022-02-19 05:00:00,0.0
2022-02-19 06:00:00,0.0
2022-02-19 07:00:00,0.196
2022-02-19 08:00:00,40.808
2022-02-19 09:00:00,81.209
2022-02-19 10:00:00,107.384
2022-02-19 11:00:00,122.236
2022-02-19 12:00:00,135.0
2022-02-19 13:00:00,135.0
2022-02-19 14:00:00,130.294
2022-02-19 15:00:00,113.036
2022-02-19 16:00:00,83.126
2022-02-19 17:00:00,41.437
2022-02-19 18:00:00,2.525
2022-02-19 19:00:00,0.0
2022-02-19 20:00:00,0.0
2022-02-19 21:00:00,0.0
2022-02-19 22:00:00,0.0
2022-02-19 23:00:00,0.0
2022-02-20 00:00:00,0.0
2022-02-20 01:00:00,0.0
2022-02-20 02:00:00,0.0
2022-02-20 03:00:00,0.0
2022-02-20 04:00:00,0.0
2022-02-20 05:00:00,0.0
2022-02-20 06:00:00,0.0
2022-02-20 07:00:00,0.503
2022-02-20 08:00:00,43.861
2022-02-20 09:00:00,83.69
2022-02-20 10:00:00,112.872
2022-02-20 11:00:00,131.449
2022-02-20 12:00:00,135.0
2022-02-20 13:00:00,135.0
2022-02-20 14:00:00,130.006
2022-02-20 15:00:00,108.701
2022-02-20 16:00:00,74.418
2022-02-20 17:00:00,31.391
2022-02-20 18:00:00,1.44
2022-02-20 19:00:00,0.0
2022-02-20 20:00:00,0.0
2022-02-20 21:00:00,0.0
2022-02-20 22:00:00,0.0
2022-02-20 23:00:00,0.0
2022-02-21 00:00:00,0.0
2022-02-21 01:00:00,0.0
2022-02-21 02:00:00,0.0
2022-02-21 03:00:00,0.0
2022-02-21 04:00:00,0.0
2022-02-21 05:00:00,0.0
2022-02-21 06:00:00,0.0
2022-02-21 07:00:00,0.322
2022-02-21 08:00:00,32.758
2022-02-21 09:00:00,74.043
2022-02-21 10:00:00,103.022
2022-02-21 11:00:00,120.068
2022-02-21 12:00:00,125.408
2022-02-21 13:00:00,121.344
2022-02-21 14:00:00,106.863
2022-02-21 15:00:00,81.482
2022-02-21 16:00:00,49.644
2022-02-21 17:00:00,20.202
2022-02-21 18:00:00,1.013
2022-02-21 19:00:00,0.0
2022-02-21 20:00:00,0.0
2022-02-21 21:00:00,0.0
2022-02-21 22:00:00,0.0
2022-02-21 23:00:00,0.0
2022-02-22 00:00:00,0.0
2022-02-22 01:00:00,0.0
2022-02-22 02:00:00,0.0
2022-02-22 03:00:00,0.0
2022-02-22 04:00:00,0.0
2022-02-22 05:00:00,0.0
2022-02-22 06:00:00,0.0
2022-02-22 07:00:00,0.047
2022-02-22 08:00:00,13.35
2022-02-22 09:00:00,38.776
2022-02-22 10:00:00,70.689
2022-02-22 11:00:00,90.48
2022-02-22 12:00:00,104.561
2022-02-22 13:00:00,103.31
2022-02-22 14:00:00,89.316
2022-02-22 15:00:00,73.264
2022-02-22 16:00:00,52.361
2022-02-22 17:00:00,25.239
2022-02-22 18:00:00,1.483
2022-02-22 19:00:00,0.0
2022-02-22 20:00:00,0.0
2022-02-22 21:00:00,0.0
2022-02-22 22:00:00,0.0
2022-02-22 23:00:00,0.0
2022-02-23 00:00:00,0.0
2022-02-23 01:00:00,0.0
2022-02-23 02:00:00,0.0
2022-02-23 03:00:00,0.0
2022-02-23 04:00:00,0.0
2022-02-23 05:00:00,0.0
2022-02-23 06:00:00,0.0
2022-02-23 07:00:00,0.343
2022-02-23 08:00:00,31.631
2022-02-23 09:00:00,72.147
2022-02-23 10:00:00,104.198
2022-02-23 11:00:00,120.138
2022-02-23 12:00:00,121.795
2022-02-23 13:00:00,118.745
2022-02-23 14:00:00,112.112
2022-02-23 15:00:00,96.306
2022-02-23 16:00:00,70.027
2022-02-23 17:00:00,36.61
2022-02-23 18:00:00,3.02
2022-02-23 19:00:00,0.0
2022-02-23 20:00:00,0.0
2022-02-23 21:00:00,0.0
2022-02-23 22:00:00,0.0
2022-02-23 23:00:00,0.0
2022-02-24 00:00:00,0.0
2022-02-24 01:00:00,0.0
2022-02-24 02:00:00,0.0
2022-02-24 03:00:00,0.0
2022-02-24 04:00:00,0.0
2022-02-24 05:00:00,0.0
2022-02-24 06:00:00,0.0
2022-02-24 07:00:00,1.047
2022-02-24 08:00:00,43.798
2022-02-24 09:00:00,82.457
2022-02-24 10:00:00,110.198
2022-02-24 11:00:00,127.736
2022-02-24 12:00:00,135.0
2022-02-24 13:00:00,135.0
2022-02-24 14:00:00,127.404
2022-02-24 15:00:00,109.699
2022-02-24 16:00:00,81.923
2022-02-24 17:00:00,43.368
2022-02-24 18:00:00,4.625
2022-02-24 19:00:00,0.0
2022-02-24 20:00:00,0.0
2022-02-24 21:00:00,0.0
2022-02-24 22:00:00,0.0
2022-02-24 23:00:00,0.0
2022-02-25 00:00:00,0.0
2022-02-25 01:00:00,0.0
2022-02-25 02:00:00,0.0
2022-02-25 03:00:00,0.0
2022-02-25 04:00:00,0.0
2022-02-25 05:00:00,0.0
2022-02-25 06:00:00,0.0
2022-02-25 07:00:00,0.807
2022-02-25 08:00:00,33.036
2022-02-25 09:00:00,68.836
2022-02-25 10:00:00,96.997
2022-02-25 11:00:00,113.728
2022-02-25 12:00:00,117.898
2022-02-25 13:00:00,110.791
2022-02-25 14:00:00,96.562
2022-02-25 15:00:00,76.237
2022-02-25 16:00:00,60.134
2022-02-25 17:00:00,35.505
2022-02-25 18:00:00,3.194
2022-02-25 19:00:00,0.0
2022-02-25 20:00:00,0.0
2022-02-25 21:00:00,0.0
2022-02-25 22:00:00,0.0
2022-02-25 23:00:00,0.0
2022-02-26 00:00:00,0.0
2022-02-26 01:00:00,0.0
2022-02-26 02:00:00,0.0
2022-02-26 03:00:00,0.0
2022-02-26 04:00:00,0.0
2022-02-26 05:00:00,0.0
2022-02-26 06:00:00,0.0
2022-02-26 07:00:00,1.311
2022-02-26 08:00:00,43.243
2022-02-26 09:00:00,81.483
2022-02-26 10:00:00,109.009
2022-02-26 11:00:00,126.141
2022-02-26 12:00:00,134.34
2022-02-26 13:00:00,133.953
2022-02-26 14:00:00,125.009
2022-02-26 15:00:00,107.232
2022-02-26 16:00:00,79.761
2022-02-26 17:00:00,42.25
2022-02-26 18:00:00,5.059
2022-02-26 19:00:00,0.0
2022-02-26 20:00:00,0.0
2022-02-26 21:00:00,0.0
2022-02-26 22:00:00,0.0
2022-02-26 23:00:00,0.0
2022-02-27 00:00:00,0.0
2022-02-27 01:00:00,0.0
2022-02-27 02:00:00,0.0
2022-02-27 03:00:00,0.0
2022-02-27 04:00:00,0.0
2022-02-27 05:00:00,0.0
2022-02-27 06:00:00,0.0
2022-02-27 07:00:00,0.198
2022-02-27 08:00:00,10.738
2022-02-27 09:00:00,25.526
2022-02-27 10:00:00,37.516
2022-02-27 11:00:00,43.957
2022-02-27 12:00:00,43.942
2022-02-27 13:00:00,43.334
2022-02-27 14:00:00,56.751
2022-02-27 15:00:00,75.247
2022-02-27 16:00:00,62.04
2022-02-27 17:00:00,27.765
2022-02-27 18:00:00,1.988
2022-02-27 19:00:00,0.0
2022-02-27 20:00:00,0.0
2022-02-27 21:00:00,0.0
2022-02-27 22:00:00,0.0
2022-02-27 23:00:00,0.0
2022-02-28 00:00:00,0.0
2022-02-28 01:00:00,0.0
2022-02-28 02:00:00,0.0
2022-02-28 03:00:00,0.0
2022-02-28 04:00:00,0.0
2022-02-28 05:00:00,0.0
2022-02-28 06:00:00,0.0
2022-02-28 07:00:00,0.444
2022-02-28 08:00:00,9.509
2022-02-28 09:00:00,35.345
2022-02-28 10:00:00,63.074
2022-02-28 11:00:00,81.286
2022-02-28 12:00:00,85.523
2022-02-28 13:00:00,75.078
2022-02-28 14:00:00,62.654
2022-02-28 15:00:00,48.309
2022-02-28 16:00:00,34.082
2022-02-28 17:00:00,16.389
2022-02-28 18:00:00,1.59
2022-02-28 19:00:00,0.0
2022-02-28 20:00:00,0.0
2022-02-28 21:00:00,0.0
2022-02-28 22:00:00,0.0
2022-02-28 23:00:00,0.0
2022-03-01 00:00:00,0.0
2022-03-01 01:00:00,0.0
2022-03-01 02:00:00,0.0
2022-03-01 03:00:00,0.0
2022-03-01 04:00:00,0.0
2022-03-01 05:00:00,0.0
2022-03-01 06:00:00,0.0
2022-03-01 07:00:00,1.152
2022-03-01 08:00:00,32.436
2022-03-01 09:00:00,70.406
2022-03-01 10:00:00,101.815
2022-03-01 11:00:00,121.8
2022-03-01 12:00:00,129.521
2022-03-01 13:00:00,127.038
2022-03-01 14:00:00,119.991
2022-03-01 15:00:00,100.256
2022-03-01 16:00:00,67.108
2022-03-01 17:00:00,29.568
2022-03-01 18:00:00,2.627
2022-03-01 19:00:00,0.0
2022-03-01 20:00:00,0.0
2022-03-01 21:00:00,0.0
2022-03-01 22:00:00,0.0
2022-03-01 23:00:00,0.0
2022-03-02 00:00:00,0.0
2022-03-02 01:00:00,0.0
2022-03-02 02:00:00,0.0
2022-03-02 03:00:00,0.0
2022-03-02 04:00:00,0.0
2022-03-02 05:00:00,0.0
2022-03-02 06:00:00,0.0
2022-03-02 07:00:00,1.602
2022-03-02 08:00:00,38.511
2022-03-02 09:00:00,77.156
2022-03-02 10:00:00,105.83
2022-03-02 11:00:00,124.58
2022-03-02 12:00:00,133.429
2022-03-02 13:00:00,133.493
2022-03-02 14:00:00,124.846
2022-03-02 15:00:00,107.211
2022-03-02 16:00:00,79.795
2022-03-02 17:00:00,42.438
2022-03-02 18:00:00,6.102
2022-03-02 19:00:00,0.0
2022-03-02 20:00:00,0.0
2022-03-02 21:00:00,0.0
2022-03-02 22:00:00,0.0
2022-03-02 23:00:00,0.0
2022-03-03 00:00:00,0.0
2022-03-03 01:00:00,0.0
2022-03-03 02:00:00,0.0
2022-03-03 03:00:00,0.0
2022-03-03 04:00:00,0.0
2022-03-03 05:00:00,0.0
2022-03-03 06:00:00,0.0
2022-03-03 07:00:00,0.671
2022-03-03 08:00:00,26.279
2022-03-03 09:00:00,69.884
2022-03-03 10:00:00,98.225
2022-03-03 11:00:00,109.811
2022-03-03 12:00:00,101.477
2022-03-03 13:00:00,92.418
2022-03-03 14:00:00,73.931
2022-03-03 15:00:00,58.041
2022-03-03 16:00:00,39.109
2022-03-03 17:00:00,15.772
2022-03-03 18:00:00,1.162
2022-03-03 19:00:00,0.0
2022-03-03 20:00:00,0.0
2022-03-03 21:00:00,0.0
2022-03-03 22:00:00,0.0
2022-03-03 23:00:00,0.0
2022-03-04 00:00:00,0.0
2022-03-04 01:00:00,0.0
2022-03-04 02:00:00,0.0
2022-03-04 03:00:00,0.0
2022-03-04 04:00:00,0.0
2022-03-04 05:00:00,0.0
2022-03-04 06:00:00,0.0
2022-03-04 07:00:00,1.772
2022-03-04 08:00:00,36.676
2022-03-04 09:00:00,74.645
2022-03-04 10:00:00,103.187
2022-03-04 11:00:00,119.711
2022-03-04 12:00:00,126.746
2022-03-04 13:00:00,126.953
2022-03-04 14:00:00,119.627
2022-03-04 15:00:00,101.299
2022-03-04 16:00:00,76.753
2022-03-04 17:00:00,40.296
2022-03-04 18:00:00,4.851
2022-03-04 19:00:00,0.0
2022-03-04 20:00:00,0.0
2022-03-04 21:00:00,0.0
2022-03-04 22:00:00,0.0
2022-03-04 23:00:00,0.0
2022-03-05 00:00:00,0.0
2022-03-05 01:00:00,0.0
2022-03-05 02:00:00,0.0
2022-03-05 03:00:00,0.0
2022-03-05 04:00:00,0.0
2022-03-05 05:00:00,0.0
2022-03-05 06:00:00,0.0
2022-03-05 07:00:00,1.405
2022-03-05 08:00:00,24.367
2022-03-05 09:00:00,52.686
2022-03-05 10:00:00,68.691
2022-03-05 11:00:00,80.898
2022-03-05 12:00:00,91.056
2022-03-05 13:00:00,95.489
2022-03-05 14:00:00,93.567
2022-03-05 15:00:00,85.542
2022-03-05 16:00:00,70.036
2022-03-05 17:00:00,38.956
2022-03-05 18:00:00,4.658
2022-03-05 19:00:00,0.0
2022-03-05 20:00:00,0.0
2022-03-05 21:00:00,0.0
2022-03-05 22:00:00,0.0
2022-03-05 23:00:00,0.0
2022-03-06 00:00:00,0.0
2022-03-06 01:00:00,0.0
2022-03-06 02:00:00,0.0
2022-03-06 03:00:00,0.0
2022-03-06 04:00:00,0.0
2022-03-06 05:00:00,0.0
2022-03-06 06:00:00,0.0
2022-03-06 07:00:00,1.004
2022-03-06 08:00:00,21.721
2022-03-06 09:00:00,35.019
2022-03-06 10:00:00,44.931
2022-03-06 11:00:00,75.171
2022-03-06 12:00:00,92.063
2022-03-06 13:00:00,112.726
2022-03-06 14:00:00,114.328
2022-03-06 15:00:00,100.141
2022-03-06 16:00:00,75.093
2022-03-06 17:00:00,37.849
2022-03-06 18:00:00,4.559
2022-03-06 19:00:00,0.0
2022-03-06 20:00:00,0.0
2022-03-06 21:00:00,0.0
2022-03-06 22:00:00,0.0
2022-03-06 23:00:00,0.0
2022-03-07 00:00:00,0.0
2022-03-07 01:00:00,0.0
2022-03-07 02:00:00,0.0
2022-03-07 03:00:00,0.0
2022-03-07 04:00:00,0.0
2022-03-07 05:00:00,0.0
2022-03-07 06:00:00,0.0
2022-03-07 07:00:00,3.315
2022-03-07 08:00:00,44.074
2022-03-07 09:00:00,81.489
2022-03-07 10:00:00,107.526
2022-03-07 11:00:00,122.365
2022-03-07 12:00:00,129.067
2022-03-07 13:00:00,128.281
2022-03-07 14:00:00,119.931
2022-03-07 15:00:00,103.553
2022-03-07 16:00:00,78.544
2022-03-07 17:00:00,44.44
2022-03-07 18:00:00,7.292
2022-03-07 19:00:00,0.0
2022-03-07 20:00:00,0.0
2022-03-07 21:00:00,0.0
2022-03-07 22:00:00,0.0
2022-03-07 23:00:00,0.0
2022-03-08 00:00:00,0.0
2022-03-08 01:00:00,0.0
2022-03-08 02:00:00,0.0
2022-03-08 03:00:00,0.0
2022-03-08 04:00:00,0.0
2022-03-08 05:00:00,0.0
2022-03-08 06:00:00,0.0
2022-03-08 07:00:00,3.501
2022-03-08 08:00:00,37.645
2022-03-08 09:00:00,69.544
2022-03-08 10:00:00,100.126
2022-03-08 11:00:00,119.521
2022-03-08 12:00:00,126.892
2022-03-08 13:00:00,126.321
2022-03-08 14:00:00,118.564
2022-03-08 15:00:00,101.958
2022-03-08 16:00:00,74.459
2022-03-08 17:00:00,38.652
2022-03-08 18:00:00,6.545
2022-03-08 19:00:00,0.0
2022-03-08 20:00:00,0.0
2022-03-08 21:00:00,0.0
2022-03-08 22:00:00,0.0
2022-03-08 23:00:00,0.0
2022-03-09 00:00:00,0.0
2022-03-09 01:00:00,0.0
2022-03-09 02:00:00,0.0
2022-03-09 03:00:00,0.0
2022-03-09 04:00:00,0.0
2022-03-09 05:00:00,0.0
2022-03-09 06:00:00,0.0
2022-03-09 07:00:00,0.616
2022-03-09 08:00:00,7.438
2022-03-09 09:00:00,19.731
2022-03-09 10:00:00,46.967
2022-03-09 11:00:00,83.897
2022-03-09 12:00:00,99.992
2022-03-09 13:00:00,111.185
2022-03-09 14:00:00,101.311
2022-03-09 15:00:00,79.187
2022-03-09 16:00:00,49.427
2022-03-09 17:00:00,21.782
2022-03-09 18:00:00,2.664
2022-03-09 19:00:00,0.0
2022-03-09 20:00:00,0.0
2022-03-09 21:00:00,0.0
2022-03-09 22:00:00,0.0
2022-03-09 23:00:00,0.0
2022-03-10 00:00:00,0.0
2022-03-10 01:00:00,0.0
2022-03-10 02:00:00,0.0
2022-03-10 03:00:00,0.0
2022-03-10 04:00:00,0.0
2022-03-10 05:00:00,0.0
2022-03-10 06:00:00,0.0
2022-03-10 07:00:00,2.732
2022-03-10 08:00:00,35.037
2022-03-10 09:00:00,70.38
2022-03-10 10:00:00,97.091
2022-03-10 11:00:00,114.598
2022-03-10 12:00:00,122.722
2022-03-10 13:00:00,122.811
2022-03-10 14:00:00,115.353
2022-03-10 15:00:00,99.117
2022-03-10 16:00:00,73.744
2022-03-10 17:00:00,39.844
2022-03-10 18:00:00,6.195
2022-03-10 19:00:00,0.0
2022-03-10 20:00:00,0.0
2022-03-10 21:00:00,0.0
2022-03-10 22:00:00,0.0
2022-03-10 23:00:00,0.0
2022-03-11 00:00:00,0.0
2022-03-11 01:00:00,0.0
2022-03-11 02:00:00,0.0
2022-03-11 03:00:00,0.0
2022-03-11 04:00:00,0.0
2022-03-11 05:00:00,0.0
2022-03-11 06:00:00,0.0
2022-03-11 07:00:00,2.473
2022-03-11 08:00:00,26.8
2022-03-11 09:00:00,63.205
2022-03-11 10:00:00,97.772
2022-03-11 11:00:00,115.672
2022-03-11 12:00:00,124.714
2022-03-11 13:00:00,124.375
2022-03-11 14:00:00,114.785
2022-03-11 15:00:00,91.12
2022-03-11 16:00:00,58.608
2022-03-11 17:00:00,25.531
2022-03-11 18:00:00,3.047
2022-03-11 19:00:00,0.0
2022-03-11 20:00:00,0.0
2022-03-11 21:00:00,0.0
2022-03-11 22:00:00,0.0
2022-03-11 23:00:00,0.0
2022-03-12 00:00:00,0.0
2022-03-12 01:00:00,0.0
2022-03-12 02:00:00,0.0
2022-03-12 03:00:00,0.0
2022-03-12 04:00:00,0.0
2022-03-12 05:00:00,0.0
2022-03-12 06:00:00,0.0
2022-03-12 07:00:00,3.295
2022-03-12 08:00:00,35.815
2022-03-12 09:00:00,71.502
2022-03-12 10:00:00,98.34
2022-03-12 11:00:00,115.758
2022-03-12 12:00:00,123.663
2022-03-12 13:00:00,123.493
2022-03-12 14:00:00,116.081
2022-03-12 15:00:00,99.979
2022-03-12 16:00:00,57.974
2022-03-12 17:00:00,36.265
2022-03-12 18:00:00,6.783
2022-03-12 19:00:00,0.0
2022-03-12 20:00:00,0.0
2022-03-12 21:00:00,0.0
2022-03-12 22:00:00,0.0
2022-03-12 23:00:00,0.0
2022-03-13 00:00:00,0.0
2022-03-13 01:00:00,0.0
2022-03-13 02:00:00,0.0
2022-03-13 03:00:00,0.0
2022-03-13 04:00:00,0.0
2022-03-13 05:00:00,0.0
2022-03-13 06:00:00,0.0
2022-03-13 07:00:00,4.157
2022-03-13 08:00:00,39.69
2022-03-13 09:00:00,75.0
2022-03-13 10:00:00,100.622
2022-03-13 11:00:00,116.671
2022-03-13 12:00:00,123.936
2022-03-13 13:00:00,123.512
2022-03-13 14:00:00,115.326
2022-03-13 15:00:00,98.08
2022-03-13 16:00:00,71.015
2022-03-13 17:00:00,33.831
2022-03-13 18:00:00,3.514
2022-03-13 19:00:00,0.0
2022-03-13 20:00:00,0.0
2022-03-13 21:00:00,0.0
2022-03-13 22:00:00,0.0
2022-03-13 23:00:00,0.0
2022-03-14 00:00:00,0.0
2022-03-14 01:00:00,0.0
2022-03-14 02:00:00,0.0
2022-03-14 03:00:00,0.0
2022-03-14 04:00:00,0.0
2022-03-14 05:00:00,0.0
2022-03-14 06:00:00,0.0
2022-03-14 07:00:00,3.846
2022-03-14 08:00:00,37.193
2022-03-14 09:00:00,73.222
2022-03-14 10:00:00,98.967
2022-03-14 11:00:00,115.066
2022-03-14 12:00:00,118.381
2022-03-14 13:00:00,121.967
2022-03-14 14:00:00,112.116
2022-03-14 15:00:00,69.813
2022-03-14 16:00:00,20.928
2022-03-14 17:00:00,26.149
2022-03-14 18:00:00,7.093
2022-03-14 19:00:00,0.0
2022-03-14 20:00:00,0.0
2022-03-14 21:00:00,0.0
2022-03-14 22:00:00,0.0
2022-03-14 23:00:00,0.0
2022-03-15 00:00:00,0.0
2022-03-15 01:00:00,0.0
2022-03-15 02:00:00,0.0
2022-03-15 03:00:00,0.0
2022-03-15 04:00:00,0.0
2022-03-15 05:00:00,0.0
2022-03-15 06:00:00,0.0
2022-03-15 07:00:00,3.185
2022-03-15 08:00:00,33.641
2022-03-15 09:00:00,69.26
2022-03-15 10:00:00,97.049
2022-03-15 11:00:00,113.206
2022-03-15 12:00:00,118.385
2022-03-15 13:00:00,118.603
2022-03-15 14:00:00,114.368
2022-03-15 15:00:00,97.774
2022-03-15 16:00:00,66.797
2022-03-15 17:00:00,31.956
2022-03-15 18:00:00,5.677
2022-03-15 19:00:00,0.0
2022-03-15 20:00:00,0.0
2022-03-15 21:00:00,0.0
2022-03-15 22:00:00,0.0
2022-03-15 23:00:00,0.0
2022-03-16 00:00:00,0.0
2022-03-16 01:00:00,0.0
2022-03-16 02:00:00,0.0
2022-03-16 03:00:00,0.0
2022-03-16 04:00:00,0.0
2022-03-16 05:00:00,0.0
2022-03-16 06:00:00,0.0
2022-03-16 07:00:00,1.22
2022-03-16 08:00:00,19.422
2022-03-16 09:00:00,51.413
2022-03-16 10:00:00,74.299
2022-03-16 11:00:00,87.579
2022-03-16 12:00:00,95.613
2022-03-16 13:00:00,105.316
2022-03-16 14:00:00,104.68
2022-03-16 15:00:00,93.937
2022-03-16 16:00:00,73.361
2022-03-16 17:00:00,41.786
2022-03-16 18:00:00,8.499
2022-03-16 19:00:00,0.0
2022-03-16 20:00:00,0.0
2022-03-16 21:00:00,0.0
2022-03-16 22:00:00,0.0
2022-03-16 23:00:00,0.0
2022-03-17 00:00:00,0.0
2022-03-17 01:00:00,0.0
2022-03-17 02:00:00,0.0
2022-03-17 03:00:00,0.0
2022-03-17 04:00:00,0.0
2022-03-17 05:00:00,0.0
2022-03-17 06:00:00,0.0
2022-03-17 07:00:00,4.151
2022-03-17 08:00:00,23.595
2022-03-17 09:00:00,74.164
2022-03-17 10:00:00,101.027
2022-03-17 11:00:00,117.662
2022-03-17 12:00:00,121.824
2022-03-17 13:00:00,106.838
2022-03-17 14:00:00,107.588
2022-03-17 15:00:00,83.368
2022-03-17 16:00:00,35.847
2022-03-17 17:00:00,8.228
2022-03-17 18:00:00,0.917
2022-03-17 19:00:00,0.0
2022-03-17 20:00:00,0.0
2022-03-17 21:00:00,0.0
2022-03-17 22:00:00,0.0
2022-03-17 23:00:00,0.0
2022-03-18 00:00:00,0.0
2022-03-18 01:00:00,0.0
2022-03-18 02:00:00,0.0
2022-03-18 03:00:00,0.0
2022-03-18 04:00:00,0.0
2022-03-18 05:00:00,0.0
2022-03-18 06:00:00,0.0
2022-03-18 07:00:00,4.704
2022-03-18 08:00:00,22.833
2022-03-18 09:00:00,63.743
2022-03-18 10:00:00,96.622
2022-03-18 11:00:00,115.977
2022-03-18 12:00:00,123.421
2022-03-18 13:00:00,121.667
2022-03-18 14:00:00,114.306
2022-03-18 15:00:00,98.594
2022-03-18 16:00:00,72.523
2022-03-18 17:00:00,40.043
2022-03-18 18:00:00,8.505
2022-03-18 19:00:00,0.0
2022-03-18 20:00:00,0.0
2022-03-18 21:00:00,0.0
2022-03-18 22:00:00,0.0
2022-03-18 23:00:00,0.0
2022-03-19 00:00:00,0.0
2022-03-19 01:00:00,0.0
2022-03-19 02:00:00,0.0
2022-03-19 03:00:00,0.0
2022-03-19 04:00:00,0.0
2022-03-19 05:00:00,0.0
2022-03-19 06:00:00,0.0
2022-03-19 07:00:00,3.778
2022-03-19 08:00:00,31.218
2022-03-19 09:00:00,67.928
2022-03-19 10:00:00,98.663
2022-03-19 11:00:00,116.999
2022-03-19 12:00:00,125.543
2022-03-19 13:00:00,125.065
2022-03-19 14:00:00,117.099
2022-03-19 15:00:00,100.032
2022-03-19 16:00:00,74.103
2022-03-19 17:00:00,38.222
2022-03-19 18:00:00,6.819
2022-03-19 19:00:00,0.0
2022-03-19 20:00:00,0.0
2022-03-19 21:00:00,0.0
2022-03-19 22:00:00,0.0
2022-03-19 23:00:00,0.0
2022-03-20 00:00:00,0.0
2022-03-20 01:00:00,0.0
2022-03-20 02:00:00,0.0
2022-03-20 03:00:00,0.0
2022-03-20 04:00:00,0.0
2022-03-20 05:00:00,0.0
2022-03-20 06:00:00,0.0
2022-03-20 07:00:00,2.942
2022-03-20 08:00:00,15.82
2022-03-20 09:00:00,37.987
2022-03-20 10:00:00,78.489
2022-03-20 11:00:00,106.641
2022-03-20 12:00:00,114.714
2022-03-20 13:00:00,112.556
2022-03-20 14:00:00,96.968
2022-03-20 15:00:00,73.753
2022-03-20 16:00:00,49.238
2022-03-20 17:00:00,25.589
2022-03-20 18:00:00,5.716
2022-03-20 19:00:00,0.0
2022-03-20 20:00:00,0.0
2022-03-20 21:00:00,0.0
2022-03-20 22:00:00,0.0
2022-03-20 23:00:00,0.0
2022-03-21 00:00:00,0.0
2022-03-21 01:00:00,0.0
2022-03-21 02:00:00,0.0
2022-03-21 03:00:00,0.0
2022-03-21 04:00:00,0.0
2022-03-21 05:00:00,0.0
2022-03-21 06:00:00,0.0
2022-03-21 07:00:00,1.309
2022-03-21 08:00:00,8.998
2022-03-21 09:00:00,20.18
2022-03-21 10:00:00,36.037
2022-03-21 11:00:00,68.723
2022-03-21 12:00:00,106.123
2022-03-21 13:00:00,109.89
2022-03-21 14:00:00,101.74
2022-03-21 15:00:00,82.23
2022-03-21 16:00:00,58.192
2022-03-21 17:00:00,30.603
2022-03-21 18:00:00,7.097
2022-03-21 19:00:00,0.0
2022-03-21 20:00:00,0.0
2022-03-21 21:00:00,0.0
2022-03-21 22:00:00,0.0
2022-03-21 23:00:00,0.0
2022-03-22 00:00:00,0.0
2022-03-22 01:00:00,0.0
2022-03-22 02:00:00,0.0
2022-03-22 03:00:00,0.0
2022-03-22 04:00:00,0.0
2022-03-22 05:00:00,0.0
2022-03-22 06:00:00,0.0
2022-03-22 07:00:00,1.711
2022-03-22 08:00:00,15.578
2022-03-22 09:00:00,43.234
2022-03-22 10:00:00,78.711
2022-03-22 11:00:00,101.983
2022-03-22 12:00:00,102.508
2022-03-22 13:00:00,101.468
2022-03-22 14:00:00,91.121
2022-03-22 15:00:00,83.909
2022-03-22 16:00:00,68.403
2022-03-22 17:00:00,36.955
2022-03-22 18:00:00,7.578
2022-03-22 19:00:00,0.0
2022-03-22 20:00:00,0.0
2022-03-22 21:00:00,0.0
2022-03-22 22:00:00,0.0
2022-03-22 23:00:00,0.0
2022-03-23 00:00:00,0.0
2022-03-23 01:00:00,0.0
2022-03-23 02:00:00,0.0
2022-03-23 03:00:00,0.0
2022-03-23 04:00:00,0.0
2022-03-23 05:00:00,0.0
2022-03-23 06:00:00,0.0
2022-03-23 07:00:00,4.942
2022-03-23 08:00:00,32.427
2022-03-23 09:00:00,65.568
2022-03-23 10:00:00,93.152
2022-03-23 11:00:00,114.567
2022-03-23 12:00:00,121.854
2022-03-23 13:00:00,120.946
2022-03-23 14:00:00,114.639
2022-03-23 15:00:00,97.203
2022-03-23 16:00:00,71.615
2022-03-23 17:00:00,39.05
2022-03-23 18:00:00,9.129
2022-03-23 19:00:00,0.0
2022-03-23 20:00:00,0.0
2022-03-23 21:00:00,0.0
2022-03-23 22:00:00,0.0
2022-03-23 23:00:00,0.0
2022-03-24 00:00:00,0.0
2022-03-24 01:00:00,0.0
2022-03-24 02:00:00,0.0
2022-03-24 03:00:00,0.0
2022-03-24 04:00:00,0.0
2022-03-24 05:00:00,0.0
2022-03-24 06:00:00,0.0
2022-03-24 07:00:00,4.573
2022-03-24 08:00:00,31.193
2022-03-24 09:00:00,68.381
2022-03-24 10:00:00,91.129
2022-03-24 11:00:00,78.262
2022-03-24 12:00:00,82.42
2022-03-24 13:00:00,90.722
2022-03-24 14:00:00,92.011
2022-03-24 15:00:00,68.033
2022-03-24 16:00:00,46.49
2022-03-24 17:00:00,21.222
2022-03-24 18:00:00,2.987
2022-03-24 19:00:00,0.0
2022-03-24 20:00:00,0.0
2022-03-24 21:00:00,0.0
2022-03-24 22:00:00,0.0
2022-03-24 23:00:00,0.0
2022-03-25 00:00:00,0.0
2022-03-25 01:00:00,0.0
2022-03-25 02:00:00,0.0
2022-03-25 03:00:00,0.0
2022-03-25 04:00:00,0.0
2022-03-25 05:00:00,0.0
2022-03-25 06:00:00,0.0
2022-03-25 07:00:00,2.532
2022-03-25 08:00:00,14.913
2022-03-25 09:00:00,35.887
2022-03-25 10:00:00,60.652
2022-03-25 11:00:00,76.993
2022-03-25 12:00:00,77.338
2022-03-25 13:00:00,82.692
2022-03-25 14:00:00,89.595
2022-03-25 15:00:00,75.995
2022-03-25 16:00:00,56.506
2022-03-25 17:00:00,31.478
2022-03-25 18:00:00,7.254
2022-03-25 19:00:00,0.0
2022-03-25 20:00:00,0.0
2022-03-25 21:00:00,0.0
2022-03-25 22:00:00,0.0
2022-03-25 23:00:00,0.0
2022-03-26 00:00:00,0.0
2022-03-26 01:00:00,0.0
2022-03-26 02:00:00,0.0
2022-03-26 03:00:00,0.0
2022-03-26 04:00:00,0.0
2022-03-26 05:00:00,0.0
2022-03-26 06:00:00,0.0
2022-03-26 07:00:00,4.07
2022-03-26 08:00:00,25.197
2022-03-26 09:00:00,62.145
2022-03-26 10:00:00,93.928
2022-03-26 11:00:00,113.827
2022-03-26 12:00:00,122.078
2022-03-26 13:00:00,122.643
2022-03-26 14:00:00,112.496
2022-03-26 15:00:00,93.926
2022-03-26 16:00:00,66.677
2022-03-26 17:00:00,34.862
2022-03-26 18:00:00,6.841
2022-03-26 19:00:00,0.0
2022-03-26 20:00:00,0.0
2022-03-26 21:00:00,0.0
2022-03-26 22:00:00,0.0
2022-03-26 23:00:00,0.0
2022-03-27 00:00:00,0.0
2022-03-27 01:00:00,0.0
2022-03-27 02:00:00,0.0
2022-03-27 03:00:00,0.0
2022-03-27 04:00:00,0.0
2022-03-27 05:00:00,0.0
2022-03-27 06:00:00,0.0
2022-03-27 07:00:00,3.568
2022-03-27 08:00:00,32.773
2022-03-27 09:00:00,72.791
2022-03-27 10:00:00,98.924
2022-03-27 11:00:00,119.264
2022-03-27 12:00:00,130.158
2022-03-27 13:00:00,131.373
2022-03-27 14:00:00,123.419
2022-03-27 15:00:00,107.507
2022-03-27 16:00:00,82.229
2022-03-27 17:00:00,48.573
2022-03-27 18:00:00,13.206
2022-03-27 19:00:00,0.0
2022-03-27 20:00:00,0.0
2022-03-27 21:00:00,0.0
2022-03-27 22:00:00,0.0
2022-03-27 23:00:00,0.0
2022-03-28 00:00:00,0.0
2022-03-28 01:00:00,0.0
2022-03-28 02:00:00,0.0
2022-03-28 03:00:00,0.0
2022-03-28 04:00:00,0.0
2022-03-28 05:00:00,0.0
2022-03-28 06:00:00,0.0
2022-03-28 07:00:00,7.315
2022-03-28 08:00:00,35.37
2022-03-28 09:00:00,69.04
2022-03-28 10:00:00,96.714
2022-03-28 11:00:00,113.314
2022-03-28 12:00:00,121.601
2022-03-28 13:00:00,121.246
2022-03-28 14:00:00,115.401
2022-03-28 15:00:00,100.574
2022-03-28 16:00:00,75.661
2022-03-28 17:00:00,40.13
2022-03-28 18:00:00,9.544
2022-03-28 19:00:00,0.0
2022-03-28 20:00:00,0.0
2022-03-28 21:00:00,0.0
2022-03-28 22:00:00,0.0
2022-03-28 23:00:00,0.0
2022-03-29 00:00:00,0.0
2022-03-29 01:00:00,0.0
2022-03-29 02:00:00,0.0
2022-03-29 03:00:00,0.0
2022-03-29 04:00:00,0.0
2022-03-29 05:00:00,0.0
2022-03-29 06:00:00,0.0
2022-03-29 07:00:00,3.442
2022-03-29 08:00:00,20.479
2022-03-29 09:00:00,55.691
2022-03-29 10:00:00,87.394
2022-03-29 11:00:00,103.803
2022-03-29 12:00:00,107.519
2022-03-29 13:00:00,93.721
2022-03-29 14:00:00,78.162
2022-03-29 15:00:00,66.348
2022-03-29 16:00:00,47.864
2022-03-29 17:00:00,31.488
2022-03-29 18:00:00,10.009
2022-03-29 19:00:00,0.0
2022-03-29 20:00:00,0.0
2022-03-29 21:00:00,0.0
2022-03-29 22:00:00,0.0
2022-03-29 23:00:00,0.0
2022-03-30 00:00:00,0.0
2022-03-30 01:00:00,0.0
2022-03-30 02:00:00,0.0
2022-03-30 03:00:00,0.0
2022-03-30 04:00:00,0.0
2022-03-30 05:00:00,0.0
2022-03-30 06:00:00,0.0
2022-03-30 07:00:00,6.647
2022-03-30 08:00:00,35.983
2022-03-30 09:00:00,65.592
2022-03-30 10:00:00,75.358
2022-03-30 11:00:00,93.956
2022-03-30 12:00:00,99.574
2022-03-30 13:00:00,91.763
2022-03-30 14:00:00,80.637
2022-03-30 15:00:00,59.844
2022-03-30 16:00:00,35.548
2022-03-30 17:00:00,15.54
2022-03-30 18:00:00,3.655
2022-03-30 19:00:00,0.0
2022-03-30 20:00:00,0.0
2022-03-30 21:00:00,0.0
2022-03-30 22:00:00,0.0
2022-03-30 23:00:00,0.0
2022-03-31 00:00:00,0.0
2022-03-31 01:00:00,0.0
2022-03-31 02:00:00,0.0
2022-03-31 03:00:00,0.0
2022-03-31 04:00:00,0.0
2022-03-31 05:00:00,0.0
2022-03-31 06:00:00,0.0
2022-03-31 07:00:00,3.974
2022-03-31 08:00:00,18.241
2022-03-31 09:00:00,36.792
2022-03-31 10:00:00,51.573
2022-03-31 11:00:00,63.8
2022-03-31 12:00:00,75.653
2022-03-31 13:00:00,73.824
2022-03-31 14:00:00,62.544
2022-03-31 15:00:00,50.536
2022-03-31 16:00:00,35.426
2022-03-31 17:00:00,21.179
2022-03-31 18:00:00,6.416
2022-03-31 19:00:00,0.0
2022-03-31 20:00:00,0.0
2022-03-31 21:00:00,0.0
2022-03-31 22:00:00,0.0
2022-03-31 23:00:00,0.0
2022-04-01 00:00:00,0.0
2022-04-01 01:00:00,0.0
2022-04-01 02:00:00,0.0
2022-04-01 03:00:00,0.0
2022-04-01 04:00:00,0.0
2022-04-01 05:00:00,0.0
2022-04-01 06:00:00,0.0
2022-04-01 07:00:00,3.771
2022-04-01 08:00:00,17.077
2022-04-01 09:00:00,34.42
2022-04-01 10:00:00,55.932
2022-04-01 11:00:00,78.525
2022-04-01 12:00:00,92.001
2022-04-01 13:00:00,98.191
2022-04-01 14:00:00,99.393
2022-04-01 15:00:00,91.42
2022-04-01 16:00:00,74.598
2022-04-01 17:00:00,47.006
2022-04-01 18:00:00,15.107
2022-04-01 19:00:00,0.0
2022-04-01 20:00:00,0.0
2022-04-01 21:00:00,0.0
2022-04-01 22:00:00,0.0
2022-04-01 23:00:00,0.0
2022-04-02 00:00:00,0.0
2022-04-02 01:00:00,0.0
2022-04-02 02:00:00,0.0
2022-04-02 03:00:00,0.0
2022-04-02 04:00:00,0.0
2022-04-02 05:00:00,0.0
2022-04-02 06:00:00,0.0
2022-04-02 07:00:00,11.198
2022-04-02 08:00:00,46.368
2022-04-02 09:00:00,80.237
2022-04-02 10:00:00,105.82
2022-04-02 11:00:00,122.553
2022-04-02 12:00:00,130.301
2022-04-02 13:00:00,129.923
2022-04-02 14:00:00,121.695
2022-04-02 15:00:00,105.355
2022-04-02 16:00:00,80.654
2022-04-02 17:00:00,48.324
2022-04-02 18:00:00,14.581
2022-04-02 19:00:00,0.0
2022-04-02 20:00:00,0.0
2022-04-02 21:00:00,0.0
2022-04-02 22:00:00,0.0
2022-04-02 23:00:00,0.0
2022-04-03 00:00:00,0.0
2022-04-03 01:00:00,0.0
2022-04-03 02:00:00,0.0
2022-04-03 03:00:00,0.0
2022-04-03 04:00:00,0.0
2022-04-03 05:00:00,0.0
2022-04-03 06:00:00,0.0
2022-04-03 07:00:00,11.137
2022-04-03 08:00:00,44.676
2022-04-03 09:00:00,78.502
2022-04-03 10:00:00,103.546
2022-04-03 11:00:00,119.525
2022-04-03 12:00:00,125.362
2022-04-03 13:00:00,121.806
2022-04-03 14:00:00,110.962
2022-04-03 15:00:00,88.668
2022-04-03 16:00:00,60.988
2022-04-03 17:00:00,31.658
2022-04-03 18:00:00,8.848
2022-04-03 19:00:00,0.0
2022-04-03 20:00:00,0.0
2022-04-03 21:00:00,0.0
2022-04-03 22:00:00,0.0
2022-04-03 23:00:00,0.0
2022-04-04 00:00:00,0.0
2022-04-04 01:00:00,0.0
2022-04-04 02:00:00,0.0
2022-04-04 03:00:00,0.0
2022-04-04 04:00:00,0.0
2022-04-04 05:00:00,0.0
2022-04-04 06:00:00,0.0
2022-04-04 07:00:00,10.694
2022-04-04 08:00:00,41.94
2022-04-04 09:00:00,72.351
2022-04-04 10:00:00,95.881
2022-04-04 11:00:00,111.83
2022-04-04 12:00:00,121.384
2022-04-04 13:00:00,121.997
2022-04-04 14:00:00,113.284
2022-04-04 15:00:00,95.578
2022-04-04 16:00:00,71.24
2022-04-04 17:00:00,41.142
2022-04-04 18:00:00,12.429
2022-04-04 19:00:00,0.0
2022-04-04 20:00:00,0.0
2022-04-04 21:00:00,0.0
2022-04-04 22:00:00,0.0
2022-04-04 23:00:00,0.0
2022-04-05 00:00:00,0.0
2022-04-05 01:00:00,0.0
2022-04-05 02:00:00,0.0
2022-04-05 03:00:00,0.0
2022-04-05 04:00:00,0.0
2022-04-05 05:00:00,0.0
2022-04-05 06:00:00,0.0
2022-04-05 07:00:00,11.218
2022-04-05 08:00:00,44.62
2022-04-05 09:00:00,77.354
2022-04-05 10:00:00,101.561
2022-04-05 11:00:00,117.013
2022-04-05 12:00:00,124.56
2022-04-05 13:00:00,125.423
2022-04-05 14:00:00,118.275
2022-04-05 15:00:00,100.986
2022-04-05 16:00:00,76.41
2022-04-05 17:00:00,45.854
2022-04-05 18:00:00,14.508
2022-04-05 19:00:00,0.0
2022-04-05 20:00:00,0.0
2022-04-05 21:00:00,0.0
2022-04-05 22:00:00,0.0
2022-04-05 23:00:00,0.0
2022-04-06 00:00:00,0.0
2022-04-06 01:00:00,0.0
2022-04-06 02:00:00,0.0
2022-04-06 03:00:00,0.0
2022-04-06 04:00:00,0.0
2022-04-06 05:00:00,0.0
2022-04-06 06:00:00,0.0
2022-04-06 07:00:00,10.567
2022-04-06 08:00:00,42.494
2022-04-06 09:00:00,75.7
2022-04-06 10:00:00,101.268
2022-04-06 11:00:00,118.465
2022-04-06 12:00:00,126.046
2022-04-06 13:00:00,125.244
2022-04-06 14:00:00,117.107
2022-04-06 15:00:00,101.492
2022-04-06 16:00:00,78.426
2022-04-06 17:00:00,48.535
2022-04-06 18:00:00,15.761
2022-04-06 19:00:00,0.013
2022-04-06 20:00:00,0.0
2022-04-06 21:00:00,0.0
2022-04-06 22:00:00,0.0
2022-04-06 23:00:00,0.0
2022-04-07 00:00:00,0.0
2022-04-07 01:00:00,0.0
2022-04-07 02:00:00,0.0
2022-04-07 03:00:00,0.0
2022-04-07 04:00:00,0.0
2022-04-07 05:00:00,0.0
2022-04-07 06:00:00,0.0
2022-04-07 07:00:00,12.147
2022-04-07 08:00:00,45.952
2022-04-07 09:00:00,78.276
2022-04-07 10:00:00,102.581
2022-04-07 11:00:00,118.362
2022-04-07 12:00:00,125.955
2022-04-07 13:00:00,126.053
2022-04-07 14:00:00,118.714
2022-04-07 15:00:00,103.723
2022-04-07 16:00:00,80.61
2022-04-07 17:00:00,49.799
2022-04-07 18:00:00,16.363
2022-04-07 19:00:00,0.044
2022-04-07 20:00:00,0.0
2022-04-07 21:00:00,0.0
2022-04-07 22:00:00,0.0
2022-04-07 23:00:00,0.0
2022-04-08 00:00:00,0.0
2022-04-08 01:00:00,0.0
2022-04-08 02:00:00,0.0
2022-04-08 03:00:00,0.0
2022-04-08 04:00:00,0.0
2022-04-08 05:00:00,0.0
2022-04-08 06:00:00,0.0
2022-04-08 07:00:00,12.027
2022-04-08 08:00:00,44.788
2022-04-08 09:00:00,76.416
2022-04-08 10:00:00,100.545
2022-04-08 11:00:00,115.525
2022-04-08 12:00:00,121.406
2022-04-08 13:00:00,121.453
2022-04-08 14:00:00,115.393
2022-04-08 15:00:00,99.09
2022-04-08 16:00:00,74.438
2022-04-08 17:00:00,44.081
2022-04-08 18:00:00,14.183
2022-04-08 19:00:00,0.068
2022-04-08 20:00:00,0.0
2022-04-08 21:00:00,0.0
2022-04-08 22:00:00,0.0
2022-04-08 23:00:00,0.0
2022-04-09 00:00:00,0.0
2022-04-09 01:00:00,0.0
2022-04-09 02:00:00,0.0
2022-04-09 03:00:00,0.0
2022-04-09 04:00:00,0.0
2022-04-09 05:00:00,0.0
2022-04-09 06:00:00,0.0
2022-04-09 07:00:00,11.298
2022-04-09 08:00:00,42.188
2022-04-09 09:00:00,73.528
2022-04-09 10:00:00,97.766
2022-04-09 11:00:00,113.439
2022-04-09 12:00:00,121.105
2022-04-09 13:00:00,121.078
2022-04-09 14:00:00,113.702
2022-04-09 15:00:00,98.402
2022-04-09 16:00:00,74.014
2022-04-09 17:00:00,43.696
2022-04-09 18:00:00,13.928
2022-04-09 19:00:00,0.096
2022-04-09 20:00:00,0.0
2022-04-09 21:00:00,0.0
2022-04-09 22:00:00,0.0
2022-04-09 23:00:00,0.0
2022-04-10 00:00:00,0.0
2022-04-10 01:00:00,0.0
2022-04-10 02:00:00,0.0
2022-04-10 03:00:00,0.0
2022-04-10 04:00:00,0.0
2022-04-10 05:00:00,0.0
2022-04-10 06:00:00,0.0
2022-04-10 07:00:00,11.361
2022-04-10 08:00:00,42.825
2022-04-10 09:00:00,73.752
2022-04-10 10:00:00,97.462
2022-04-10 11:00:00,113.636
2022-04-10 12:00:00,121.188
2022-04-10 13:00:00,121.305
2022-04-10 14:00:00,113.861
2022-04-10 15:00:00,98.505
2022-04-10 16:00:00,71.796
2022-04-10 17:00:00,42.15
2022-04-10 18:00:00,14.801
2022-04-10 19:00:00,0.168
2022-04-10 20:00:00,0.0
2022-04-10 21:00:00,0.0
2022-04-10 22:00:00,0.0
2022-04-10 23:00:00,0.0
2022-04-11 00:00:00,0.0
2022-04-11 01:00:00,0.0
2022-04-11 02:00:00,0.0
2022-04-11 03:00:00,0.0
2022-04-11 04:00:00,0.0
2022-04-11 05:00:00,0.0
2022-04-11 06:00:00,0.0
2022-04-11 07:00:00,6.881
2022-04-11 08:00:00,19.039
2022-04-11 09:00:00,28.971
2022-04-11 10:00:00,42.733
2022-04-11 11:00:00,61.3
2022-04-11 12:00:00,77.067
2022-04-11 13:00:00,85.384
2022-04-11 14:00:00,92.939
2022-04-11 15:00:00,95.026
2022-04-11 16:00:00,74.631
2022-04-11 17:00:00,43.84
2022-04-11 18:00:00,14.75
2022-04-11 19:00:00,0.23
2022-04-11 20:00:00,0.0
2022-04-11 21:00:00,0.0
2022-04-11 22:00:00,0.0
2022-04-11 23:00:00,0.0
2022-04-12 00:00:00,0.0
2022-04-12 01:00:00,0.0
2022-04-12 02:00:00,0.0
2022-04-12 03:00:00,0.0
2022-04-12 04:00:00,0.0
2022-04-12 05:00:00,0.0
2022-04-12 06:00:00,0.0
2022-04-12 07:00:00,12.908
2022-04-12 08:00:00,44.139
2022-04-12 09:00:00,75.977
2022-04-12 10:00:00,100.371
2022-04-12 11:00:00,117.275
2022-04-12 12:00:00,122.788
2022-04-12 13:00:00,113.436
2022-04-12 14:00:00,100.611
2022-04-12 15:00:00,82.043
2022-04-12 16:00:00,57.175
2022-04-12 17:00:00,34.296
2022-04-12 18:00:00,13.717
2022-04-12 19:00:00,0.256
2022-04-12 20:00:00,0.0
2022-04-12 21:00:00,0.0
2022-04-12 22:00:00,0.0
2022-04-12 23:00:00,0.0
2022-04-13 00:00:00,0.0
2022-04-13 01:00:00,0.0
2022-04-13 02:00:00,0.0
2022-04-13 03:00:00,0.0
2022-04-13 04:00:00,0.0
2022-04-13 05:00:00,0.0
2022-04-13 06:00:00,0.0
2022-04-13 07:00:00,10.745
2022-04-13 08:00:00,35.99
2022-04-13 09:00:00,66.588
2022-04-13 10:00:00,87.92
2022-04-13 11:00:00,101.592
2022-04-13 12:00:00,99.845
2022-04-13 13:00:00,87.065
2022-04-13 14:00:00,70.931
2022-04-13 15:00:00,50.071
2022-04-13 16:00:00,23.511
2022-04-13 17:00:00,12.789
2022-04-13 18:00:00,4.34
2022-04-13 19:00:00,0.0
2022-04-13 20:00:00,0.0
2022-04-13 21:00:00,0.0
2022-04-13 22:00:00,0.0
2022-04-13 23:00:00,0.0
2022-04-14 00:00:00,0.0
2022-04-14 01:00:00,0.0
2022-04-14 02:00:00,0.0
2022-04-14 03:00:00,0.0
2022-04-14 04:00:00,0.0
2022-04-14 05:00:00,0.0
2022-04-14 06:00:00,0.0
2022-04-14 07:00:00,9.31
2022-04-14 08:00:00,33.108
2022-04-14 09:00:00,62.206
2022-04-14 10:00:00,86.785
2022-04-14 11:00:00,101.078
2022-04-14 12:00:00,104.049
2022-04-14 13:00:00,95.974
2022-04-14 14:00:00,84.231
2022-04-14 15:00:00,70.754
2022-04-14 16:00:00,51.029
2022-04-14 17:00:00,28.122
2022-04-14 18:00:00,9.559
2022-04-14 19:00:00,0.118
2022-04-14 20:00:00,0.0
2022-04-14 21:00:00,0.0
2022-04-14 22:00:00,0.0
2022-04-14 23:00:00,0.0
2022-04-15 00:00:00,0.0
2022-04-15 01:00:00,0.0
2022-04-15 02:00:00,0.0
2022-04-15 03:00:00,0.0
2022-04-15 04:00:00,0.0
2022-04-15 05:00:00,0.0
2022-04-15 06:00:00,0.0
2022-04-15 07:00:00,6.456
2022-04-15 08:00:00,23.94
2022-04-15 09:00:00,43.678
2022-04-15 10:00:00,61.993
2022-04-15 11:00:00,71.313
2022-04-15 12:00:00,71.087
2022-04-15 13:00:00,72.203
2022-04-15 14:00:00,67.523
2022-04-15 15:00:00,54.436
2022-04-15 16:00:00,37.666
2022-04-15 17:00:00,22.017
2022-04-15 18:00:00,8.841
2022-04-15 19:00:00,0.313
2022-04-15 20:00:00,0.0
2022-04-15 21:00:00,0.0
2022-04-15 22:00:00,0.0
2022-04-15 23:00:00,0.0
2022-04-16 00:00:00,0.0
2022-04-16 01:00:00,0.0
2022-04-16 02:00:00,0.0
2022-04-16 03:00:00,0.0
2022-04-16 04:00:00,0.0
2022-04-16 05:00:00,0.0
2022-04-16 06:00:00,0.046
2022-04-16 07:00:00,10.843
2022-04-16 08:00:00,35.289
2022-04-16 09:00:00,59.138
2022-04-16 10:00:00,82.15
2022-04-16 11:00:00,95.606
2022-04-16 12:00:00,101.555
2022-04-16 13:00:00,101.547
2022-04-16 14:00:00,93.606
2022-04-16 15:00:00,74.854
2022-04-16 16:00:00,53.491
2022-04-16 17:00:00,31.741
2022-04-16 18:00:00,11.484
2022-04-16 19:00:00,0.317
2022-04-16 20:00:00,0.0
2022-04-16 21:00:00,0.0
2022-04-16 22:00:00,0.0
2022-04-16 23:00:00,0.0
2022-04-17 00:00:00,0.0
2022-04-17 01:00:00,0.0
2022-04-17 02:00:00,0.0
2022-04-17 03:00:00,0.0
2022-04-17 04:00:00,0.0
2022-04-17 05:00:00,0.0
2022-04-17 06:00:00,0.067
2022-04-17 07:00:00,12.389
2022-04-17 08:00:00,41.36
2022-04-17 09:00:00,74.43
2022-04-17 10:00:00,101.747
2022-04-17 11:00:00,119.132
2022-04-17 12:00:00,127.576
2022-04-17 13:00:00,125.645
2022-04-17 14:00:00,117.85
2022-04-17 15:00:00,101.816
2022-04-17 16:00:00,76.829
2022-04-17 17:00:00,45.271
2022-04-17 18:00:00,16.082
2022-04-17 19:00:00,0.591
2022-04-17 20:00:00,0.0
2022-04-17 21:00:00,0.0
2022-04-17 22:00:00,0.0
2022-04-17 23:00:00,0.0
2022-04-18 00:00:00,0.0
2022-04-18 01:00:00,0.0
2022-04-18 02:00:00,0.0
2022-04-18 03:00:00,0.0
2022-04-18 04:00:00,0.0
2022-04-18 05:00:00,0.0
2022-04-18 06:00:00,0.145
2022-04-18 07:00:00,14.982
2022-04-18 08:00:00,48.186
2022-04-18 09:00:00,80.56
2022-04-18 10:00:00,104.459
2022-04-18 11:00:00,118.133
2022-04-18 12:00:00,123.617
2022-04-18 13:00:00,119.586
2022-04-18 14:00:00,109.505
2022-04-18 15:00:00,88.836
2022-04-18 16:00:00,63.7
2022-04-18 17:00:00,38.557
2022-04-18 18:00:00,13.731
2022-04-18 19:00:00,0.595
2022-04-18 20:00:00,0.0
2022-04-18 21:00:00,0.0
2022-04-18 22:00:00,0.0
2022-04-18 23:00:00,0.0
2022-04-19 00:00:00,0.0
2022-04-19 01:00:00,0.0
2022-04-19 02:00:00,0.0
2022-04-19 03:00:00,0.0
2022-04-19 04:00:00,0.0
2022-04-19 05:00:00,0.0
2022-04-19 06:00:00,0.0
2022-04-19 07:00:00,8.843
2022-04-19 08:00:00,27.409
2022-04-19 09:00:00,42.694
2022-04-19 10:00:00,49.782
2022-04-19 11:00:00,49.697
2022-04-19 12:00:00,54.63
2022-04-19 13:00:00,61.381
2022-04-19 14:00:00,64.077
2022-04-19 15:00:00,67.181
2022-04-19 16:00:00,66.133
2022-04-19 17:00:00,49.578
2022-04-19 18:00:00,20.453
2022-04-19 19:00:00,0.932
2022-04-19 20:00:00,0.0
2022-04-19 21:00:00,0.0
2022-04-19 22:00:00,0.0
2022-04-19 23:00:00,0.0
2022-04-20 00:00:00,0.0
2022-04-20 01:00:00,0.0
2022-04-20 02:00:00,0.0
2022-04-20 03:00:00,0.0
2022-04-20 04:00:00,0.0
2022-04-20 05:00:00,0.0
2022-04-20 06:00:00,0.32
2022-04-20 07:00:00,16.737
2022-04-20 08:00:00,49.458
2022-04-20 09:00:00,79.972
2022-04-20 10:00:00,102.839
2022-04-20 11:00:00,118.131
2022-04-20 12:00:00,125.092
2022-04-20 13:00:00,122.68
2022-04-20 14:00:00,109.673
2022-04-20 15:00:00,85.003
2022-04-20 16:00:00,63.202
2022-04-20 17:00:00,40.091
2022-04-20 18:00:00,16.671
2022-04-20 19:00:00,0.8170000000000001
2022-04-20 20:00:00,0.0
2022-04-20 21:00:00,0.0
2022-04-20 22:00:00,0.0
2022-04-20 23:00:00,0.0
2022-04-21 00:00:00,0.0
2022-04-21 01:00:00,0.0
2022-04-21 02:00:00,0.0
2022-04-21 03:00:00,0.0
2022-04-21 04:00:00,0.0
2022-04-21 05:00:00,0.0
2022-04-21 06:00:00,0.239
2022-04-21 07:00:00,13.514
2022-04-21 08:00:00,42.251
2022-04-21 09:00:00,71.288
2022-04-21 10:00:00,94.758
2022-04-21 11:00:00,108.255
2022-04-21 12:00:00,111.753
2022-04-21 13:00:00,109.731
2022-04-21 14:00:00,101.962
2022-04-21 15:00:00,88.728
2022-04-21 16:00:00,69.113
2022-04-21 17:00:00,37.782
2022-04-21 18:00:00,13.792
2022-04-21 19:00:00,0.75
2022-04-21 20:00:00,0.0
2022-04-21 21:00:00,0.0
2022-04-21 22:00:00,0.0
2022-04-21 23:00:00,0.0
2022-04-22 00:00:00,0.0
2022-04-22 01:00:00,0.0
2022-04-22 02:00:00,0.0
2022-04-22 03:00:00,0.0
2022-04-22 04:00:00,0.0
2022-04-22 05:00:00,0.0
2022-04-22 06:00:00,0.201
2022-04-22 07:00:00,11.358
2022-04-22 08:00:00,33.169
2022-04-22 09:00:00,60.221
2022-04-22 10:00:00,87.344
2022-04-22 11:00:00,102.135
2022-04-22 12:00:00,105.398
2022-04-22 13:00:00,105.673
2022-04-22 14:00:00,101.039
2022-04-22 15:00:00,86.98
2022-04-22 16:00:00,64.864
2022-04-22 17:00:00,38.848
2022-04-22 18:00:00,15.09
2022-04-22 19:00:00,0.871
2022-04-22 20:00:00,0.0
2022-04-22 21:00:00,0.0
2022-04-22 22:00:00,0.0
2022-04-22 23:00:00,0.0
2022-04-23 00:00:00,0.0
2022-04-23 01:00:00,0.0
2022-04-23 02:00:00,0.0
2022-04-23 03:00:00,0.0
2022-04-23 04:00:00,0.0
2022-04-23 05:00:00,0.0
2022-04-23 06:00:00,0.405
2022-04-23 07:00:00,14.955
2022-04-23 08:00:00,43.504
2022-04-23 09:00:00,68.599
2022-04-23 10:00:00,80.827
2022-04-23 11:00:00,89.929
2022-04-23 12:00:00,88.008
2022-04-23 13:00:00,80.74
2022-04-23 14:00:00,84.594
2022-04-23 15:00:00,68.528
2022-04-23 16:00:00,35.746
2022-04-23 17:00:00,19.65
2022-04-23 18:00:00,7.027
2022-04-23 19:00:00,0.177
2022-04-23 20:00:00,0.0
2022-04-23 21:00:00,0.0
2022-04-23 22:00:00,0.0
2022-04-23 23:00:00,0.0
2022-04-24 00:00:00,0.0
2022-04-24 01:00:00,0.0
2022-04-24 02:00:00,0.0
2022-04-24 03:00:00,0.0
2022-04-24 04:00:00,0.0
2022-04-24 05:00:00,0.0
2022-04-24 06:00:00,0.463
2022-04-24 07:00:00,15.43
2022-04-24 08:00:00,44.507
2022-04-24 09:00:00,74.125
2022-04-24 10:00:00,97.291
2022-04-24 11:00:00,113.317
2022-04-24 12:00:00,121.264
2022-04-24 13:00:00,121.542
2022-04-24 14:00:00,114.074
2022-04-24 15:00:00,97.935
2022-04-24 16:00:00,74.415
2022-04-24 17:00:00,43.804
2022-04-24 18:00:00,16.301
2022-04-24 19:00:00,1.162
2022-04-24 20:00:00,0.0
2022-04-24 21:00:00,0.0
2022-04-24 22:00:00,0.0
2022-04-24 23:00:00,0.0
2022-04-25 00:00:00,0.0
2022-04-25 01:00:00,0.0
2022-04-25 02:00:00,0.0
2022-04-25 03:00:00,0.0
2022-04-25 04:00:00,0.0
2022-04-25 05:00:00,0.0
2022-04-25 06:00:00,0.493
2022-04-25 07:00:00,14.778
2022-04-25 08:00:00,43.338
2022-04-25 09:00:00,72.724
2022-04-25 10:00:00,94.913
2022-04-25 11:00:00,109.339
2022-04-25 12:00:00,114.936
2022-04-25 13:00:00,112.635
2022-04-25 14:00:00,102.425
2022-04-25 15:00:00,84.067
2022-04-25 16:00:00,58.833
2022-04-25 17:00:00,34.875
2022-04-25 18:00:00,15.695
2022-04-25 19:00:00,1.155
2022-04-25 20:00:00,0.0
2022-04-25 21:00:00,0.0
2022-04-25 22:00:00,0.0
2022-04-25 23:00:00,0.0
2022-04-26 00:00:00,0.0
2022-04-26 01:00:00,0.0
2022-04-26 02:00:00,0.0
2022-04-26 03:00:00,0.0
2022-04-26 04:00:00,0.0
2022-04-26 05:00:00,0.0
2022-04-26 06:00:00,0.5670000000000001
2022-04-26 07:00:00,15.024
2022-04-26 08:00:00,42.554
2022-04-26 09:00:00,71.108
2022-04-26 10:00:00,93.777
2022-04-26 11:00:00,113.167
2022-04-26 12:00:00,120.198
2022-04-26 13:00:00,119.745
2022-04-26 14:00:00,110.032
2022-04-26 15:00:00,95.554
2022-04-26 16:00:00,73.679
2022-04-26 17:00:00,45.929
2022-04-26 18:00:00,17.895
2022-04-26 19:00:00,1.36
2022-04-26 20:00:00,0.0
2022-04-26 21:00:00,0.0
2022-04-26 22:00:00,0.0
2022-04-26 23:00:00,0.0
2022-04-27 00:00:00,0.0
2022-04-27 01:00:00,0.0
2022-04-27 02:00:00,0.0
2022-04-27 03:00:00,0.0
2022-04-27 04:00:00,0.0
2022-04-27 05:00:00,0.0
2022-04-27 06:00:00,0.471
2022-04-27 07:00:00,12.174
2022-04-27 08:00:00,32.809
2022-04-27 09:00:00,54.695
2022-04-27 10:00:00,70.671
2022-04-27 11:00:00,80.119
2022-04-27 12:00:00,89.285
2022-04-27 13:00:00,91.37
2022-04-27 14:00:00,84.878
2022-04-27 15:00:00,72.502
2022-04-27 16:00:00,52.993
2022-04-27 17:00:00,18.354
2022-04-27 18:00:00,7.768
2022-04-27 19:00:00,1.296
2022-04-27 20:00:00,0.0
2022-04-27 21:00:00,0.0
2022-04-27 22:00:00,0.0
2022-04-27 23:00:00,0.0
2022-04-28 00:00:00,0.0
2022-04-28 01:00:00,0.0
2022-04-28 02:00:00,0.0
2022-04-28 03:00:00,0.0
2022-04-28 04:00:00,0.0
2022-04-28 05:00:00,0.0
2022-04-28 06:00:00,0.877
2022-04-28 07:00:00,17.621
2022-04-28 08:00:00,47.215
2022-04-28 09:00:00,77.113
2022-04-28 10:00:00,100.488
2022-04-28 11:00:00,115.824
2022-04-28 12:00:00,122.571
2022-04-28 13:00:00,122.267
2022-04-28 14:00:00,114.695
2022-04-28 15:00:00,99.036
2022-04-28 16:00:00,75.855
2022-04-28 17:00:00,46.236
2022-04-28 18:00:00,16.344
2022-04-28 19:00:00,1.469
2022-04-28 20:00:00,0.0
2022-04-28 21:00:00,0.0
2022-04-28 22:00:00,0.0
2022-04-28 23:00:00,0.0
2022-04-29 00:00:00,0.0
2022-04-29 01:00:00,0.0
2022-04-29 02:00:00,0.0
2022-04-29 03:00:00,0.0
2022-04-29 04:00:00,0.0
2022-04-29 05:00:00,0.0
2022-04-29 06:00:00,0.545
2022-04-29 07:00:00,7.222
2022-04-29 08:00:00,14.552
2022-04-29 09:00:00,17.459
2022-04-29 10:00:00,25.701
2022-04-29 11:00:00,45.924
2022-04-29 12:00:00,49.231
2022-04-29 13:00:00,53.958
2022-04-29 14:00:00,51.201
2022-04-29 15:00:00,43.376
2022-04-29 16:00:00,31.87
2022-04-29 17:00:00,20.152
2022-04-29 18:00:00,9.923
2022-04-29 19:00:00,1.065
2022-04-29 20:00:00,0.0
2022-04-29 21:00:00,0.0
2022-04-29 22:00:00,0.0
2022-04-29 23:00:00,0.0
2022-04-30 00:00:00,0.0
2022-04-30 01:00:00,0.0
2022-04-30 02:00:00,0.0
2022-04-30 03:00:00,0.0
2022-04-30 04:00:00,0.0
2022-04-30 05:00:00,0.0
2022-04-30 06:00:00,0.647
2022-04-30 07:00:00,13.768
2022-04-30 08:00:00,32.678
2022-04-30 09:00:00,46.923
2022-04-30 10:00:00,68.69
2022-04-30 11:00:00,90.59
2022-04-30 12:00:00,98.659
2022-04-30 13:00:00,99.413
2022-04-30 14:00:00,91.931
2022-04-30 15:00:00,77.319
2022-04-30 16:00:00,60.128
2022-04-30 17:00:00,38.898
2022-04-30 18:00:00,15.512
2022-04-30 19:00:00,1.67
2022-04-30 20:00:00,0.0
2022-04-30 21:00:00,0.0
2022-04-30 22:00:00,0.0
2022-04-30 23:00:00,0.0
2022-05-01 00:00:00,0.0
2022-05-01 01:00:00,0.0
2022-05-01 02:00:00,0.0
2022-05-01 03:00:00,0.0
2022-05-01 04:00:00,0.0
2022-05-01 05:00:00,0.0
2022-05-01 06:00:00,1.117
2022-05-01 07:00:00,19.154
2022-05-01 08:00:00,50.545
2022-05-01 09:00:00,79.874
2022-05-01 10:00:00,101.204
2022-05-01 11:00:00,114.123
2022-05-01 12:00:00,118.072
2022-05-01 13:00:00,114.301
2022-05-01 14:00:00,96.954
2022-05-01 15:00:00,80.854
2022-05-01 16:00:00,64.683
2022-05-01 17:00:00,41.662
2022-05-01 18:00:00,18.335
2022-05-01 19:00:00,2.009
2022-05-01 20:00:00,0.0
2022-05-01 21:00:00,0.0
2022-05-01 22:00:00,0.0
2022-05-01 23:00:00,0.0
2022-05-02 00:00:00,0.0
2022-05-02 01:00:00,0.0
2022-05-02 02:00:00,0.0
2022-05-02 03:00:00,0.0
2022-05-02 04:00:00,0.0
2022-05-02 05:00:00,0.0
2022-05-02 06:00:00,1.006
2022-05-02 07:00:00,18.799
2022-05-02 08:00:00,51.683
2022-05-02 09:00:00,82.548
2022-05-02 10:00:00,106.028
2022-05-02 11:00:00,120.64
2022-05-02 12:00:00,128.145
2022-05-02 13:00:00,128.192
2022-05-02 14:00:00,120.78
2022-05-02 15:00:00,106.001
2022-05-02 16:00:00,83.49
2022-05-02 17:00:00,53.157
2022-05-02 18:00:00,20.656
2022-05-02 19:00:00,1.672
2022-05-02 20:00:00,0.0
2022-05-02 21:00:00,0.0
2022-05-02 22:00:00,0.0
2022-05-02 23:00:00,0.0
2022-05-03 00:00:00,0.0
2022-05-03 01:00:00,0.0
2022-05-03 02:00:00,0.0
2022-05-03 03:00:00,0.0
2022-05-03 04:00:00,0.0
2022-05-03 05:00:00,0.0
2022-05-03 06:00:00,0.743
2022-05-03 07:00:00,18.682
2022-05-03 08:00:00,52.65
2022-05-03 09:00:00,82.848
2022-05-03 10:00:00,105.767
2022-05-03 11:00:00,119.991
2022-05-03 12:00:00,127.065
2022-05-03 13:00:00,126.886
2022-05-03 14:00:00,119.535
2022-05-03 15:00:00,105.05
2022-05-03 16:00:00,82.98
2022-05-03 17:00:00,53.797
2022-05-03 18:00:00,20.973
2022-05-03 19:00:00,1.354
2022-05-03 20:00:00,0.0
2022-05-03 21:00:00,0.0
2022-05-03 22:00:00,0.0
2022-05-03 23:00:00,0.0
2022-05-04 00:00:00,0.0
2022-05-04 01:00:00,0.0
2022-05-04 02:00:00,0.0
2022-05-04 03:00:00,0.0
2022-05-04 04:00:00,0.0
2022-05-04 05:00:00,0.0
2022-05-04 06:00:00,0.99
2022-05-04 07:00:00,17.76
2022-05-04 08:00:00,48.624
2022-05-04 09:00:00,77.118
2022-05-04 10:00:00,98.697
2022-05-04 11:00:00,113.18
2022-05-04 12:00:00,119.892
2022-05-04 13:00:00,119.669
2022-05-04 14:00:00,113.115
2022-05-04 15:00:00,99.244
2022-05-04 16:00:00,78.045
2022-05-04 17:00:00,48.756
2022-05-04 18:00:00,18.812
2022-05-04 19:00:00,2.048
2022-05-04 20:00:00,0.0
2022-05-04 21:00:00,0.0
2022-05-04 22:00:00,0.0
2022-05-04 23:00:00,0.0
2022-05-05 00:00:00,0.0
2022-05-05 01:00:00,0.0
2022-05-05 02:00:00,0.0
2022-05-05 03:00:00,0.0
2022-05-05 04:00:00,0.0
2022-05-05 05:00:00,0.0
2022-05-05 06:00:00,1.015
2022-05-05 07:00:00,18.066
2022-05-05 08:00:00,48.523
2022-05-05 09:00:00,76.62
2022-05-05 10:00:00,97.943
2022-05-05 11:00:00,112.399
2022-05-05 12:00:00,119.03
2022-05-05 13:00:00,118.446
2022-05-05 14:00:00,111.13
2022-05-05 15:00:00,97.871
2022-05-05 16:00:00,77.454
2022-05-05 17:00:00,50.251
2022-05-05 18:00:00,20.089
2022-05-05 19:00:00,1.809
2022-05-05 20:00:00,0.0
2022-05-05 21:00:00,0.0
2022-05-05 22:00:00,0.0
2022-05-05 23:00:00,0.0
2022-05-06 00:00:00,0.0
2022-05-06 01:00:00,0.0
2022-05-06 02:00:00,0.0
2022-05-06 03:00:00,0.0
2022-05-06 04:00:00,0.0
2022-05-06 05:00:00,0.0
2022-05-06 06:00:00,1.288
2022-05-06 07:00:00,17.575
2022-05-06 08:00:00,47.775
2022-05-06 09:00:00,76.81
2022-05-06 10:00:00,98.473
2022-05-06 11:00:00,111.798
2022-05-06 12:00:00,113.546
2022-05-06 13:00:00,104.732
2022-05-06 14:00:00,93.348
2022-05-06 15:00:00,83.449
2022-05-06 16:00:00,72.296
2022-05-06 17:00:00,49.697
2022-05-06 18:00:00,20.565
2022-05-06 19:00:00,2.172
2022-05-06 20:00:00,0.0
2022-05-06 21:00:00,0.0
2022-05-06 22:00:00,0.0
2022-05-06 23:00:00,0.0
2022-05-07 00:00:00,0.0
2022-05-07 01:00:00,0.0
2022-05-07 02:00:00,0.0
2022-05-07 03:00:00,0.0
2022-05-07 04:00:00,0.0
2022-05-07 05:00:00,0.0
2022-05-07 06:00:00,1.486
2022-05-07 07:00:00,16.671
2022-05-07 08:00:00,44.675
2022-05-07 09:00:00,74.898
2022-05-07 10:00:00,97.653
2022-05-07 11:00:00,112.123
2022-05-07 12:00:00,118.258
2022-05-07 13:00:00,117.947
2022-05-07 14:00:00,110.813
2022-05-07 15:00:00,96.724
2022-05-07 16:00:00,75.756
2022-05-07 17:00:00,48.763
2022-05-07 18:00:00,20.327
2022-05-07 19:00:00,2.498
2022-05-07 20:00:00,0.0
2022-05-07 21:00:00,0.0
2022-05-07 22:00:00,0.0
2022-05-07 23:00:00,0.0
2022-05-08 00:00:00,0.0
2022-05-08 01:00:00,0.0
2022-05-08 02:00:00,0.0
2022-05-08 03:00:00,0.0
2022-05-08 04:00:00,0.0
2022-05-08 05:00:00,0.0
2022-05-08 06:00:00,0.548
2022-05-08 07:00:00,7.971
2022-05-08 08:00:00,19.3
2022-05-08 09:00:00,26.169
2022-05-08 10:00:00,30.28
2022-05-08 11:00:00,32.774
2022-05-08 12:00:00,35.329
2022-05-08 13:00:00,43.685
2022-05-08 14:00:00,58.335
2022-05-08 15:00:00,66.346
2022-05-08 16:00:00,57.423
2022-05-08 17:00:00,35.953
2022-05-08 18:00:00,16.477
2022-05-08 19:00:00,3.052
2022-05-08 20:00:00,0.0
2022-05-08 21:00:00,0.0
2022-05-08 22:00:00,0.0
2022-05-08 23:00:00,0.0
2022-05-09 00:00:00,0.0
2022-05-09 01:00:00,0.0
2022-05-09 02:00:00,0.0
2022-05-09 03:00:00,0.0
2022-05-09 04:00:00,0.0
2022-05-09 05:00:00,0.0
2022-05-09 06:00:00,1.998
2022-05-09 07:00:00,19.853
2022-05-09 08:00:00,47.42
2022-05-09 09:00:00,75.093
2022-05-09 10:00:00,96.725
2022-05-09 11:00:00,111.311
2022-05-09 12:00:00,118.023
2022-05-09 13:00:00,116.053
2022-05-09 14:00:00,103.033
2022-05-09 15:00:00,77.802
2022-05-09 16:00:00,52.209
2022-05-09 17:00:00,34.944
2022-05-09 18:00:00,17.571
2022-05-09 19:00:00,2.751
2022-05-09 20:00:00,0.0
2022-05-09 21:00:00,0.0
2022-05-09 22:00:00,0.0
2022-05-09 23:00:00,0.0
2022-05-10 00:00:00,0.0
2022-05-10 01:00:00,0.0
2022-05-10 02:00:00,0.0
2022-05-10 03:00:00,0.0
2022-05-10 04:00:00,0.0
2022-05-10 05:00:00,0.0
2022-05-10 06:00:00,1.793
2022-05-10 07:00:00,16.306
2022-05-10 08:00:00,36.802
2022-05-10 09:00:00,55.916
2022-05-10 10:00:00,70.991
2022-05-10 11:00:00,78.368
2022-05-10 12:00:00,80.402
2022-05-10 13:00:00,74.469
2022-05-10 14:00:00,60.393
2022-05-10 15:00:00,42.3
2022-05-10 16:00:00,28.339
2022-05-10 17:00:00,18.109
2022-05-10 18:00:00,8.645
2022-05-10 19:00:00,1.142
2022-05-10 20:00:00,0.0
2022-05-10 21:00:00,0.0
2022-05-10 22:00:00,0.0
2022-05-10 23:00:00,0.0
2022-05-11 00:00:00,0.0
2022-05-11 01:00:00,0.0
2022-05-11 02:00:00,0.0
2022-05-11 03:00:00,0.0
2022-05-11 04:00:00,0.0
2022-05-11 05:00:00,0.0
2022-05-11 06:00:00,2.432
2022-05-11 07:00:00,19.715
2022-05-11 08:00:00,46.261
2022-05-11 09:00:00,73.507
2022-05-11 10:00:00,94.831
2022-05-11 11:00:00,109.754
2022-05-11 12:00:00,116.049
2022-05-11 13:00:00,115.557
2022-05-11 14:00:00,106.461
2022-05-11 15:00:00,89.224
2022-05-11 16:00:00,66.644
2022-05-11 17:00:00,41.187
2022-05-11 18:00:00,17.19
2022-05-11 19:00:00,2.652
2022-05-11 20:00:00,0.0
2022-05-11 21:00:00,0.0
2022-05-11 22:00:00,0.0
2022-05-11 23:00:00,0.0
2022-05-12 00:00:00,0.0
2022-05-12 01:00:00,0.0
2022-05-12 02:00:00,0.0
2022-05-12 03:00:00,0.0
2022-05-12 04:00:00,0.0
2022-05-12 05:00:00,0.0
2022-05-12 06:00:00,2.289
2022-05-12 07:00:00,17.71
2022-05-12 08:00:00,40.064
2022-05-12 09:00:00,44.618
2022-05-12 10:00:00,49.641
2022-05-12 11:00:00,67.654
2022-05-12 12:00:00,81.064
2022-05-12 13:00:00,73.444
2022-05-12 14:00:00,55.934
2022-05-12 15:00:00,41.149
2022-05-12 16:00:00,38.861
2022-05-12 17:00:00,38.367
2022-05-12 18:00:00,20.583
2022-05-12 19:00:00,3.818
2022-05-12 20:00:00,0.0
2022-05-12 21:00:00,0.0
2022-05-12 22:00:00,0.0
2022-05-12 23:00:00,0.0
2022-05-13 00:00:00,0.0
2022-05-13 01:00:00,0.0
2022-05-13 02:00:00,0.0
2022-05-13 03:00:00,0.0
2022-05-13 04:00:00,0.0
2022-05-13 05:00:00,0.0
2022-05-13 06:00:00,1.488
2022-05-13 07:00:00,13.714
2022-05-13 08:00:00,35.863
2022-05-13 09:00:00,56.893
2022-05-13 10:00:00,81.272
2022-05-13 11:00:00,96.974
2022-05-13 12:00:00,95.619
2022-05-13 13:00:00,85.069
2022-05-13 14:00:00,80.383
2022-05-13 15:00:00,70.713
2022-05-13 16:00:00,55.1
2022-05-13 17:00:00,37.899
2022-05-13 18:00:00,16.875
2022-05-13 19:00:00,2.541
2022-05-13 20:00:00,0.0
2022-05-13 21:00:00,0.0
2022-05-13 22:00:00,0.0
2022-05-13 23:00:00,0.0
2022-05-14 00:00:00,0.0
2022-05-14 01:00:00,0.0
2022-05-14 02:00:00,0.0
2022-05-14 03:00:00,0.0
2022-05-14 04:00:00,0.0
2022-05-14 05:00:00,0.0
2022-05-14 06:00:00,1.994
2022-05-14 07:00:00,16.534
2022-05-14 08:00:00,37.922
2022-05-14 09:00:00,59.653
2022-05-14 10:00:00,79.547
2022-05-14 11:00:00,92.505
2022-05-14 12:00:00,99.861
2022-05-14 13:00:00,100.691
2022-05-14 14:00:00,92.62
2022-05-14 15:00:00,78.19
2022-05-14 16:00:00,60.739
2022-05-14 17:00:00,39.665
2022-05-14 18:00:00,19.141
2022-05-14 19:00:00,3.285
2022-05-14 20:00:00,0.0
2022-05-14 21:00:00,0.0
2022-05-14 22:00:00,0.0
2022-05-14 23:00:00,0.0
2022-05-15 00:00:00,0.0
2022-05-15 01:00:00,0.0
2022-05-15 02:00:00,0.0
2022-05-15 03:00:00,0.0
2022-05-15 04:00:00,0.0
2022-05-15 05:00:00,0.0
2022-05-15 06:00:00,3.243
2022-05-15 07:00:00,20.556
2022-05-15 08:00:00,46.784
2022-05-15 09:00:00,72.998
2022-05-15 10:00:00,90.988
2022-05-15 11:00:00,99.34
2022-05-15 12:00:00,105.314
2022-05-15 13:00:00,104.395
2022-05-15 14:00:00,96.87
2022-05-15 15:00:00,86.641
2022-05-15 16:00:00,69.651
2022-05-15 17:00:00,46.643
2022-05-15 18:00:00,21.45
2022-05-15 19:00:00,4.675
2022-05-15 20:00:00,0.0
2022-05-15 21:00:00,0.0
2022-05-15 22:00:00,0.0
2022-05-15 23:00:00,0.0
2022-05-16 00:00:00,0.0
2022-05-16 01:00:00,0.0
2022-05-16 02:00:00,0.0
2022-05-16 03:00:00,0.0
2022-05-16 04:00:00,0.0
2022-05-16 05:00:00,0.0
2022-05-16 06:00:00,3.124
2022-05-16 07:00:00,21.02
2022-05-16 08:00:00,53.296
2022-05-16 09:00:00,82.942
2022-05-16 10:00:00,105.146
2022-05-16 11:00:00,119.243
2022-05-16 12:00:00,125.617
2022-05-16 13:00:00,125.019
2022-05-16 14:00:00,117.497
2022-05-16 15:00:00,103.265
2022-05-16 16:00:00,81.956
2022-05-16 17:00:00,53.858
2022-05-16 18:00:00,22.437
2022-05-16 19:00:00,4.477
2022-05-16 20:00:00,0.0
2022-05-16 21:00:00,0.0
2022-05-16 22:00:00,0.0
2022-05-16 23:00:00,0.0
2022-05-17 00:00:00,0.0
2022-05-17 01:00:00,0.0
2022-05-17 02:00:00,0.0
2022-05-17 03:00:00,0.0
2022-05-17 04:00:00,0.0
2022-05-17 05:00:00,0.0
2022-05-17 06:00:00,3.105
2022-05-17 07:00:00,19.944
2022-05-17 08:00:00,50.381
2022-05-17 09:00:00,78.432
2022-05-17 10:00:00,98.642
2022-05-17 11:00:00,111.207
2022-05-17 12:00:00,118.323
2022-05-17 13:00:00,118.246
2022-05-17 14:00:00,110.601
2022-05-17 15:00:00,96.811
2022-05-17 16:00:00,74.423
2022-05-17 17:00:00,45.148
2022-05-17 18:00:00,19.569
2022-05-17 19:00:00,3.934
2022-05-17 20:00:00,0.0
2022-05-17 21:00:00,0.0
2022-05-17 22:00:00,0.0
2022-05-17 23:00:00,0.0
2022-05-18 00:00:00,0.0
2022-05-18 01:00:00,0.0
2022-05-18 02:00:00,0.0
2022-05-18 03:00:00,0.0
2022-05-18 04:00:00,0.0
2022-05-18 05:00:00,0.0
2022-05-18 06:00:00,1.191
2022-05-18 07:00:00,11.273
2022-05-18 08:00:00,25.243
2022-05-18 09:00:00,37.276
2022-05-18 10:00:00,43.603
2022-05-18 11:00:00,50.263
2022-05-18 12:00:00,51.485
2022-05-18 13:00:00,53.698
2022-05-18 14:00:00,50.858
2022-05-18 15:00:00,44.753
2022-05-18 16:00:00,42.604
2022-05-18 17:00:00,37.522
2022-05-18 18:00:00,21.499
2022-05-18 19:00:00,5.242
2022-05-18 20:00:00,0.0
2022-05-18 21:00:00,0.0
2022-05-18 22:00:00,0.0
2022-05-18 23:00:00,0.0
2022-05-19 00:00:00,0.0
2022-05-19 01:00:00,0.0
2022-05-19 02:00:00,0.0
2022-05-19 03:00:00,0.0
2022-05-19 04:00:00,0.0
2022-05-19 05:00:00,0.0
2022-05-19 06:00:00,3.844
2022-05-19 07:00:00,21.491
2022-05-19 08:00:00,47.836
2022-05-19 09:00:00,74.533
2022-05-19 10:00:00,95.633
2022-05-19 11:00:00,110.393
2022-05-19 12:00:00,116.984
2022-05-19 13:00:00,116.175
2022-05-19 14:00:00,105.156
2022-05-19 15:00:00,87.653
2022-05-19 16:00:00,65.295
2022-05-19 17:00:00,42.19
2022-05-19 18:00:00,17.679
2022-05-19 19:00:00,2.986
2022-05-19 20:00:00,0.0
2022-05-19 21:00:00,0.0
2022-05-19 22:00:00,0.0
2022-05-19 23:00:00,0.0
2022-05-20 00:00:00,0.0
2022-05-20 01:00:00,0.0
2022-05-20 02:00:00,0.0
2022-05-20 03:00:00,0.0
2022-05-20 04:00:00,0.0
2022-05-20 05:00:00,0.0
2022-05-20 06:00:00,3.199
2022-05-20 07:00:00,18.451
2022-05-20 08:00:00,40.073
2022-05-20 09:00:00,54.734
2022-05-20 10:00:00,66.979
2022-05-20 11:00:00,73.878
2022-05-20 12:00:00,80.179
2022-05-20 13:00:00,79.476
2022-05-20 14:00:00,71.143
2022-05-20 15:00:00,60.135
2022-05-20 16:00:00,45.234
2022-05-20 17:00:00,27.571
2022-05-20 18:00:00,12.517
2022-05-20 19:00:00,2.621
2022-05-20 20:00:00,0.0
2022-05-20 21:00:00,0.0
2022-05-20 22:00:00,0.0
2022-05-20 23:00:00,0.0
2022-05-21 00:00:00,0.0
2022-05-21 01:00:00,0.0
2022-05-21 02:00:00,0.0
2022-05-21 03:00:00,0.0
2022-05-21 04:00:00,0.0
2022-05-21 05:00:00,0.0
2022-05-21 06:00:00,3.489
2022-05-21 07:00:00,19.836
2022-05-21 08:00:00,44.503
2022-05-21 09:00:00,65.369
2022-05-21 10:00:00,71.067
2022-05-21 11:00:00,71.266
2022-05-21 12:00:00,80.264
2022-05-21 13:00:00,79.704
2022-05-21 14:00:00,72.588
2022-05-21 15:00:00,59.895
2022-05-21 16:00:00,44.843
2022-05-21 17:00:00,27.687
2022-05-21 18:00:00,13.65
2022-05-21 19:00:00,3.26
2022-05-21 20:00:00,0.0
2022-05-21 21:00:00,0.0
2022-05-21 22:00:00,0.0
2022-05-21 23:00:00,0.0
2022-05-22 00:00:00,0.0
2022-05-22 01:00:00,0.0
2022-05-22 02:00:00,0.0
2022-05-22 03:00:00,0.0
2022-05-22 04:00:00,0.0
2022-05-22 05:00:00,0.0
2022-05-22 06:00:00,4.076
2022-05-22 07:00:00,20.268
2022-05-22 08:00:00,39.88
2022-05-22 09:00:00,63.352
2022-05-22 10:00:00,88.44
2022-05-22 11:00:00,104.673
2022-05-22 12:00:00,108.378
2022-05-22 13:00:00,106.595
2022-05-22 14:00:00,97.766
2022-05-22 15:00:00,81.144
2022-05-22 16:00:00,55.022
2022-05-22 17:00:00,25.405
2022-05-22 18:00:00,9.37
2022-05-22 19:00:00,2.672
2022-05-22 20:00:00,0.0
2022-05-22 21:00:00,0.0
2022-05-22 22:00:00,0.0
2022-05-22 23:00:00,0.0
2022-05-23 00:00:00,0.0
2022-05-23 01:00:00,0.0
2022-05-23 02:00:00,0.0
2022-05-23 03:00:00,0.0
2022-05-23 04:00:00,0.0
2022-05-23 05:00:00,0.0
2022-05-23 06:00:00,3.983
2022-05-23 07:00:00,20.449
2022-05-23 08:00:00,45.044
2022-05-23 09:00:00,67.011
2022-05-23 10:00:00,79.237
2022-05-23 11:00:00,89.598
2022-05-23 12:00:00,97.943
2022-05-23 13:00:00,97.645
2022-05-23 14:00:00,89.543
2022-05-23 15:00:00,86.173
2022-05-23 16:00:00,70.217
2022-05-23 17:00:00,47.618
2022-05-23 18:00:00,22.457
2022-05-23 19:00:00,5.546
2022-05-23 20:00:00,0.0
2022-05-23 21:00:00,0.0
2022-05-23 22:00:00,0.0
2022-05-23 23:00:00,0.0
2022-05-24 00:00:00,0.0
2022-05-24 01:00:00,0.0
2022-05-24 02:00:00,0.0
2022-05-24 03:00:00,0.0
2022-05-24 04:00:00,0.0
2022-05-24 05:00:00,0.0
2022-05-24 06:00:00,4.038
2022-05-24 07:00:00,20.493
2022-05-24 08:00:00,47.945
2022-05-24 09:00:00,74.016
2022-05-24 10:00:00,94.101
2022-05-24 11:00:00,106.183
2022-05-24 12:00:00,111.054
2022-05-24 13:00:00,109.045
2022-05-24 14:00:00,102.427
2022-05-24 15:00:00,91.999
2022-05-24 16:00:00,73.923
2022-05-24 17:00:00,49.61
2022-05-24 18:00:00,22.494
2022-05-24 19:00:00,5.356
2022-05-24 20:00:00,0.0
2022-05-24 21:00:00,0.0
2022-05-24 22:00:00,0.0
2022-05-24 23:00:00,0.0
2022-05-25 00:00:00,0.0
2022-05-25 01:00:00,0.0
2022-05-25 02:00:00,0.0
2022-05-25 03:00:00,0.0
2022-05-25 04:00:00,0.0
2022-05-25 05:00:00,0.0
2022-05-25 06:00:00,2.206
2022-05-25 07:00:00,14.419
2022-05-25 08:00:00,27.161
2022-05-25 09:00:00,36.802
2022-05-25 10:00:00,44.993
2022-05-25 11:00:00,54.292
2022-05-25 12:00:00,60.452
2022-05-25 13:00:00,63.455
2022-05-25 14:00:00,68.159
2022-05-25 15:00:00,54.578
2022-05-25 16:00:00,43.524
2022-05-25 17:00:00,34.671
2022-05-25 18:00:00,19.837
2022-05-25 19:00:00,5.211
2022-05-25 20:00:00,0.0
2022-05-25 21:00:00,0.0
2022-05-25 22:00:00,0.0
2022-05-25 23:00:00,0.0
2022-05-26 00:00:00,0.0
2022-05-26 01:00:00,0.0
2022-05-26 02:00:00,0.0
2022-05-26 03:00:00,0.0
2022-05-26 04:00:00,0.0
2022-05-26 05:00:00,0.0
2022-05-26 06:00:00,4.693
2022-05-26 07:00:00,21.964
2022-05-26 08:00:00,47.598
2022-05-26 09:00:00,73.432
2022-05-26 10:00:00,93.865
2022-05-26 11:00:00,106.733
2022-05-26 12:00:00,110.748
2022-05-26 13:00:00,98.4
2022-05-26 14:00:00,73.693
2022-05-26 15:00:00,58.946
2022-05-26 16:00:00,41.752
2022-05-26 17:00:00,32.064
2022-05-26 18:00:00,21.583
2022-05-26 19:00:00,6.011
2022-05-26 20:00:00,0.0
2022-05-26 21:00:00,0.0
2022-05-26 22:00:00,0.0
2022-05-26 23:00:00,0.0
2022-05-27 00:00:00,0.0
2022-05-27 01:00:00,0.0
2022-05-27 02:00:00,0.0
2022-05-27 03:00:00,0.0
2022-05-27 04:00:00,0.0
2022-05-27 05:00:00,0.0
2022-05-27 06:00:00,3.819
2022-05-27 07:00:00,19.248
2022-05-27 08:00:00,43.174
2022-05-27 09:00:00,66.635
2022-05-27 10:00:00,84.255
2022-05-27 11:00:00,95.075
2022-05-27 12:00:00,96.306
2022-05-27 13:00:00,92.623
2022-05-27 14:00:00,82.713
2022-05-27 15:00:00,70.343
2022-05-27 16:00:00,55.441
2022-05-27 17:00:00,38.546
2022-05-27 18:00:00,19.874
2022-05-27 19:00:00,4.753
2022-05-27 20:00:00,0.0
2022-05-27 21:00:00,0.0
2022-05-27 22:00:00,0.0
2022-05-27 23:00:00,0.0
2022-05-28 00:00:00,0.0
2022-05-28 01:00:00,0.0
2022-05-28 02:00:00,0.0
2022-05-28 03:00:00,0.0
2022-05-28 04:00:00,0.0
2022-05-28 05:00:00,0.0
2022-05-28 06:00:00,3.509
2022-05-28 07:00:00,17.658
2022-05-28 08:00:00,34.225
2022-05-28 09:00:00,46.534
2022-05-28 10:00:00,64.225
2022-05-28 11:00:00,92.588
2022-05-28 12:00:00,112.493
2022-05-28 13:00:00,114.114
2022-05-28 14:00:00,107.57
2022-05-28 15:00:00,93.696
2022-05-28 16:00:00,72.622
2022-05-28 17:00:00,46.65
2022-05-28 18:00:00,21.344
2022-05-28 19:00:00,4.902
2022-05-28 20:00:00,0.0
2022-05-28 21:00:00,0.0
2022-05-28 22:00:00,0.0
2022-05-28 23:00:00,0.0
2022-05-29 00:00:00,0.0
2022-05-29 01:00:00,0.0
2022-05-29 02:00:00,0.0
2022-05-29 03:00:00,0.0
2022-05-29 04:00:00,0.0
2022-05-29 05:00:00,0.0
2022-05-29 06:00:00,3.352
2022-05-29 07:00:00,17.528
2022-05-29 08:00:00,44.352
2022-05-29 09:00:00,69.038
2022-05-29 10:00:00,90.745
2022-05-29 11:00:00,103.909
2022-05-29 12:00:00,107.523
2022-05-29 13:00:00,101.922
2022-05-29 14:00:00,92.212
2022-05-29 15:00:00,79.886
2022-05-29 16:00:00,60.804
2022-05-29 17:00:00,38.381
2022-05-29 18:00:00,18.257
2022-05-29 19:00:00,4.443
2022-05-29 20:00:00,0.0
2022-05-29 21:00:00,0.0
2022-05-29 22:00:00,0.0
2022-05-29 23:00:00,0.0
2022-05-30 00:00:00,0.0
2022-05-30 01:00:00,0.0
2022-05-30 02:00:00,0.0
2022-05-30 03:00:00,0.0
2022-05-30 04:00:00,0.0
2022-05-30 05:00:00,0.0
2022-05-30 06:00:00,4.585
2022-05-30 07:00:00,20.085
2022-05-30 08:00:00,39.47
2022-05-30 09:00:00,55.751
2022-05-30 10:00:00,69.459
2022-05-30 11:00:00,81.067
2022-05-30 12:00:00,85.335
2022-05-30 13:00:00,85.233
2022-05-30 14:00:00,79.53
2022-05-30 15:00:00,74.428
2022-05-30 16:00:00,52.991
2022-05-30 17:00:00,28.728
2022-05-30 18:00:00,12.632
2022-05-30 19:00:00,2.843
2022-05-30 20:00:00,0.0
2022-05-30 21:00:00,0.0
2022-05-30 22:00:00,0.0
2022-05-30 23:00:00,0.0
2022-05-31 00:00:00,0.0
2022-05-31 01:00:00,0.0
2022-05-31 02:00:00,0.0
2022-05-31 03:00:00,0.0
2022-05-31 04:00:00,0.0
2022-05-31 05:00:00,0.0
2022-05-31 06:00:00,4.404
2022-05-31 07:00:00,21.56
2022-05-31 08:00:00,47.278
2022-05-31 09:00:00,73.4
2022-05-31 10:00:00,93.954
2022-05-31 11:00:00,108.461
2022-05-31 12:00:00,115.541
2022-05-31 13:00:00,116.456
2022-05-31 14:00:00,109.975
2022-05-31 15:00:00,95.187
2022-05-31 16:00:00,73.122
2022-05-31 17:00:00,46.517
2022-05-31 18:00:00,22.082
2022-05-31 19:00:00,6.008
2022-05-31 20:00:00,0.0
2022-05-31 21:00:00,0.0
2022-05-31 22:00:00,0.0
2022-05-31 23:00:00,0.0
2022-06-01 00:00:00,0.0
2022-06-01 01:00:00,0.0
2022-06-01 02:00:00,0.0
2022-06-01 03:00:00,0.0
2022-06-01 04:00:00,0.0
2022-06-01 05:00:00,0.0
2022-06-01 06:00:00,4.587
2022-06-01 07:00:00,20.329
2022-06-01 08:00:00,47.924
2022-06-01 09:00:00,73.639
2022-06-01 10:00:00,93.526
2022-06-01 11:00:00,107.211
2022-06-01 12:00:00,113.546
2022-06-01 13:00:00,113.381
2022-06-01 14:00:00,104.616
2022-06-01 15:00:00,90.586
2022-06-01 16:00:00,69.563
2022-06-01 17:00:00,44.972
2022-06-01 18:00:00,22.256
2022-06-01 19:00:00,6.135
2022-06-01 20:00:00,0.0
2022-06-01 21:00:00,0.0
2022-06-01 22:00:00,0.0
2022-06-01 23:00:00,0.0
2022-06-02 00:00:00,0.0
2022-06-02 01:00:00,0.0
2022-06-02 02:00:00,0.0
2022-06-02 03:00:00,0.0
2022-06-02 04:00:00,0.0
2022-06-02 05:00:00,0.0
2022-06-02 06:00:00,4.009
2022-06-02 07:00:00,16.737
2022-06-02 08:00:00,40.587
2022-06-02 09:00:00,69.228
2022-06-02 10:00:00,87.397
2022-06-02 11:00:00,95.066
2022-06-02 12:00:00,97.917
2022-06-02 13:00:00,99.317
2022-06-02 14:00:00,89.211
2022-06-02 15:00:00,73.206
2022-06-02 16:00:00,53.343
2022-06-02 17:00:00,39.237
2022-06-02 18:00:00,23.037
2022-06-02 19:00:00,6.221
2022-06-02 20:00:00,0.0
2022-06-02 21:00:00,0.0
2022-06-02 22:00:00,0.0
2022-06-02 23:00:00,0.0
2022-06-03 00:00:00,0.0
2022-06-03 01:00:00,0.0
2022-06-03 02:00:00,0.0
2022-06-03 03:00:00,0.0
2022-06-03 04:00:00,0.0
2022-06-03 05:00:00,0.0
2022-06-03 06:00:00,0.654
2022-06-03 07:00:00,4.739
2022-06-03 08:00:00,12.211
2022-06-03 09:00:00,24.132
2022-06-03 10:00:00,42.719
2022-06-03 11:00:00,63.657
2022-06-03 12:00:00,71.407
2022-06-03 13:00:00,69.04
2022-06-03 14:00:00,62.722
2022-06-03 15:00:00,55.548
2022-06-03 16:00:00,45.875
2022-06-03 17:00:00,31.997
2022-06-03 18:00:00,18.06
2022-06-03 19:00:00,5.552
2022-06-03 20:00:00,0.0
2022-06-03 21:00:00,0.0
2022-06-03 22:00:00,0.0
2022-06-03 23:00:00,0.0
2022-06-04 00:00:00,0.0
2022-06-04 01:00:00,0.0
2022-06-04 02:00:00,0.0
2022-06-04 03:00:00,0.0
2022-06-04 04:00:00,0.0
2022-06-04 05:00:00,0.0
2022-06-04 06:00:00,3.246
2022-06-04 07:00:00,12.753
2022-06-04 08:00:00,27.087
2022-06-04 09:00:00,49.201
2022-06-04 10:00:00,65.388
2022-06-04 11:00:00,73.731
2022-06-04 12:00:00,83.548
2022-06-04 13:00:00,90.392
2022-06-04 14:00:00,88.702
2022-06-04 15:00:00,80.109
2022-06-04 16:00:00,68.358
2022-06-04 17:00:00,48.17
2022-06-04 18:00:00,23.928
2022-06-04 19:00:00,7.005
2022-06-04 20:00:00,0.0
2022-06-04 21:00:00,0.0
2022-06-04 22:00:00,0.0
2022-06-04 23:00:00,0.0
2022-06-05 00:00:00,0.0
2022-06-05 01:00:00,0.0
2022-06-05 02:00:00,0.0
2022-06-05 03:00:00,0.0
2022-06-05 04:00:00,0.0
2022-06-05 05:00:00,0.0
2022-06-05 06:00:00,4.007
2022-06-05 07:00:00,19.147
2022-06-05 08:00:00,46.871
2022-06-05 09:00:00,72.13
2022-06-05 10:00:00,86.596
2022-06-05 11:00:00,97.648
2022-06-05 12:00:00,104.727
2022-06-05 13:00:00,108.451
2022-06-05 14:00:00,100.955
2022-06-05 15:00:00,87.856
2022-06-05 16:00:00,67.202
2022-06-05 17:00:00,42.98
2022-06-05 18:00:00,20.148
2022-06-05 19:00:00,4.99
2022-06-05 20:00:00,0.0
2022-06-05 21:00:00,0.0
2022-06-05 22:00:00,0.0
2022-06-05 23:00:00,0.0
2022-06-06 00:00:00,0.0
2022-06-06 01:00:00,0.0
2022-06-06 02:00:00,0.0
2022-06-06 03:00:00,0.0
2022-06-06 04:00:00,0.0
2022-06-06 05:00:00,0.0
2022-06-06 06:00:00,2.163
2022-06-06 07:00:00,11.751
2022-06-06 08:00:00,27.365
2022-06-06 09:00:00,44.361
2022-06-06 10:00:00,57.97
2022-06-06 11:00:00,71.454
2022-06-06 12:00:00,84.637
2022-06-06 13:00:00,95.137
2022-06-06 14:00:00,97.994
2022-06-06 15:00:00,87.44
2022-06-06 16:00:00,65.81
2022-06-06 17:00:00,39.389
2022-06-06 18:00:00,16.903
2022-06-06 19:00:00,3.798
2022-06-06 20:00:00,0.0
2022-06-06 21:00:00,0.0
2022-06-06 22:00:00,0.0
2022-06-06 23:00:00,0.0
2022-06-07 00:00:00,0.0
2022-06-07 01:00:00,0.0
2022-06-07 02:00:00,0.0
2022-06-07 03:00:00,0.0
2022-06-07 04:00:00,0.0
2022-06-07 05:00:00,0.0
2022-06-07 06:00:00,4.326
2022-06-07 07:00:00,17.815
2022-06-07 08:00:00,28.576
2022-06-07 09:00:00,47.972
2022-06-07 10:00:00,78.501
2022-06-07 11:00:00,96.723
2022-06-07 12:00:00,97.867
2022-06-07 13:00:00,94.507
2022-06-07 14:00:00,90.01
2022-06-07 15:00:00,79.947
2022-06-07 16:00:00,62.443
2022-06-07 17:00:00,40.349
2022-06-07 18:00:00,20.976
2022-06-07 19:00:00,6.194
2022-06-07 20:00:00,0.0
2022-06-07 21:00:00,0.0
2022-06-07 22:00:00,0.0
2022-06-07 23:00:00,0.0
2022-06-08 00:00:00,0.0
2022-06-08 01:00:00,0.0
2022-06-08 02:00:00,0.0
2022-06-08 03:00:00,0.0
2022-06-08 04:00:00,0.0
2022-06-08 05:00:00,0.0
2022-06-08 06:00:00,4.797
2022-06-08 07:00:00,20.715
2022-06-08 08:00:00,45.296
2022-06-08 09:00:00,68.505
2022-06-08 10:00:00,85.931
2022-06-08 11:00:00,98.632
2022-06-08 12:00:00,101.125
2022-06-08 13:00:00,99.93
2022-06-08 14:00:00,91.7
2022-06-08 15:00:00,71.332
2022-06-08 16:00:00,46.487
2022-06-08 17:00:00,24.838
2022-06-08 18:00:00,10.202
2022-06-08 19:00:00,1.63
2022-06-08 20:00:00,0.0
2022-06-08 21:00:00,0.0
2022-06-08 22:00:00,0.0
2022-06-08 23:00:00,0.0
2022-06-09 00:00:00,0.0
2022-06-09 01:00:00,0.0
2022-06-09 02:00:00,0.0
2022-06-09 03:00:00,0.0
2022-06-09 04:00:00,0.0
2022-06-09 05:00:00,0.0
2022-06-09 06:00:00,3.787
2022-06-09 07:00:00,15.952
2022-06-09 08:00:00,34.834
2022-06-09 09:00:00,58.344
2022-06-09 10:00:00,76.683
2022-06-09 11:00:00,87.668
2022-06-09 12:00:00,90.307
2022-06-09 13:00:00,83.981
2022-06-09 14:00:00,76.221
2022-06-09 15:00:00,61.952
2022-06-09 16:00:00,43.112
2022-06-09 17:00:00,32.237
2022-06-09 18:00:00,18.739
2022-06-09 19:00:00,5.251
2022-06-09 20:00:00,0.0
2022-06-09 21:00:00,0.0
2022-06-09 22:00:00,0.0
2022-06-09 23:00:00,0.0
2022-06-10 00:00:00,0.0
2022-06-10 01:00:00,0.0
2022-06-10 02:00:00,0.0
2022-06-10 03:00:00,0.0
2022-06-10 04:00:00,0.0
2022-06-10 05:00:00,0.0
2022-06-10 06:00:00,5.676
2022-06-10 07:00:00,21.774
2022-06-10 08:00:00,47.483
2022-06-10 09:00:00,72.597
2022-06-10 10:00:00,92.425
2022-06-10 11:00:00,105.524
2022-06-10 12:00:00,112.961
2022-06-10 13:00:00,113.0
2022-06-10 14:00:00,104.767
2022-06-10 15:00:00,89.089
2022-06-10 16:00:00,69.723
2022-06-10 17:00:00,46.283
2022-06-10 18:00:00,22.488
2022-06-10 19:00:00,6.654
2022-06-10 20:00:00,0.0
2022-06-10 21:00:00,0.0
2022-06-10 22:00:00,0.0
2022-06-10 23:00:00,0.0
2022-06-11 00:00:00,0.0
2022-06-11 01:00:00,0.0
2022-06-11 02:00:00,0.0
2022-06-11 03:00:00,0.0
2022-06-11 04:00:00,0.0
2022-06-11 05:00:00,0.0
2022-06-11 06:00:00,2.646
2022-06-11 07:00:00,10.163
2022-06-11 08:00:00,22.162
2022-06-11 09:00:00,38.817
2022-06-11 10:00:00,58.315
2022-06-11 11:00:00,74.45
2022-06-11 12:00:00,75.137
2022-06-11 13:00:00,65.042
2022-06-11 14:00:00,54.979
2022-06-11 15:00:00,48.139
2022-06-11 16:00:00,39.228
2022-06-11 17:00:00,24.307
2022-06-11 18:00:00,10.126
2022-06-11 19:00:00,2.494
2022-06-11 20:00:00,0.0
2022-06-11 21:00:00,0.0
2022-06-11 22:00:00,0.0
2022-06-11 23:00:00,0.0
2022-06-12 00:00:00,0.0
2022-06-12 01:00:00,0.0
2022-06-12 02:00:00,0.0
2022-06-12 03:00:00,0.0
2022-06-12 04:00:00,0.0
2022-06-12 05:00:00,0.0
2022-06-12 06:00:00,5.807
2022-06-12 07:00:00,22.596
2022-06-12 08:00:00,45.956
2022-06-12 09:00:00,68.09
2022-06-12 10:00:00,83.394
2022-06-12 11:00:00,91.154
2022-06-12 12:00:00,91.75
2022-06-12 13:00:00,89.184
2022-06-12 14:00:00,86.127
2022-06-12 15:00:00,80.197
2022-06-12 16:00:00,68.068
2022-06-12 17:00:00,49.044
2022-06-12 18:00:00,24.321
2022-06-12 19:00:00,6.633
2022-06-12 20:00:00,0.0
2022-06-12 21:00:00,0.0
2022-06-12 22:00:00,0.0
2022-06-12 23:00:00,0.0
2022-06-13 00:00:00,0.0
2022-06-13 01:00:00,0.0
2022-06-13 02:00:00,0.0
2022-06-13 03:00:00,0.0
2022-06-13 04:00:00,0.0
2022-06-13 05:00:00,0.0
2022-06-13 06:00:00,5.058
2022-06-13 07:00:00,20.753
2022-06-13 08:00:00,49.956
2022-06-13 09:00:00,77.018
2022-06-13 10:00:00,97.804
2022-06-13 11:00:00,111.644
2022-06-13 12:00:00,118.474
2022-06-13 13:00:00,118.676
2022-06-13 14:00:00,112.25
2022-06-13 15:00:00,99.29
2022-06-13 16:00:00,79.496
2022-06-13 17:00:00,53.347
2022-06-13 18:00:00,23.705
2022-06-13 19:00:00,5.225
2022-06-13 20:00:00,0.0
2022-06-13 21:00:00,0.0
2022-06-13 22:00:00,0.0
2022-06-13 23:00:00,0.0
2022-06-14 00:00:00,0.0
2022-06-14 01:00:00,0.0
2022-06-14 02:00:00,0.0
2022-06-14 03:00:00,0.0
2022-06-14 04:00:00,0.0
2022-06-14 05:00:00,0.0
2022-06-14 06:00:00,4.278
2022-06-14 07:00:00,19.667
2022-06-14 08:00:00,49.985
2022-06-14 09:00:00,76.624
2022-06-14 10:00:00,96.79
2022-06-14 11:00:00,110.099
2022-06-14 12:00:00,116.483
2022-06-14 13:00:00,116.392
2022-06-14 14:00:00,110.149
2022-06-14 15:00:00,97.285
2022-06-14 16:00:00,77.853
2022-06-14 17:00:00,52.283
2022-06-14 18:00:00,23.349
2022-06-14 19:00:00,5.24
2022-06-14 20:00:00,0.0
2022-06-14 21:00:00,0.0
2022-06-14 22:00:00,0.0
2022-06-14 23:00:00,0.0
2022-06-15 00:00:00,0.0
2022-06-15 01:00:00,0.0
2022-06-15 02:00:00,0.0
2022-06-15 03:00:00,0.0
2022-06-15 04:00:00,0.0
2022-06-15 05:00:00,0.0
2022-06-15 06:00:00,4.459
2022-06-15 07:00:00,19.437
2022-06-15 08:00:00,48.597
2022-06-15 09:00:00,74.508
2022-06-15 10:00:00,94.326
2022-06-15 11:00:00,107.356
2022-06-15 12:00:00,113.678
2022-06-15 13:00:00,113.704
2022-06-15 14:00:00,107.409
2022-06-15 15:00:00,94.893
2022-06-15 16:00:00,75.906
2022-06-15 17:00:00,51.032
2022-06-15 18:00:00,23.264
2022-06-15 19:00:00,5.795
2022-06-15 20:00:00,0.0
2022-06-15 21:00:00,0.0
2022-06-15 22:00:00,0.0
2022-06-15 23:00:00,0.0
2022-06-16 00:00:00,0.0
2022-06-16 01:00:00,0.0
2022-06-16 02:00:00,0.0
2022-06-16 03:00:00,0.0
2022-06-16 04:00:00,0.0
2022-06-16 05:00:00,0.0
2022-06-16 06:00:00,4.7
2022-06-16 07:00:00,19.474
2022-06-16 08:00:00,47.921
2022-06-16 09:00:00,73.749
2022-06-16 10:00:00,93.674
2022-06-16 11:00:00,107.049
2022-06-16 12:00:00,113.491
2022-06-16 13:00:00,113.603
2022-06-16 14:00:00,107.467
2022-06-16 15:00:00,95.065
2022-06-16 16:00:00,76.196
2022-06-16 17:00:00,51.338
2022-06-16 18:00:00,23.342
2022-06-16 19:00:00,5.773
2022-06-16 20:00:00,0.0
2022-06-16 21:00:00,0.0
2022-06-16 22:00:00,0.0
2022-06-16 23:00:00,0.0
2022-06-17 00:00:00,0.0
2022-06-17 01:00:00,0.0
2022-06-17 02:00:00,0.0
2022-06-17 03:00:00,0.0
2022-06-17 04:00:00,0.0
2022-06-17 05:00:00,0.0
2022-06-17 06:00:00,4.789
2022-06-17 07:00:00,19.444
2022-06-17 08:00:00,48.149
2022-06-17 09:00:00,73.826
2022-06-17 10:00:00,93.432
2022-06-17 11:00:00,106.189
2022-06-17 12:00:00,112.327
2022-06-17 13:00:00,112.141
2022-06-17 14:00:00,105.787
2022-06-17 15:00:00,93.149
2022-06-17 16:00:00,73.859
2022-06-17 17:00:00,49.117
2022-06-17 18:00:00,22.954
2022-06-17 19:00:00,6.634
2022-06-17 20:00:00,0.0
2022-06-17 21:00:00,0.0
2022-06-17 22:00:00,0.0
2022-06-17 23:00:00,0.0
2022-06-18 00:00:00,0.0
2022-06-18 01:00:00,0.0
2022-06-18 02:00:00,0.0
2022-06-18 03:00:00,0.0
2022-06-18 04:00:00,0.0
2022-06-18 05:00:00,0.0
2022-06-18 06:00:00,4.539
2022-06-18 07:00:00,17.203
2022-06-18 08:00:00,37.304
2022-06-18 09:00:00,60.909
2022-06-18 10:00:00,74.901
2022-06-18 11:00:00,74.686
2022-06-18 12:00:00,76.455
2022-06-18 13:00:00,78.187
2022-06-18 14:00:00,69.861
2022-06-18 15:00:00,55.454
2022-06-18 16:00:00,39.462
2022-06-18 17:00:00,25.489
2022-06-18 18:00:00,14.881
2022-06-18 19:00:00,6.179
2022-06-18 20:00:00,0.0
2022-06-18 21:00:00,0.0
2022-06-18 22:00:00,0.0
2022-06-18 23:00:00,0.0
2022-06-19 00:00:00,0.0
2022-06-19 01:00:00,0.0
2022-06-19 02:00:00,0.0
2022-06-19 03:00:00,0.0
2022-06-19 04:00:00,0.0
2022-06-19 05:00:00,0.0
2022-06-19 06:00:00,5.939
2022-06-19 07:00:00,21.547
2022-06-19 08:00:00,46.158
2022-06-19 09:00:00,68.77
2022-06-19 10:00:00,81.808
2022-06-19 11:00:00,94.942
2022-06-19 12:00:00,106.827
2022-06-19 13:00:00,103.609
2022-06-19 14:00:00,97.641
2022-06-19 15:00:00,81.459
2022-06-19 16:00:00,58.568
2022-06-19 17:00:00,39.682
2022-06-19 18:00:00,21.948
2022-06-19 19:00:00,6.427
2022-06-19 20:00:00,0.0
2022-06-19 21:00:00,0.0
2022-06-19 22:00:00,0.0
2022-06-19 23:00:00,0.0
2022-06-20 00:00:00,0.0
2022-06-20 01:00:00,0.0
2022-06-20 02:00:00,0.0
2022-06-20 03:00:00,0.0
2022-06-20 04:00:00,0.0
2022-06-20 05:00:00,0.0
2022-06-20 06:00:00,4.494
2022-06-20 07:00:00,16.489
2022-06-20 08:00:00,24.696
2022-06-20 09:00:00,24.937
2022-06-20 10:00:00,25.489
2022-06-20 11:00:00,33.125
2022-06-20 12:00:00,44.776
2022-06-20 13:00:00,52.46
2022-06-20 14:00:00,51.461
2022-06-20 15:00:00,42.753
2022-06-20 16:00:00,34.754
2022-06-20 17:00:00,24.561
2022-06-20 18:00:00,13.03
2022-06-20 19:00:00,3.447
2022-06-20 20:00:00,0.0
2022-06-20 21:00:00,0.0
2022-06-20 22:00:00,0.0
2022-06-20 23:00:00,0.0
2022-06-21 00:00:00,0.0
2022-06-21 01:00:00,0.0
2022-06-21 02:00:00,0.0
2022-06-21 03:00:00,0.0
2022-06-21 04:00:00,0.0
2022-06-21 05:00:00,0.0
2022-06-21 06:00:00,5.496
2022-06-21 07:00:00,22.228
2022-06-21 08:00:00,46.117
2022-06-21 09:00:00,63.575
2022-06-21 10:00:00,74.617
2022-06-21 11:00:00,82.112
2022-06-21 12:00:00,73.484
2022-06-21 13:00:00,65.317
2022-06-21 14:00:00,73.692
2022-06-21 15:00:00,71.588
2022-06-21 16:00:00,59.422
2022-06-21 17:00:00,41.654
2022-06-21 18:00:00,22.701
2022-06-21 19:00:00,6.607
2022-06-21 20:00:00,0.0
2022-06-21 21:00:00,0.0
2022-06-21 22:00:00,0.0
2022-06-21 23:00:00,0.0
2022-06-22 00:00:00,0.0
2022-06-22 01:00:00,0.0
2022-06-22 02:00:00,0.0
2022-06-22 03:00:00,0.0
2022-06-22 04:00:00,0.0
2022-06-22 05:00:00,0.0
2022-06-22 06:00:00,3.023
2022-06-22 07:00:00,14.167
2022-06-22 08:00:00,31.344
2022-06-22 09:00:00,54.578
2022-06-22 10:00:00,79.023
2022-06-22 11:00:00,97.454
2022-06-22 12:00:00,103.864
2022-06-22 13:00:00,104.346
2022-06-22 14:00:00,102.574
2022-06-22 15:00:00,91.043
2022-06-22 16:00:00,73.588
2022-06-22 17:00:00,49.887
2022-06-22 18:00:00,24.472
2022-06-22 19:00:00,6.99
2022-06-22 20:00:00,0.0
2022-06-22 21:00:00,0.0
2022-06-22 22:00:00,0.0
2022-06-22 23:00:00,0.0
2022-06-23 00:00:00,0.0
2022-06-23 01:00:00,0.0
2022-06-23 02:00:00,0.0
2022-06-23 03:00:00,0.0
2022-06-23 04:00:00,0.0
2022-06-23 05:00:00,0.0
2022-06-23 06:00:00,5.268
2022-06-23 07:00:00,19.993
2022-06-23 08:00:00,47.515
2022-06-23 09:00:00,73.248
2022-06-23 10:00:00,93.01
2022-06-23 11:00:00,106.156
2022-06-23 12:00:00,112.22
2022-06-23 13:00:00,111.465
2022-06-23 14:00:00,102.87
2022-06-23 15:00:00,88.911
2022-06-23 16:00:00,70.28
2022-06-23 17:00:00,47.755
2022-06-23 18:00:00,23.358
2022-06-23 19:00:00,6.562
2022-06-23 20:00:00,0.0
2022-06-23 21:00:00,0.0
2022-06-23 22:00:00,0.0
2022-06-23 23:00:00,0.0
2022-06-24 00:00:00,0.0
2022-06-24 01:00:00,0.0
2022-06-24 02:00:00,0.0
2022-06-24 03:00:00,0.0
2022-06-24 04:00:00,0.0
2022-06-24 05:00:00,0.0
2022-06-24 06:00:00,5.065
2022-06-24 07:00:00,19.366
2022-06-24 08:00:00,46.968
2022-06-24 09:00:00,71.864
2022-06-24 10:00:00,91.163
2022-06-24 11:00:00,104.138
2022-06-24 12:00:00,110.051
2022-06-24 13:00:00,109.586
2022-06-24 14:00:00,102.72
2022-06-24 15:00:00,88.68
2022-06-24 16:00:00,66.417
2022-06-24 17:00:00,42.065
2022-06-24 18:00:00,21.281
2022-06-24 19:00:00,5.806
2022-06-24 20:00:00,0.0
2022-06-24 21:00:00,0.0
2022-06-24 22:00:00,0.0
2022-06-24 23:00:00,0.0
2022-06-25 00:00:00,0.0
2022-06-25 01:00:00,0.0
2022-06-25 02:00:00,0.0
2022-06-25 03:00:00,0.0
2022-06-25 04:00:00,0.0
2022-06-25 05:00:00,0.0
2022-06-25 06:00:00,3.159
2022-06-25 07:00:00,10.469
2022-06-25 08:00:00,18.599
2022-06-25 09:00:00,26.294
2022-06-25 10:00:00,33.975
2022-06-25 11:00:00,40.757
2022-06-25 12:00:00,44.783
2022-06-25 13:00:00,45.409
2022-06-25 14:00:00,42.567
2022-06-25 15:00:00,44.532
2022-06-25 16:00:00,46.738
2022-06-25 17:00:00,39.004
2022-06-25 18:00:00,18.942
2022-06-25 19:00:00,2.807
2022-06-25 20:00:00,0.0
2022-06-25 21:00:00,0.0
2022-06-25 22:00:00,0.0
2022-06-25 23:00:00,0.0
2022-06-26 00:00:00,0.0
2022-06-26 01:00:00,0.0
2022-06-26 02:00:00,0.0
2022-06-26 03:00:00,0.0
2022-06-26 04:00:00,0.0
2022-06-26 05:00:00,0.0
2022-06-26 06:00:00,5.084
2022-06-26 07:00:00,20.929
2022-06-26 08:00:00,36.444
2022-06-26 09:00:00,44.849
2022-06-26 10:00:00,60.811
2022-06-26 11:00:00,73.938
2022-06-26 12:00:00,82.929
2022-06-26 13:00:00,88.151
2022-06-26 14:00:00,84.408
2022-06-26 15:00:00,72.764
2022-06-26 16:00:00,55.244
2022-06-26 17:00:00,35.82
2022-06-26 18:00:00,21.507
2022-06-26 19:00:00,6.608
2022-06-26 20:00:00,0.0
2022-06-26 21:00:00,0.0
2022-06-26 22:00:00,0.0
2022-06-26 23:00:00,0.0
2022-06-27 00:00:00,0.0
2022-06-27 01:00:00,0.0
2022-06-27 02:00:00,0.0
2022-06-27 03:00:00,0.0
2022-06-27 04:00:00,0.0
2022-06-27 05:00:00,0.0
2022-06-27 06:00:00,4.393
2022-06-27 07:00:00,20.974
2022-06-27 08:00:00,46.198
2022-06-27 09:00:00,67.909
2022-06-27 10:00:00,78.419
2022-06-27 11:00:00,87.103
2022-06-27 12:00:00,100.99
2022-06-27 13:00:00,108.051
2022-06-27 14:00:00,105.123
2022-06-27 15:00:00,92.627
2022-06-27 16:00:00,70.821
2022-06-27 17:00:00,46.233
2022-06-27 18:00:00,23.637
2022-06-27 19:00:00,6.909
2022-06-27 20:00:00,0.0
2022-06-27 21:00:00,0.0
2022-06-27 22:00:00,0.0
2022-06-27 23:00:00,0.0
2022-06-28 00:00:00,0.0
2022-06-28 01:00:00,0.0
2022-06-28 02:00:00,0.0
2022-06-28 03:00:00,0.0
2022-06-28 04:00:00,0.0
2022-06-28 05:00:00,0.0
2022-06-28 06:00:00,5.279
2022-06-28 07:00:00,19.743
2022-06-28 08:00:00,47.492
2022-06-28 09:00:00,73.616
2022-06-28 10:00:00,93.736
2022-06-28 11:00:00,107.344
2022-06-28 12:00:00,114.108
2022-06-28 13:00:00,114.432
2022-06-28 14:00:00,108.151
2022-06-28 15:00:00,95.694
2022-06-28 16:00:00,76.762
2022-06-28 17:00:00,51.949
2022-06-28 18:00:00,24.237
2022-06-28 19:00:00,5.919
2022-06-28 20:00:00,0.0
2022-06-28 21:00:00,0.0
2022-06-28 22:00:00,0.0
2022-06-28 23:00:00,0.0
2022-06-29 00:00:00,0.0
2022-06-29 01:00:00,0.0
2022-06-29 02:00:00,0.0
2022-06-29 03:00:00,0.0
2022-06-29 04:00:00,0.0
2022-06-29 05:00:00,0.0
2022-06-29 06:00:00,4.702
2022-06-29 07:00:00,18.851
2022-06-29 08:00:00,47.709
2022-06-29 09:00:00,73.683
2022-06-29 10:00:00,93.611
2022-06-29 11:00:00,106.715
2022-06-29 12:00:00,113.195
2022-06-29 13:00:00,113.331
2022-06-29 14:00:00,107.055
2022-06-29 15:00:00,94.603
2022-06-29 16:00:00,75.584
2022-06-29 17:00:00,50.883
2022-06-29 18:00:00,23.825
2022-06-29 19:00:00,6.283
2022-06-29 20:00:00,0.0
2022-06-29 21:00:00,0.0
2022-06-29 22:00:00,0.0
2022-06-29 23:00:00,0.0
2022-06-30 00:00:00,0.0
2022-06-30 01:00:00,0.0
2022-06-30 02:00:00,0.0
2022-06-30 03:00:00,0.0
2022-06-30 04:00:00,0.0
2022-06-30 05:00:00,0.0
2022-06-30 06:00:00,4.915
2022-06-30 07:00:00,18.855
2022-06-30 08:00:00,46.375
2022-06-30 09:00:00,70.898
2022-06-30 10:00:00,90.166
2022-06-30 11:00:00,102.227
2022-06-30 12:00:00,106.019
2022-06-30 13:00:00,103.576
2022-06-30 14:00:00,97.605
2022-06-30 15:00:00,86.114
2022-06-30 16:00:00,68.906
2022-06-30 17:00:00,44.368
2022-06-30 18:00:00,20.791
2022-06-30 19:00:00,5.61
2022-06-30 20:00:00,0.0
2022-06-30 21:00:00,0.0
2022-06-30 22:00:00,0.0
2022-06-30 23:00:00,0.0
2022-07-01 00:00:00,0.0
2022-07-01 01:00:00,0.0
2022-07-01 02:00:00,0.0
2022-07-01 03:00:00,0.0
2022-07-01 04:00:00,0.0
2022-07-01 05:00:00,0.0
2022-07-01 06:00:00,4.709
2022-07-01 07:00:00,18.212
2022-07-01 08:00:00,40.571
2022-07-01 09:00:00,63.759
2022-07-01 10:00:00,79.943
2022-07-01 11:00:00,79.62
2022-07-01 12:00:00,70.673
2022-07-01 13:00:00,64.924
2022-07-01 14:00:00,74.919
2022-07-01 15:00:00,72.917
2022-07-01 16:00:00,51.416
2022-07-01 17:00:00,21.123
2022-07-01 18:00:00,7.729
2022-07-01 19:00:00,1.509
2022-07-01 20:00:00,0.0
2022-07-01 21:00:00,0.0
2022-07-01 22:00:00,0.0
2022-07-01 23:00:00,0.0
2022-07-02 00:00:00,0.0
2022-07-02 01:00:00,0.0
2022-07-02 02:00:00,0.0
2022-07-02 03:00:00,0.0
2022-07-02 04:00:00,0.0
2022-07-02 05:00:00,0.0
2022-07-02 06:00:00,4.709
2022-07-02 07:00:00,20.37
2022-07-02 08:00:00,43.168
2022-07-02 09:00:00,69.196
2022-07-02 10:00:00,90.811
2022-07-02 11:00:00,106.413
2022-07-02 12:00:00,113.286
2022-07-02 13:00:00,113.499
2022-07-02 14:00:00,107.421
2022-07-02 15:00:00,94.82
2022-07-02 16:00:00,75.799
2022-07-02 17:00:00,51.126
2022-07-02 18:00:00,24.067
2022-07-02 19:00:00,6.09
2022-07-02 20:00:00,0.0
2022-07-02 21:00:00,0.0
2022-07-02 22:00:00,0.0
2022-07-02 23:00:00,0.0
2022-07-03 00:00:00,0.0
2022-07-03 01:00:00,0.0
2022-07-03 02:00:00,0.0
2022-07-03 03:00:00,0.0
2022-07-03 04:00:00,0.0
2022-07-03 05:00:00,0.0
2022-07-03 06:00:00,4.777
2022-07-03 07:00:00,18.726
2022-07-03 08:00:00,45.93
2022-07-03 09:00:00,69.952
2022-07-03 10:00:00,87.183
2022-07-03 11:00:00,100.676
2022-07-03 12:00:00,107.839
2022-07-03 13:00:00,108.59
2022-07-03 14:00:00,98.639
2022-07-03 15:00:00,83.378
2022-07-03 16:00:00,62.712
2022-07-03 17:00:00,38.682
2022-07-03 18:00:00,18.447
2022-07-03 19:00:00,5.175
2022-07-03 20:00:00,0.0
2022-07-03 21:00:00,0.0
2022-07-03 22:00:00,0.0
2022-07-03 23:00:00,0.0
2022-07-04 00:00:00,0.0
2022-07-04 01:00:00,0.0
2022-07-04 02:00:00,0.0
2022-07-04 03:00:00,0.0
2022-07-04 04:00:00,0.0
2022-07-04 05:00:00,0.0
2022-07-04 06:00:00,5.205
2022-07-04 07:00:00,19.509
2022-07-04 08:00:00,46.527
2022-07-04 09:00:00,71.37
2022-07-04 10:00:00,90.602
2022-07-04 11:00:00,103.018
2022-07-04 12:00:00,101.489
2022-07-04 13:00:00,91.799
2022-07-04 14:00:00,71.353
2022-07-04 15:00:00,48.008
2022-07-04 16:00:00,31.606
2022-07-04 17:00:00,24.037
2022-07-04 18:00:00,15.499
2022-07-04 19:00:00,4.245
2022-07-04 20:00:00,0.0
2022-07-04 21:00:00,0.0
2022-07-04 22:00:00,0.0
2022-07-04 23:00:00,0.0
2022-07-05 00:00:00,0.0
2022-07-05 01:00:00,0.0
2022-07-05 02:00:00,0.0
2022-07-05 03:00:00,0.0
2022-07-05 04:00:00,0.0
2022-07-05 05:00:00,0.0
2022-07-05 06:00:00,5.458
2022-07-05 07:00:00,20.455
2022-07-05 08:00:00,45.43
2022-07-05 09:00:00,71.607
2022-07-05 10:00:00,91.706
2022-07-05 11:00:00,105.535
2022-07-05 12:00:00,112.455
2022-07-05 13:00:00,112.801
2022-07-05 14:00:00,106.866
2022-07-05 15:00:00,94.543
2022-07-05 16:00:00,75.744
2022-07-05 17:00:00,51.026
2022-07-05 18:00:00,23.938
2022-07-05 19:00:00,6.114
2022-07-05 20:00:00,0.0
2022-07-05 21:00:00,0.0
2022-07-05 22:00:00,0.0
2022-07-05 23:00:00,0.0
2022-07-06 00:00:00,0.0
2022-07-06 01:00:00,0.0
2022-07-06 02:00:00,0.0
2022-07-06 03:00:00,0.0
2022-07-06 04:00:00,0.0
2022-07-06 05:00:00,0.0
2022-07-06 06:00:00,4.755
2022-07-06 07:00:00,18.506
2022-07-06 08:00:00,46.072
2022-07-06 09:00:00,71.413
2022-07-06 10:00:00,91.026
2022-07-06 11:00:00,104.21
2022-07-06 12:00:00,110.401
2022-07-06 13:00:00,110.32
2022-07-06 14:00:00,104.259
2022-07-06 15:00:00,91.969
2022-07-06 16:00:00,73.511
2022-07-06 17:00:00,49.536
2022-07-06 18:00:00,23.351
2022-07-06 19:00:00,6.036
2022-07-06 20:00:00,0.0
2022-07-06 21:00:00,0.0
2022-07-06 22:00:00,0.0
2022-07-06 23:00:00,0.0
2022-07-07 00:00:00,0.0
2022-07-07 01:00:00,0.0
2022-07-07 02:00:00,0.0
2022-07-07 03:00:00,0.0
2022-07-07 04:00:00,0.0
2022-07-07 05:00:00,0.0
2022-07-07 06:00:00,4.708
2022-07-07 07:00:00,18.376
2022-07-07 08:00:00,45.079
2022-07-07 09:00:00,69.714
2022-07-07 10:00:00,89.093
2022-07-07 11:00:00,101.569
2022-07-07 12:00:00,107.147
2022-07-07 13:00:00,106.833
2022-07-07 14:00:00,99.897
2022-07-07 15:00:00,87.816
2022-07-07 16:00:00,69.794
2022-07-07 17:00:00,46.808
2022-07-07 18:00:00,23.021
2022-07-07 19:00:00,6.246
2022-07-07 20:00:00,0.0
2022-07-07 21:00:00,0.0
2022-07-07 22:00:00,0.0
2022-07-07 23:00:00,0.0
2022-07-08 00:00:00,0.0
2022-07-08 01:00:00,0.0
2022-07-08 02:00:00,0.0
2022-07-08 03:00:00,0.0
2022-07-08 04:00:00,0.0
2022-07-08 05:00:00,0.0
2022-07-08 06:00:00,1.996
2022-07-08 07:00:00,13.555
2022-07-08 08:00:00,31.655
2022-07-08 09:00:00,49.639
2022-07-08 10:00:00,69.494
2022-07-08 11:00:00,84.663
2022-07-08 12:00:00,89.067
2022-07-08 13:00:00,95.072
2022-07-08 14:00:00,92.59
2022-07-08 15:00:00,77.504
2022-07-08 16:00:00,54.822
2022-07-08 17:00:00,32.415
2022-07-08 18:00:00,16.075
2022-07-08 19:00:00,3.821
2022-07-08 20:00:00,0.0
2022-07-08 21:00:00,0.0
2022-07-08 22:00:00,0.0
2022-07-08 23:00:00,0.0
2022-07-09 00:00:00,0.0
2022-07-09 01:00:00,0.0
2022-07-09 02:00:00,0.0
2022-07-09 03:00:00,0.0
2022-07-09 04:00:00,0.0
2022-07-09 05:00:00,0.0
2022-07-09 06:00:00,4.575
2022-07-09 07:00:00,19.288
2022-07-09 08:00:00,39.225
2022-07-09 09:00:00,59.227
2022-07-09 10:00:00,77.702
2022-07-09 11:00:00,91.186
2022-07-09 12:00:00,93.066
2022-07-09 13:00:00,93.734
2022-07-09 14:00:00,85.028
2022-07-09 15:00:00,73.127
2022-07-09 16:00:00,57.18
2022-07-09 17:00:00,37.615
2022-07-09 18:00:00,17.719
2022-07-09 19:00:00,5.14
2022-07-09 20:00:00,0.0
2022-07-09 21:00:00,0.0
2022-07-09 22:00:00,0.0
2022-07-09 23:00:00,0.0
2022-07-10 00:00:00,0.0
2022-07-10 01:00:00,0.0
2022-07-10 02:00:00,0.0
2022-07-10 03:00:00,0.0
2022-07-10 04:00:00,0.0
2022-07-10 05:00:00,0.0
2022-07-10 06:00:00,2.937
2022-07-10 07:00:00,12.339
2022-07-10 08:00:00,30.985
2022-07-10 09:00:00,58.565
2022-07-10 10:00:00,76.955
2022-07-10 11:00:00,87.004
2022-07-10 12:00:00,79.533
2022-07-10 13:00:00,65.865
2022-07-10 14:00:00,53.898
2022-07-10 15:00:00,40.098
2022-07-10 16:00:00,51.181
2022-07-10 17:00:00,41.886
2022-07-10 18:00:00,20.88
2022-07-10 19:00:00,4.887
2022-07-10 20:00:00,0.0
2022-07-10 21:00:00,0.0
2022-07-10 22:00:00,0.0
2022-07-10 23:00:00,0.0
2022-07-11 00:00:00,0.0
2022-07-11 01:00:00,0.0
2022-07-11 02:00:00,0.0
2022-07-11 03:00:00,0.0
2022-07-11 04:00:00,0.0
2022-07-11 05:00:00,0.0
2022-07-11 06:00:00,1.709
2022-07-11 07:00:00,11.112
2022-07-11 08:00:00,28.357
2022-07-11 09:00:00,54.136
2022-07-11 10:00:00,79.5
2022-07-11 11:00:00,95.559
2022-07-11 12:00:00,105.026
2022-07-11 13:00:00,106.214
2022-07-11 14:00:00,99.296
2022-07-11 15:00:00,85.075
2022-07-11 16:00:00,68.001
2022-07-11 17:00:00,46.949
2022-07-11 18:00:00,23.433
2022-07-11 19:00:00,5.974
2022-07-11 20:00:00,0.0
2022-07-11 21:00:00,0.0
2022-07-11 22:00:00,0.0
2022-07-11 23:00:00,0.0
2022-07-12 00:00:00,0.0
2022-07-12 01:00:00,0.0
2022-07-12 02:00:00,0.0
2022-07-12 03:00:00,0.0
2022-07-12 04:00:00,0.0
2022-07-12 05:00:00,0.0
2022-07-12 06:00:00,1.898
2022-07-12 07:00:00,13.425
2022-07-12 08:00:00,37.205
2022-07-12 09:00:00,60.579
2022-07-12 10:00:00,72.564
2022-07-12 11:00:00,82.833
2022-07-12 12:00:00,88.771
2022-07-12 13:00:00,87.983
2022-07-12 14:00:00,79.448
2022-07-12 15:00:00,62.626
2022-07-12 16:00:00,49.457
2022-07-12 17:00:00,32.407
2022-07-12 18:00:00,17.994
2022-07-12 19:00:00,4.307
2022-07-12 20:00:00,0.0
2022-07-12 21:00:00,0.0
2022-07-12 22:00:00,0.0
2022-07-12 23:00:00,0.0
2022-07-13 00:00:00,0.0
2022-07-13 01:00:00,0.0
2022-07-13 02:00:00,0.0
2022-07-13 03:00:00,0.0
2022-07-13 04:00:00,0.0
2022-07-13 05:00:00,0.0
2022-07-13 06:00:00,4.752
2022-07-13 07:00:00,19.736
2022-07-13 08:00:00,44.007
2022-07-13 09:00:00,68.403
2022-07-13 10:00:00,87.505
2022-07-13 11:00:00,101.352
2022-07-13 12:00:00,109.005
2022-07-13 13:00:00,108.275
2022-07-13 14:00:00,96.541
2022-07-13 15:00:00,86.454
2022-07-13 16:00:00,69.768
2022-07-13 17:00:00,46.011
2022-07-13 18:00:00,22.216
2022-07-13 19:00:00,5.787
2022-07-13 20:00:00,0.0
2022-07-13 21:00:00,0.0
2022-07-13 22:00:00,0.0
2022-07-13 23:00:00,0.0
2022-07-14 00:00:00,0.0
2022-07-14 01:00:00,0.0
2022-07-14 02:00:00,0.0
2022-07-14 03:00:00,0.0
2022-07-14 04:00:00,0.0
2022-07-14 05:00:00,0.0
2022-07-14 06:00:00,3.412
2022-07-14 07:00:00,17.305
2022-07-14 08:00:00,39.306
2022-07-14 09:00:00,55.207
2022-07-14 10:00:00,57.435
2022-07-14 11:00:00,61.283
2022-07-14 12:00:00,65.504
2022-07-14 13:00:00,72.487
2022-07-14 14:00:00,76.327
2022-07-14 15:00:00,71.419
2022-07-14 16:00:00,58.778
2022-07-14 17:00:00,42.52
2022-07-14 18:00:00,22.662
2022-07-14 19:00:00,6.195
2022-07-14 20:00:00,0.0
2022-07-14 21:00:00,0.0
2022-07-14 22:00:00,0.0
2022-07-14 23:00:00,0.0
2022-07-15 00:00:00,0.0
2022-07-15 01:00:00,0.0
2022-07-15 02:00:00,0.0
2022-07-15 03:00:00,0.0
2022-07-15 04:00:00,0.0
2022-07-15 05:00:00,0.0
2022-07-15 06:00:00,1.705
2022-07-15 07:00:00,8.167
2022-07-15 08:00:00,20.797
2022-07-15 09:00:00,50.33
2022-07-15 10:00:00,79.889
2022-07-15 11:00:00,98.589
2022-07-15 12:00:00,99.861
2022-07-15 13:00:00,95.433
2022-07-15 14:00:00,84.514
2022-07-15 15:00:00,71.223
2022-07-15 16:00:00,51.666
2022-07-15 17:00:00,31.595
2022-07-15 18:00:00,18.197
2022-07-15 19:00:00,4.855
2022-07-15 20:00:00,0.0
2022-07-15 21:00:00,0.0
2022-07-15 22:00:00,0.0
2022-07-15 23:00:00,0.0
2022-07-16 00:00:00,0.0
2022-07-16 01:00:00,0.0
2022-07-16 02:00:00,0.0
2022-07-16 03:00:00,0.0
2022-07-16 04:00:00,0.0
2022-07-16 05:00:00,0.0
2022-07-16 06:00:00,2.12
2022-07-16 07:00:00,15.08
2022-07-16 08:00:00,36.109
2022-07-16 09:00:00,57.399
2022-07-16 10:00:00,69.08
2022-07-16 11:00:00,85.739
2022-07-16 12:00:00,92.086
2022-07-16 13:00:00,85.528
2022-07-16 14:00:00,72.073
2022-07-16 15:00:00,63.147
2022-07-16 16:00:00,61.1
2022-07-16 17:00:00,46.493
2022-07-16 18:00:00,23.578
2022-07-16 19:00:00,6.153
2022-07-16 20:00:00,0.0
2022-07-16 21:00:00,0.0
2022-07-16 22:00:00,0.0
2022-07-16 23:00:00,0.0
2022-07-17 00:00:00,0.0
2022-07-17 01:00:00,0.0
2022-07-17 02:00:00,0.0
2022-07-17 03:00:00,0.0
2022-07-17 04:00:00,0.0
2022-07-17 05:00:00,0.0
2022-07-17 06:00:00,4.508
2022-07-17 07:00:00,19.339
2022-07-17 08:00:00,43.709
2022-07-17 09:00:00,66.121
2022-07-17 10:00:00,84.395
2022-07-17 11:00:00,96.88
2022-07-17 12:00:00,93.998
2022-07-17 13:00:00,80.923
2022-07-17 14:00:00,61.162
2022-07-17 15:00:00,48.137
2022-07-17 16:00:00,45.327
2022-07-17 17:00:00,40.919
2022-07-17 18:00:00,23.187
2022-07-17 19:00:00,6.152
2022-07-17 20:00:00,0.0
2022-07-17 21:00:00,0.0
2022-07-17 22:00:00,0.0
2022-07-17 23:00:00,0.0
2022-07-18 00:00:00,0.0
2022-07-18 01:00:00,0.0
2022-07-18 02:00:00,0.0
2022-07-18 03:00:00,0.0
2022-07-18 04:00:00,0.0
2022-07-18 05:00:00,0.0
2022-07-18 06:00:00,3.366
2022-07-18 07:00:00,13.58
2022-07-18 08:00:00,30.547
2022-07-18 09:00:00,36.593
2022-07-18 10:00:00,36.352
2022-07-18 11:00:00,43.109
2022-07-18 12:00:00,58.748
2022-07-18 13:00:00,54.048
2022-07-18 14:00:00,44.769
2022-07-18 15:00:00,35.446
2022-07-18 16:00:00,28.555
2022-07-18 17:00:00,15.944
2022-07-18 18:00:00,6.208
2022-07-18 19:00:00,1.577
2022-07-18 20:00:00,0.0
2022-07-18 21:00:00,0.0
2022-07-18 22:00:00,0.0
2022-07-18 23:00:00,0.0
2022-07-19 00:00:00,0.0
2022-07-19 01:00:00,0.0
2022-07-19 02:00:00,0.0
2022-07-19 03:00:00,0.0
2022-07-19 04:00:00,0.0
2022-07-19 05:00:00,0.0
2022-07-19 06:00:00,2.748
2022-07-19 07:00:00,16.541
2022-07-19 08:00:00,36.508
2022-07-19 09:00:00,61.595
2022-07-19 10:00:00,81.049
2022-07-19 11:00:00,88.717
2022-07-19 12:00:00,90.639
2022-07-19 13:00:00,89.93
2022-07-19 14:00:00,79.682
2022-07-19 15:00:00,66.156
2022-07-19 16:00:00,50.776
2022-07-19 17:00:00,36.377
2022-07-19 18:00:00,21.18
2022-07-19 19:00:00,5.536
2022-07-19 20:00:00,0.0
2022-07-19 21:00:00,0.0
2022-07-19 22:00:00,0.0
2022-07-19 23:00:00,0.0
2022-07-20 00:00:00,0.0
2022-07-20 01:00:00,0.0
2022-07-20 02:00:00,0.0
2022-07-20 03:00:00,0.0
2022-07-20 04:00:00,0.0
2022-07-20 05:00:00,0.0
2022-07-20 06:00:00,3.693
2022-07-20 07:00:00,19.201
2022-07-20 08:00:00,45.97
2022-07-20 09:00:00,72.271
2022-07-20 10:00:00,92.586
2022-07-20 11:00:00,106.462
2022-07-20 12:00:00,112.561
2022-07-20 13:00:00,111.526
2022-07-20 14:00:00,104.537
2022-07-20 15:00:00,91.482
2022-07-20 16:00:00,71.662
2022-07-20 17:00:00,47.68
2022-07-20 18:00:00,23.054
2022-07-20 19:00:00,5.425
2022-07-20 20:00:00,0.0
2022-07-20 21:00:00,0.0
2022-07-20 22:00:00,0.0
2022-07-20 23:00:00,0.0
2022-07-21 00:00:00,0.0
2022-07-21 01:00:00,0.0
2022-07-21 02:00:00,0.0
2022-07-21 03:00:00,0.0
2022-07-21 04:00:00,0.0
2022-07-21 05:00:00,0.0
2022-07-21 06:00:00,1.884
2022-07-21 07:00:00,9.824
2022-07-21 08:00:00,18.11
2022-07-21 09:00:00,38.475
2022-07-21 10:00:00,53.792
2022-07-21 11:00:00,64.202
2022-07-21 12:00:00,55.024
2022-07-21 13:00:00,51.199
2022-07-21 14:00:00,49.652
2022-07-21 15:00:00,40.225
2022-07-21 16:00:00,27.354
2022-07-21 17:00:00,16.27
2022-07-21 18:00:00,7.925
2022-07-21 19:00:00,1.507
2022-07-21 20:00:00,0.0
2022-07-21 21:00:00,0.0
2022-07-21 22:00:00,0.0
2022-07-21 23:00:00,0.0
2022-07-22 00:00:00,0.0
2022-07-22 01:00:00,0.0
2022-07-22 02:00:00,0.0
2022-07-22 03:00:00,0.0
2022-07-22 04:00:00,0.0
2022-07-22 05:00:00,0.0
2022-07-22 06:00:00,3.445
2022-07-22 07:00:00,20.853
2022-07-22 08:00:00,47.718
2022-07-22 09:00:00,74.966
2022-07-22 10:00:00,95.661
2022-07-22 11:00:00,109.381
2022-07-22 12:00:00,115.922
2022-07-22 13:00:00,116.005
2022-07-22 14:00:00,109.891
2022-07-22 15:00:00,97.03
2022-07-22 16:00:00,77.319
2022-07-22 17:00:00,52.006
2022-07-22 18:00:00,23.879
2022-07-22 19:00:00,4.876
2022-07-22 20:00:00,0.0
2022-07-22 21:00:00,0.0
2022-07-22 22:00:00,0.0
2022-07-22 23:00:00,0.0
2022-07-23 00:00:00,0.0
2022-07-23 01:00:00,0.0
2022-07-23 02:00:00,0.0
2022-07-23 03:00:00,0.0
2022-07-23 04:00:00,0.0
2022-07-23 05:00:00,0.0
2022-07-23 06:00:00,2.237
2022-07-23 07:00:00,17.394
2022-07-23 08:00:00,46.488
2022-07-23 09:00:00,72.841
2022-07-23 10:00:00,93.06
2022-07-23 11:00:00,106.834
2022-07-23 12:00:00,113.209
2022-07-23 13:00:00,113.136
2022-07-23 14:00:00,106.917
2022-07-23 15:00:00,94.071
2022-07-23 16:00:00,74.384
2022-07-23 17:00:00,49.64
2022-07-23 18:00:00,23.006
2022-07-23 19:00:00,4.862
2022-07-23 20:00:00,0.0
2022-07-23 21:00:00,0.0
2022-07-23 22:00:00,0.0
2022-07-23 23:00:00,0.0
2022-07-24 00:00:00,0.0
2022-07-24 01:00:00,0.0
2022-07-24 02:00:00,0.0
2022-07-24 03:00:00,0.0
2022-07-24 04:00:00,0.0
2022-07-24 05:00:00,0.0
2022-07-24 06:00:00,2.316
2022-07-24 07:00:00,17.281
2022-07-24 08:00:00,45.454
2022-07-24 09:00:00,70.94
2022-07-24 10:00:00,90.529
2022-07-24 11:00:00,103.852
2022-07-24 12:00:00,109.567
2022-07-24 13:00:00,108.637
2022-07-24 14:00:00,99.808
2022-07-24 15:00:00,81.387
2022-07-24 16:00:00,59.666
2022-07-24 17:00:00,37.488
2022-07-24 18:00:00,18.698
2022-07-24 19:00:00,4.821
2022-07-24 20:00:00,0.0
2022-07-24 21:00:00,0.0
2022-07-24 22:00:00,0.0
2022-07-24 23:00:00,0.0
2022-07-25 00:00:00,0.0
2022-07-25 01:00:00,0.0
2022-07-25 02:00:00,0.0
2022-07-25 03:00:00,0.0
2022-07-25 04:00:00,0.0
2022-07-25 05:00:00,0.0
2022-07-25 06:00:00,2.459
2022-07-25 07:00:00,17.696
2022-07-25 08:00:00,45.331
2022-07-25 09:00:00,71.154
2022-07-25 10:00:00,91.247
2022-07-25 11:00:00,104.64
2022-07-25 12:00:00,110.969
2022-07-25 13:00:00,110.903
2022-07-25 14:00:00,104.87
2022-07-25 15:00:00,92.183
2022-07-25 16:00:00,73.331
2022-07-25 17:00:00,49.031
2022-07-25 18:00:00,22.664
2022-07-25 19:00:00,4.639
2022-07-25 20:00:00,0.0
2022-07-25 21:00:00,0.0
2022-07-25 22:00:00,0.0
2022-07-25 23:00:00,0.0
2022-07-26 00:00:00,0.0
2022-07-26 01:00:00,0.0
2022-07-26 02:00:00,0.0
2022-07-26 03:00:00,0.0
2022-07-26 04:00:00,0.0
2022-07-26 05:00:00,0.0
2022-07-26 06:00:00,2.499
2022-07-26 07:00:00,17.264
2022-07-26 08:00:00,40.848
2022-07-26 09:00:00,61.139
2022-07-26 10:00:00,73.385
2022-07-26 11:00:00,84.048
2022-07-26 12:00:00,86.739
2022-07-26 13:00:00,83.734
2022-07-26 14:00:00,67.816
2022-07-26 15:00:00,54.498
2022-07-26 16:00:00,41.331
2022-07-26 17:00:00,28.08
2022-07-26 18:00:00,16.236
2022-07-26 19:00:00,3.071
2022-07-26 20:00:00,0.0
2022-07-26 21:00:00,0.0
2022-07-26 22:00:00,0.0
2022-07-26 23:00:00,0.0
2022-07-27 00:00:00,0.0
2022-07-27 01:00:00,0.0
2022-07-27 02:00:00,0.0
2022-07-27 03:00:00,0.0
2022-07-27 04:00:00,0.0
2022-07-27 05:00:00,0.0
2022-07-27 06:00:00,2.667
2022-07-27 07:00:00,18.667
2022-07-27 08:00:00,44.749
2022-07-27 09:00:00,73.048
2022-07-27 10:00:00,95.058
2022-07-27 11:00:00,109.151
2022-07-27 12:00:00,115.898
2022-07-27 13:00:00,116.101
2022-07-27 14:00:00,109.771
2022-07-27 15:00:00,96.751
2022-07-27 16:00:00,77.103
2022-07-27 17:00:00,51.566
2022-07-27 18:00:00,23.44
2022-07-27 19:00:00,4.372
2022-07-27 20:00:00,0.0
2022-07-27 21:00:00,0.0
2022-07-27 22:00:00,0.0
2022-07-27 23:00:00,0.0
2022-07-28 00:00:00,0.0
2022-07-28 01:00:00,0.0
2022-07-28 02:00:00,0.0
2022-07-28 03:00:00,0.0
2022-07-28 04:00:00,0.0
2022-07-28 05:00:00,0.0
2022-07-28 06:00:00,1.974
2022-07-28 07:00:00,17.078
2022-07-28 08:00:00,46.712
2022-07-28 09:00:00,73.028
2022-07-28 10:00:00,93.138
2022-07-28 11:00:00,106.394
2022-07-28 12:00:00,112.589
2022-07-28 13:00:00,112.343
2022-07-28 14:00:00,102.924
2022-07-28 15:00:00,83.463
2022-07-28 16:00:00,60.202
2022-07-28 17:00:00,34.028
2022-07-28 18:00:00,13.318
2022-07-28 19:00:00,2.501
2022-07-28 20:00:00,0.0
2022-07-28 21:00:00,0.0
2022-07-28 22:00:00,0.0
2022-07-28 23:00:00,0.0
2022-07-29 00:00:00,0.0
2022-07-29 01:00:00,0.0
2022-07-29 02:00:00,0.0
2022-07-29 03:00:00,0.0
2022-07-29 04:00:00,0.0
2022-07-29 05:00:00,0.0
2022-07-29 06:00:00,2.329
2022-07-29 07:00:00,16.992
2022-07-29 08:00:00,43.397
2022-07-29 09:00:00,71.04
2022-07-29 10:00:00,91.126
2022-07-29 11:00:00,104.122
2022-07-29 12:00:00,110.239
2022-07-29 13:00:00,108.163
2022-07-29 14:00:00,102.753
2022-07-29 15:00:00,84.948
2022-07-29 16:00:00,64.946
2022-07-29 17:00:00,40.4
2022-07-29 18:00:00,19.73
2022-07-29 19:00:00,4.127
2022-07-29 20:00:00,0.0
2022-07-29 21:00:00,0.0
2022-07-29 22:00:00,0.0
2022-07-29 23:00:00,0.0
2022-07-30 00:00:00,0.0
2022-07-30 01:00:00,0.0
2022-07-30 02:00:00,0.0
2022-07-30 03:00:00,0.0
2022-07-30 04:00:00,0.0
2022-07-30 05:00:00,0.0
2022-07-30 06:00:00,2.103
2022-07-30 07:00:00,16.918
2022-07-30 08:00:00,43.951
2022-07-30 09:00:00,69.235
2022-07-30 10:00:00,88.927
2022-07-30 11:00:00,103.023
2022-07-30 12:00:00,109.571
2022-07-30 13:00:00,109.804
2022-07-30 14:00:00,104.002
2022-07-30 15:00:00,90.397
2022-07-30 16:00:00,70.41
2022-07-30 17:00:00,45.118
2022-07-30 18:00:00,19.957
2022-07-30 19:00:00,3.605
2022-07-30 20:00:00,0.0
2022-07-30 21:00:00,0.0
2022-07-30 22:00:00,0.0
2022-07-30 23:00:00,0.0
2022-07-31 00:00:00,0.0
2022-07-31 01:00:00,0.0
2022-07-31 02:00:00,0.0
2022-07-31 03:00:00,0.0
2022-07-31 04:00:00,0.0
2022-07-31 05:00:00,0.0
2022-07-31 06:00:00,2.064
2022-07-31 07:00:00,16.417
2022-07-31 08:00:00,41.421
2022-07-31 09:00:00,67.779
2022-07-31 10:00:00,89.362
2022-07-31 11:00:00,103.128
2022-07-31 12:00:00,108.487
2022-07-31 13:00:00,107.646
2022-07-31 14:00:00,97.819
2022-07-31 15:00:00,80.053
2022-07-31 16:00:00,58.102
2022-07-31 17:00:00,30.456
2022-07-31 18:00:00,13.272
2022-07-31 19:00:00,2.681
2022-07-31 20:00:00,0.0
2022-07-31 21:00:00,0.0
2022-07-31 22:00:00,0.0
2022-07-31 23:00:00,0.0
2022-08-01 00:00:00,0.0
2022-08-01 01:00:00,0.0
2022-08-01 02:00:00,0.0
2022-08-01 03:00:00,0.0
2022-08-01 04:00:00,0.0
2022-08-01 05:00:00,0.0
2022-08-01 06:00:00,1.964
2022-08-01 07:00:00,15.813
2022-08-01 08:00:00,38.496
2022-08-01 09:00:00,62.494
2022-08-01 10:00:00,81.234
2022-08-01 11:00:00,95.564
2022-08-01 12:00:00,99.164
2022-08-01 13:00:00,99.324
2022-08-01 14:00:00,91.792
2022-08-01 15:00:00,80.763
2022-08-01 16:00:00,64.925
2022-08-01 17:00:00,43.91
2022-08-01 18:00:00,20.683
2022-08-01 19:00:00,3.712
2022-08-01 20:00:00,0.0
2022-08-01 21:00:00,0.0
2022-08-01 22:00:00,0.0
2022-08-01 23:00:00,0.0
2022-08-02 00:00:00,0.0
2022-08-02 01:00:00,0.0
2022-08-02 02:00:00,0.0
2022-08-02 03:00:00,0.0
2022-08-02 04:00:00,0.0
2022-08-02 05:00:00,0.0
2022-08-02 06:00:00,1.039
2022-08-02 07:00:00,12.08
2022-08-02 08:00:00,35.195
2022-08-02 09:00:00,61.896
2022-08-02 10:00:00,82.076
2022-08-02 11:00:00,94.638
2022-08-02 12:00:00,97.726
2022-08-02 13:00:00,89.282
2022-08-02 14:00:00,73.509
2022-08-02 15:00:00,53.061
2022-08-02 16:00:00,32.294
2022-08-02 17:00:00,19.277
2022-08-02 18:00:00,9.475
2022-08-02 19:00:00,1.654
2022-08-02 20:00:00,0.0
2022-08-02 21:00:00,0.0
2022-08-02 22:00:00,0.0
2022-08-02 23:00:00,0.0
2022-08-03 00:00:00,0.0
2022-08-03 01:00:00,0.0
2022-08-03 02:00:00,0.0
2022-08-03 03:00:00,0.0
2022-08-03 04:00:00,0.0
2022-08-03 05:00:00,0.0
2022-08-03 06:00:00,1.997
2022-08-03 07:00:00,17.171
2022-08-03 08:00:00,41.795
2022-08-03 09:00:00,63.815
2022-08-03 10:00:00,82.706
2022-08-03 11:00:00,98.375
2022-08-03 12:00:00,102.939
2022-08-03 13:00:00,100.963
2022-08-03 14:00:00,93.369
2022-08-03 15:00:00,78.193
2022-08-03 16:00:00,57.907
2022-08-03 17:00:00,37.118
2022-08-03 18:00:00,16.948
2022-08-03 19:00:00,2.861
2022-08-03 20:00:00,0.0
2022-08-03 21:00:00,0.0
2022-08-03 22:00:00,0.0
2022-08-03 23:00:00,0.0
2022-08-04 00:00:00,0.0
2022-08-04 01:00:00,0.0
2022-08-04 02:00:00,0.0
2022-08-04 03:00:00,0.0
2022-08-04 04:00:00,0.0
2022-08-04 05:00:00,0.0
2022-08-04 06:00:00,0.452
2022-08-04 07:00:00,7.172
2022-08-04 08:00:00,20.241
2022-08-04 09:00:00,36.181
2022-08-04 10:00:00,52.373
2022-08-04 11:00:00,65.383
2022-08-04 12:00:00,71.269
2022-08-04 13:00:00,68.709
2022-08-04 14:00:00,59.126
2022-08-04 15:00:00,50.99
2022-08-04 16:00:00,42.269
2022-08-04 17:00:00,31.541
2022-08-04 18:00:00,15.851
2022-08-04 19:00:00,2.786
2022-08-04 20:00:00,0.0
2022-08-04 21:00:00,0.0
2022-08-04 22:00:00,0.0
2022-08-04 23:00:00,0.0
2022-08-05 00:00:00,0.0
2022-08-05 01:00:00,0.0
2022-08-05 02:00:00,0.0
2022-08-05 03:00:00,0.0
2022-08-05 04:00:00,0.0
2022-08-05 05:00:00,0.0
2022-08-05 06:00:00,1.902
2022-08-05 07:00:00,17.873
2022-08-05 08:00:00,44.379
2022-08-05 09:00:00,70.606
2022-08-05 10:00:00,90.869
2022-08-05 11:00:00,104.347
2022-08-05 12:00:00,110.628
2022-08-05 13:00:00,110.201
2022-08-05 14:00:00,102.123
2022-08-05 15:00:00,83.806
2022-08-05 16:00:00,61.005
2022-08-05 17:00:00,40.8
2022-08-05 18:00:00,19.343
2022-08-05 19:00:00,3.174
2022-08-05 20:00:00,0.0
2022-08-05 21:00:00,0.0
2022-08-05 22:00:00,0.0
2022-08-05 23:00:00,0.0
2022-08-06 00:00:00,0.0
2022-08-06 01:00:00,0.0
2022-08-06 02:00:00,0.0
2022-08-06 03:00:00,0.0
2022-08-06 04:00:00,0.0
2022-08-06 05:00:00,0.0
2022-08-06 06:00:00,1.472
2022-08-06 07:00:00,16.114
2022-08-06 08:00:00,43.607
2022-08-06 09:00:00,68.889
2022-08-06 10:00:00,88.155
2022-08-06 11:00:00,100.157
2022-08-06 12:00:00,104.168
2022-08-06 13:00:00,101.721
2022-08-06 14:00:00,93.753
2022-08-06 15:00:00,69.565
2022-08-06 16:00:00,51.291
2022-08-06 17:00:00,32.916
2022-08-06 18:00:00,13.949
2022-08-06 19:00:00,1.538
2022-08-06 20:00:00,0.0
2022-08-06 21:00:00,0.0
2022-08-06 22:00:00,0.0
2022-08-06 23:00:00,0.0
2022-08-07 00:00:00,0.0
2022-08-07 01:00:00,0.0
2022-08-07 02:00:00,0.0
2022-08-07 03:00:00,0.0
2022-08-07 04:00:00,0.0
2022-08-07 05:00:00,0.0
2022-08-07 06:00:00,1.394
2022-08-07 07:00:00,14.796
2022-08-07 08:00:00,33.007
2022-08-07 09:00:00,48.774
2022-08-07 10:00:00,63.412
2022-08-07 11:00:00,73.174
2022-08-07 12:00:00,93.585
2022-08-07 13:00:00,100.587
2022-08-07 14:00:00,91.403
2022-08-07 15:00:00,77.88
2022-08-07 16:00:00,57.835
2022-08-07 17:00:00,37.63
2022-08-07 18:00:00,16.578
2022-08-07 19:00:00,2.47
2022-08-07 20:00:00,0.0
2022-08-07 21:00:00,0.0
2022-08-07 22:00:00,0.0
2022-08-07 23:00:00,0.0
2022-08-08 00:00:00,0.0
2022-08-08 01:00:00,0.0
2022-08-08 02:00:00,0.0
2022-08-08 03:00:00,0.0
2022-08-08 04:00:00,0.0
2022-08-08 05:00:00,0.0
2022-08-08 06:00:00,1.405
2022-08-08 07:00:00,14.929
2022-08-08 08:00:00,36.044
2022-08-08 09:00:00,61.003
2022-08-08 10:00:00,83.819
2022-08-08 11:00:00,102.135
2022-08-08 12:00:00,108.315
2022-08-08 13:00:00,107.097
2022-08-08 14:00:00,97.663
2022-08-08 15:00:00,78.198
2022-08-08 16:00:00,52.798
2022-08-08 17:00:00,30.213
2022-08-08 18:00:00,11.107
2022-08-08 19:00:00,1.229
2022-08-08 20:00:00,0.0
2022-08-08 21:00:00,0.0
2022-08-08 22:00:00,0.0
2022-08-08 23:00:00,0.0
2022-08-09 00:00:00,0.0
2022-08-09 01:00:00,0.0
2022-08-09 02:00:00,0.0
2022-08-09 03:00:00,0.0
2022-08-09 04:00:00,0.0
2022-08-09 05:00:00,0.0
2022-08-09 06:00:00,0.964
2022-08-09 07:00:00,12.159
2022-08-09 08:00:00,30.304
2022-08-09 09:00:00,47.896
2022-08-09 10:00:00,67.246
2022-08-09 11:00:00,85.329
2022-08-09 12:00:00,89.645
2022-08-09 13:00:00,90.675
2022-08-09 14:00:00,84.516
2022-08-09 15:00:00,69.266
2022-08-09 16:00:00,51.852
2022-08-09 17:00:00,30.241
2022-08-09 18:00:00,15.248
2022-08-09 19:00:00,2.135
2022-08-09 20:00:00,0.0
2022-08-09 21:00:00,0.0
2022-08-09 22:00:00,0.0
2022-08-09 23:00:00,0.0
2022-08-10 00:00:00,0.0
2022-08-10 01:00:00,0.0
2022-08-10 02:00:00,0.0
2022-08-10 03:00:00,0.0
2022-08-10 04:00:00,0.0
2022-08-10 05:00:00,0.0
2022-08-10 06:00:00,0.5710000000000001
2022-08-10 07:00:00,9.737
2022-08-10 08:00:00,25.188
2022-08-10 09:00:00,41.138
2022-08-10 10:00:00,52.952
2022-08-10 11:00:00,65.619
2022-08-10 12:00:00,69.874
2022-08-10 13:00:00,72.323
2022-08-10 14:00:00,67.163
2022-08-10 15:00:00,57.972
2022-08-10 16:00:00,44.477
2022-08-10 17:00:00,26.581
2022-08-10 18:00:00,11.958
2022-08-10 19:00:00,1.492
2022-08-10 20:00:00,0.0
2022-08-10 21:00:00,0.0
2022-08-10 22:00:00,0.0
2022-08-10 23:00:00,0.0
2022-08-11 00:00:00,0.0
2022-08-11 01:00:00,0.0
2022-08-11 02:00:00,0.0
2022-08-11 03:00:00,0.0
2022-08-11 04:00:00,0.0
2022-08-11 05:00:00,0.0
2022-08-11 06:00:00,1.13
2022-08-11 07:00:00,14.987
2022-08-11 08:00:00,36.475
2022-08-11 09:00:00,57.611
2022-08-11 10:00:00,75.109
2022-08-11 11:00:00,90.074
2022-08-11 12:00:00,92.737
2022-08-11 13:00:00,92.39
2022-08-11 14:00:00,75.716
2022-08-11 15:00:00,58.194
2022-08-11 16:00:00,39.631
2022-08-11 17:00:00,24.219
2022-08-11 18:00:00,10.692
2022-08-11 19:00:00,0.979
2022-08-11 20:00:00,0.0
2022-08-11 21:00:00,0.0
2022-08-11 22:00:00,0.0
2022-08-11 23:00:00,0.0
2022-08-12 00:00:00,0.0
2022-08-12 01:00:00,0.0
2022-08-12 02:00:00,0.0
2022-08-12 03:00:00,0.0
2022-08-12 04:00:00,0.0
2022-08-12 05:00:00,0.0
2022-08-12 06:00:00,0.675
2022-08-12 07:00:00,12.142
2022-08-12 08:00:00,35.549
2022-08-12 09:00:00,60.377
2022-08-12 10:00:00,79.958
2022-08-12 11:00:00,91.025
2022-08-12 12:00:00,91.042
2022-08-12 13:00:00,86.219
2022-08-12 14:00:00,78.95
2022-08-12 15:00:00,62.767
2022-08-12 16:00:00,39.576
2022-08-12 17:00:00,23.985
2022-08-12 18:00:00,11.304
2022-08-12 19:00:00,1.365
2022-08-12 20:00:00,0.0
2022-08-12 21:00:00,0.0
2022-08-12 22:00:00,0.0
2022-08-12 23:00:00,0.0
2022-08-13 00:00:00,0.0
2022-08-13 01:00:00,0.0
2022-08-13 02:00:00,0.0
2022-08-13 03:00:00,0.0
2022-08-13 04:00:00,0.0
2022-08-13 05:00:00,0.0
2022-08-13 06:00:00,0.774
2022-08-13 07:00:00,12.765
2022-08-13 08:00:00,32.595
2022-08-13 09:00:00,45.337
2022-08-13 10:00:00,52.453
2022-08-13 11:00:00,56.144
2022-08-13 12:00:00,52.396
2022-08-13 13:00:00,44.257
2022-08-13 14:00:00,35.942
2022-08-13 15:00:00,32.848
2022-08-13 16:00:00,24.194
2022-08-13 17:00:00,11.717
2022-08-13 18:00:00,4.539
2022-08-13 19:00:00,0.209
2022-08-13 20:00:00,0.0
2022-08-13 21:00:00,0.0
2022-08-13 22:00:00,0.0
2022-08-13 23:00:00,0.0
2022-08-14 00:00:00,0.0
2022-08-14 01:00:00,0.0
2022-08-14 02:00:00,0.0
2022-08-14 03:00:00,0.0
2022-08-14 04:00:00,0.0
2022-08-14 05:00:00,0.0
2022-08-14 06:00:00,0.0
2022-08-14 07:00:00,4.28
2022-08-14 08:00:00,16.046
2022-08-14 09:00:00,28.386
2022-08-14 10:00:00,40.807
2022-08-14 11:00:00,52.817
2022-08-14 12:00:00,66.214
2022-08-14 13:00:00,79.127
2022-08-14 14:00:00,76.443
2022-08-14 15:00:00,62.584
2022-08-14 16:00:00,39.297
2022-08-14 17:00:00,21.324
2022-08-14 18:00:00,10.836
2022-08-14 19:00:00,1.385
2022-08-14 20:00:00,0.0
2022-08-14 21:00:00,0.0
2022-08-14 22:00:00,0.0
2022-08-14 23:00:00,0.0
2022-08-15 00:00:00,0.0
2022-08-15 01:00:00,0.0
2022-08-15 02:00:00,0.0
2022-08-15 03:00:00,0.0
2022-08-15 04:00:00,0.0
2022-08-15 05:00:00,0.0
2022-08-15 06:00:00,0.266
2022-08-15 07:00:00,7.663
2022-08-15 08:00:00,21.672
2022-08-15 09:00:00,42.203
2022-08-15 10:00:00,68.787
2022-08-15 11:00:00,93.264
2022-08-15 12:00:00,94.929
2022-08-15 13:00:00,96.254
2022-08-15 14:00:00,84.333
2022-08-15 15:00:00,71.756
2022-08-15 16:00:00,50.244
2022-08-15 17:00:00,34.451
2022-08-15 18:00:00,18.381
2022-08-15 19:00:00,1.752
2022-08-15 20:00:00,0.0
2022-08-15 21:00:00,0.0
2022-08-15 22:00:00,0.0
2022-08-15 23:00:00,0.0
2022-08-16 00:00:00,0.0
2022-08-16 01:00:00,0.0
2022-08-16 02:00:00,0.0
2022-08-16 03:00:00,0.0
2022-08-16 04:00:00,0.0
2022-08-16 05:00:00,0.0
2022-08-16 06:00:00,0.8180000000000001
2022-08-16 07:00:00,15.765
2022-08-16 08:00:00,43.64
2022-08-16 09:00:00,71.015
2022-08-16 10:00:00,92.196
2022-08-16 11:00:00,106.834
2022-08-16 12:00:00,113.479
2022-08-16 13:00:00,113.338
2022-08-16 14:00:00,106.588
2022-08-16 15:00:00,92.912
2022-08-16 16:00:00,70.327
2022-08-16 17:00:00,44.661
2022-08-16 18:00:00,18.893
2022-08-16 19:00:00,1.4
2022-08-16 20:00:00,0.0
2022-08-16 21:00:00,0.0
2022-08-16 22:00:00,0.0
2022-08-16 23:00:00,0.0
2022-08-17 00:00:00,0.0
2022-08-17 01:00:00,0.0
2022-08-17 02:00:00,0.0
2022-08-17 03:00:00,0.0
2022-08-17 04:00:00,0.0
2022-08-17 05:00:00,0.0
2022-08-17 06:00:00,0.644
2022-08-17 07:00:00,13.971
2022-08-17 08:00:00,39.546
2022-08-17 09:00:00,63.418
2022-08-17 10:00:00,82.796
2022-08-17 11:00:00,96.556
2022-08-17 12:00:00,101.848
2022-08-17 13:00:00,91.236
2022-08-17 14:00:00,76.197
2022-08-17 15:00:00,65.847
2022-08-17 16:00:00,47.061
2022-08-17 17:00:00,25.487
2022-08-17 18:00:00,10.227
2022-08-17 19:00:00,0.804
2022-08-17 20:00:00,0.0
2022-08-17 21:00:00,0.0
2022-08-17 22:00:00,0.0
2022-08-17 23:00:00,0.0
2022-08-18 00:00:00,0.0
2022-08-18 01:00:00,0.0
2022-08-18 02:00:00,0.0
2022-08-18 03:00:00,0.0
2022-08-18 04:00:00,0.0
2022-08-18 05:00:00,0.0
2022-08-18 06:00:00,0.05
2022-08-18 07:00:00,5.565
2022-08-18 08:00:00,15.981
2022-08-18 09:00:00,28.386
2022-08-18 10:00:00,47.419
2022-08-18 11:00:00,70.258
2022-08-18 12:00:00,67.185
2022-08-18 13:00:00,72.369
2022-08-18 14:00:00,75.528
2022-08-18 15:00:00,70.678
2022-08-18 16:00:00,58.36
2022-08-18 17:00:00,38.294
2022-08-18 18:00:00,16.586
2022-08-18 19:00:00,1.343
2022-08-18 20:00:00,0.0
2022-08-18 21:00:00,0.0
2022-08-18 22:00:00,0.0
2022-08-18 23:00:00,0.0
2022-08-19 00:00:00,0.0
2022-08-19 01:00:00,0.0
2022-08-19 02:00:00,0.0
2022-08-19 03:00:00,0.0
2022-08-19 04:00:00,0.0
2022-08-19 05:00:00,0.0
2022-08-19 06:00:00,0.593
2022-08-19 07:00:00,13.778
2022-08-19 08:00:00,32.127
2022-08-19 09:00:00,50.13
2022-08-19 10:00:00,68.642
2022-08-19 11:00:00,85.699
2022-08-19 12:00:00,74.244
2022-08-19 13:00:00,77.733
2022-08-19 14:00:00,86.184
2022-08-19 15:00:00,76.992
2022-08-19 16:00:00,60.732
2022-08-19 17:00:00,40.849
2022-08-19 18:00:00,18.608
2022-08-19 19:00:00,1.318
2022-08-19 20:00:00,0.0
2022-08-19 21:00:00,0.0
2022-08-19 22:00:00,0.0
2022-08-19 23:00:00,0.0
2022-08-20 00:00:00,0.0
2022-08-20 01:00:00,0.0
2022-08-20 02:00:00,0.0
2022-08-20 03:00:00,0.0
2022-08-20 04:00:00,0.0
2022-08-20 05:00:00,0.0
2022-08-20 06:00:00,0.517
2022-08-20 07:00:00,14.429
2022-08-20 08:00:00,40.923
2022-08-20 09:00:00,67.305
2022-08-20 10:00:00,87.162
2022-08-20 11:00:00,103.655
2022-08-20 12:00:00,110.777
2022-08-20 13:00:00,109.964
2022-08-20 14:00:00,103.029
2022-08-20 15:00:00,88.454
2022-08-20 16:00:00,66.635
2022-08-20 17:00:00,39.415
2022-08-20 18:00:00,15.375
2022-08-20 19:00:00,1.043
2022-08-20 20:00:00,0.0
2022-08-20 21:00:00,0.0
2022-08-20 22:00:00,0.0
2022-08-20 23:00:00,0.0
2022-08-21 00:00:00,0.0
2022-08-21 01:00:00,0.0
2022-08-21 02:00:00,0.0
2022-08-21 03:00:00,0.0
2022-08-21 04:00:00,0.0
2022-08-21 05:00:00,0.0
2022-08-21 06:00:00,0.139
2022-08-21 07:00:00,7.103
2022-08-21 08:00:00,26.616
2022-08-21 09:00:00,42.737
2022-08-21 10:00:00,55.346
2022-08-21 11:00:00,63.809
2022-08-21 12:00:00,67.8
2022-08-21 13:00:00,66.594
2022-08-21 14:00:00,67.783
2022-08-21 15:00:00,61.611
2022-08-21 16:00:00,50.218
2022-08-21 17:00:00,33.221
2022-08-21 18:00:00,13.021
2022-08-21 19:00:00,0.636
2022-08-21 20:00:00,0.0
2022-08-21 21:00:00,0.0
2022-08-21 22:00:00,0.0
2022-08-21 23:00:00,0.0
2022-08-22 00:00:00,0.0
2022-08-22 01:00:00,0.0
2022-08-22 02:00:00,0.0
2022-08-22 03:00:00,0.0
2022-08-22 04:00:00,0.0
2022-08-22 05:00:00,0.0
2022-08-22 06:00:00,0.0
2022-08-22 07:00:00,4.446
2022-08-22 08:00:00,14.836
2022-08-22 09:00:00,29.328
2022-08-22 10:00:00,50.029
2022-08-22 11:00:00,66.733
2022-08-22 12:00:00,67.478
2022-08-22 13:00:00,76.462
2022-08-22 14:00:00,84.327
2022-08-22 15:00:00,77.387
2022-08-22 16:00:00,60.862
2022-08-22 17:00:00,38.56
2022-08-22 18:00:00,15.814
2022-08-22 19:00:00,1.033
2022-08-22 20:00:00,0.0
2022-08-22 21:00:00,0.0
2022-08-22 22:00:00,0.0
2022-08-22 23:00:00,0.0
2022-08-23 00:00:00,0.0
2022-08-23 01:00:00,0.0
2022-08-23 02:00:00,0.0
2022-08-23 03:00:00,0.0
2022-08-23 04:00:00,0.0
2022-08-23 05:00:00,0.0
2022-08-23 06:00:00,0.174
2022-08-23 07:00:00,10.355
2022-08-23 08:00:00,28.449
2022-08-23 09:00:00,44.609
2022-08-23 10:00:00,54.062
2022-08-23 11:00:00,60.16
2022-08-23 12:00:00,62.423
2022-08-23 13:00:00,61.569
2022-08-23 14:00:00,59.036
2022-08-23 15:00:00,54.42
2022-08-23 16:00:00,45.914
2022-08-23 17:00:00,31.192
2022-08-23 18:00:00,12.678
2022-08-23 19:00:00,0.588
2022-08-23 20:00:00,0.0
2022-08-23 21:00:00,0.0
2022-08-23 22:00:00,0.0
2022-08-23 23:00:00,0.0
2022-08-24 00:00:00,0.0
2022-08-24 01:00:00,0.0
2022-08-24 02:00:00,0.0
2022-08-24 03:00:00,0.0
2022-08-24 04:00:00,0.0
2022-08-24 05:00:00,0.0
2022-08-24 06:00:00,0.082
2022-08-24 07:00:00,10.99
2022-08-24 08:00:00,34.237
2022-08-24 09:00:00,60.043
2022-08-24 10:00:00,76.51
2022-08-24 11:00:00,85.499
2022-08-24 12:00:00,85.147
2022-08-24 13:00:00,83.869
2022-08-24 14:00:00,70.823
2022-08-24 15:00:00,58.464
2022-08-24 16:00:00,34.905
2022-08-24 17:00:00,16.076
2022-08-24 18:00:00,7.014
2022-08-24 19:00:00,0.267
2022-08-24 20:00:00,0.0
2022-08-24 21:00:00,0.0
2022-08-24 22:00:00,0.0
2022-08-24 23:00:00,0.0
2022-08-25 00:00:00,0.0
2022-08-25 01:00:00,0.0
2022-08-25 02:00:00,0.0
2022-08-25 03:00:00,0.0
2022-08-25 04:00:00,0.0
2022-08-25 05:00:00,0.0
2022-08-25 06:00:00,0.119
2022-08-25 07:00:00,12.014
2022-08-25 08:00:00,36.431
2022-08-25 09:00:00,63.377
2022-08-25 10:00:00,87.17
2022-08-25 11:00:00,105.603
2022-08-25 12:00:00,114.141
2022-08-25 13:00:00,113.311
2022-08-25 14:00:00,106.796
2022-08-25 15:00:00,91.435
2022-08-25 16:00:00,71.712
2022-08-25 17:00:00,42.499
2022-08-25 18:00:00,15.088
2022-08-25 19:00:00,0.637
2022-08-25 20:00:00,0.0
2022-08-25 21:00:00,0.0
2022-08-25 22:00:00,0.0
2022-08-25 23:00:00,0.0
2022-08-26 00:00:00,0.0
2022-08-26 01:00:00,0.0
2022-08-26 02:00:00,0.0
2022-08-26 03:00:00,0.0
2022-08-26 04:00:00,0.0
2022-08-26 05:00:00,0.0
2022-08-26 06:00:00,0.16
2022-08-26 07:00:00,12.83
2022-08-26 08:00:00,36.803
2022-08-26 09:00:00,58.178
2022-08-26 10:00:00,71.488
2022-08-26 11:00:00,82.44
2022-08-26 12:00:00,77.442
2022-08-26 13:00:00,73.222
2022-08-26 14:00:00,68.702
2022-08-26 15:00:00,56.91
2022-08-26 16:00:00,38.138
2022-08-26 17:00:00,20.391
2022-08-26 18:00:00,6.263
2022-08-26 19:00:00,0.114
2022-08-26 20:00:00,0.0
2022-08-26 21:00:00,0.0
2022-08-26 22:00:00,0.0
2022-08-26 23:00:00,0.0
2022-08-27 00:00:00,0.0
2022-08-27 01:00:00,0.0
2022-08-27 02:00:00,0.0
2022-08-27 03:00:00,0.0
2022-08-27 04:00:00,0.0
2022-08-27 05:00:00,0.0
2022-08-27 06:00:00,0.055
2022-08-27 07:00:00,11.081
2022-08-27 08:00:00,33.904
2022-08-27 09:00:00,55.859
2022-08-27 10:00:00,76.597
2022-08-27 11:00:00,94.333
2022-08-27 12:00:00,97.373
2022-08-27 13:00:00,82.942
2022-08-27 14:00:00,60.957
2022-08-27 15:00:00,45.756
2022-08-27 16:00:00,27.926
2022-08-27 17:00:00,12.802
2022-08-27 18:00:00,3.907
2022-08-27 19:00:00,0.0
2022-08-27 20:00:00,0.0
2022-08-27 21:00:00,0.0
2022-08-27 22:00:00,0.0
2022-08-27 23:00:00,0.0
2022-08-28 00:00:00,0.0
2022-08-28 01:00:00,0.0
2022-08-28 02:00:00,0.0
2022-08-28 03:00:00,0.0
2022-08-28 04:00:00,0.0
2022-08-28 05:00:00,0.0
2022-08-28 06:00:00,0.0
2022-08-28 07:00:00,6.625
2022-08-28 08:00:00,24.678
2022-08-28 09:00:00,53.936
2022-08-28 10:00:00,81.344
2022-08-28 11:00:00,89.798
2022-08-28 12:00:00,89.954
2022-08-28 13:00:00,79.318
2022-08-28 14:00:00,80.318
2022-08-28 15:00:00,58.241
2022-08-28 16:00:00,33.689
2022-08-28 17:00:00,16.033
2022-08-28 18:00:00,7.532
2022-08-28 19:00:00,0.437
2022-08-28 20:00:00,0.0
2022-08-28 21:00:00,0.0
2022-08-28 22:00:00,0.0
2022-08-28 23:00:00,0.0
2022-08-29 00:00:00,0.0
2022-08-29 01:00:00,0.0
2022-08-29 02:00:00,0.0
2022-08-29 03:00:00,0.0
2022-08-29 04:00:00,0.0
2022-08-29 05:00:00,0.0
2022-08-29 06:00:00,0.0
2022-08-29 07:00:00,5.566
2022-08-29 08:00:00,18.417
2022-08-29 09:00:00,36.717
2022-08-29 10:00:00,56.393
2022-08-29 11:00:00,63.581
2022-08-29 12:00:00,62.504
2022-08-29 13:00:00,63.266
2022-08-29 14:00:00,55.263
2022-08-29 15:00:00,49.136
2022-08-29 16:00:00,38.917
2022-08-29 17:00:00,28.667
2022-08-29 18:00:00,12.87
2022-08-29 19:00:00,0.427
2022-08-29 20:00:00,0.0
2022-08-29 21:00:00,0.0
2022-08-29 22:00:00,0.0
2022-08-29 23:00:00,0.0
2022-08-30 00:00:00,0.0
2022-08-30 01:00:00,0.0
2022-08-30 02:00:00,0.0
2022-08-30 03:00:00,0.0
2022-08-30 04:00:00,0.0
2022-08-30 05:00:00,0.0
2022-08-30 06:00:00,0.024
2022-08-30 07:00:00,11.996
2022-08-30 08:00:00,35.467
2022-08-30 09:00:00,61.518
2022-08-30 10:00:00,88.097
2022-08-30 11:00:00,108.061
2022-08-30 12:00:00,118.314
2022-08-30 13:00:00,119.227
2022-08-30 14:00:00,112.012
2022-08-30 15:00:00,96.131
2022-08-30 16:00:00,73.337
2022-08-30 17:00:00,45.159
2022-08-30 18:00:00,16.336
2022-08-30 19:00:00,0.38
2022-08-30 20:00:00,0.0
2022-08-30 21:00:00,0.0
2022-08-30 22:00:00,0.0
2022-08-30 23:00:00,0.0
2022-08-31 00:00:00,0.0
2022-08-31 01:00:00,0.0
2022-08-31 02:00:00,0.0
2022-08-31 03:00:00,0.0
2022-08-31 04:00:00,0.0
2022-08-31 05:00:00,0.0
2022-08-31 06:00:00,0.0
2022-08-31 07:00:00,5.279
2022-08-31 08:00:00,19.349
2022-08-31 09:00:00,39.358
2022-08-31 10:00:00,62.251
2022-08-31 11:00:00,83.592
2022-08-31 12:00:00,98.135
2022-08-31 13:00:00,97.831
2022-08-31 14:00:00,94.708
2022-08-31 15:00:00,80.464
2022-08-31 16:00:00,56.499
2022-08-31 17:00:00,33.803
2022-08-31 18:00:00,12.873
2022-08-31 19:00:00,0.29
2022-08-31 20:00:00,0.0
2022-08-31 21:00:00,0.0
2022-08-31 22:00:00,0.0
2022-08-31 23:00:00,0.0
2022-09-01 00:00:00,0.0
2022-09-01 01:00:00,0.0
2022-09-01 02:00:00,0.0
2022-09-01 03:00:00,0.0
2022-09-01 04:00:00,0.0
2022-09-01 05:00:00,0.0
2022-09-01 06:00:00,0.0
2022-09-01 07:00:00,7.936
2022-09-01 08:00:00,32.758
2022-09-01 09:00:00,60.529
2022-09-01 10:00:00,88.749
2022-09-01 11:00:00,103.109
2022-09-01 12:00:00,105.42
2022-09-01 13:00:00,96.234
2022-09-01 14:00:00,82.868
2022-09-01 15:00:00,68.777
2022-09-01 16:00:00,52.287
2022-09-01 17:00:00,33.599
2022-09-01 18:00:00,12.423
2022-09-01 19:00:00,0.211
2022-09-01 20:00:00,0.0
2022-09-01 21:00:00,0.0
2022-09-01 22:00:00,0.0
2022-09-01 23:00:00,0.0
2022-09-02 00:00:00,0.0
2022-09-02 01:00:00,0.0
2022-09-02 02:00:00,0.0
2022-09-02 03:00:00,0.0
2022-09-02 04:00:00,0.0
2022-09-02 05:00:00,0.0
2022-09-02 06:00:00,0.0
2022-09-02 07:00:00,6.274
2022-09-02 08:00:00,19.572
2022-09-02 09:00:00,39.276
2022-09-02 10:00:00,59.33
2022-09-02 11:00:00,73.037
2022-09-02 12:00:00,74.907
2022-09-02 13:00:00,71.685
2022-09-02 14:00:00,72.07
2022-09-02 15:00:00,52.526
2022-09-02 16:00:00,32.313
2022-09-02 17:00:00,14.092
2022-09-02 18:00:00,4.376
2022-09-02 19:00:00,0.0
2022-09-02 20:00:00,0.0
2022-09-02 21:00:00,0.0
2022-09-02 22:00:00,0.0
2022-09-02 23:00:00,0.0
2022-09-03 00:00:00,0.0
2022-09-03 01:00:00,0.0
2022-09-03 02:00:00,0.0
2022-09-03 03:00:00,0.0
2022-09-03 04:00:00,0.0
2022-09-03 05:00:00,0.0
2022-09-03 06:00:00,0.0
2022-09-03 07:00:00,6.897
2022-09-03 08:00:00,26.14
2022-09-03 09:00:00,50.952
2022-09-03 10:00:00,76.766
2022-09-03 11:00:00,96.59
2022-09-03 12:00:00,108.393
2022-09-03 13:00:00,107.316
2022-09-03 14:00:00,96.052
2022-09-03 15:00:00,74.957
2022-09-03 16:00:00,52.812
2022-09-03 17:00:00,30.318
2022-09-03 18:00:00,10.658
2022-09-03 19:00:00,0.076
2022-09-03 20:00:00,0.0
2022-09-03 21:00:00,0.0
2022-09-03 22:00:00,0.0
2022-09-03 23:00:00,0.0
2022-09-04 00:00:00,0.0
2022-09-04 01:00:00,0.0
2022-09-04 02:00:00,0.0
2022-09-04 03:00:00,0.0
2022-09-04 04:00:00,0.0
2022-09-04 05:00:00,0.0
2022-09-04 06:00:00,0.0
2022-09-04 07:00:00,5.046
2022-09-04 08:00:00,18.891
2022-09-04 09:00:00,39.063
2022-09-04 10:00:00,56.426
2022-09-04 11:00:00,69.234
2022-09-04 12:00:00,80.93
2022-09-04 13:00:00,85.99
2022-09-04 14:00:00,80.438
2022-09-04 15:00:00,72.85
2022-09-04 16:00:00,54.45
2022-09-04 17:00:00,32.637
2022-09-04 18:00:00,10.76
2022-09-04 19:00:00,0.05
2022-09-04 20:00:00,0.0
2022-09-04 21:00:00,0.0
2022-09-04 22:00:00,0.0
2022-09-04 23:00:00,0.0
2022-09-05 00:00:00,0.0
2022-09-05 01:00:00,0.0
2022-09-05 02:00:00,0.0
2022-09-05 03:00:00,0.0
2022-09-05 04:00:00,0.0
2022-09-05 05:00:00,0.0
2022-09-05 06:00:00,0.0
2022-09-05 07:00:00,13.228
2022-09-05 08:00:00,45.812
2022-09-05 09:00:00,76.425
2022-09-05 10:00:00,99.736
2022-09-05 11:00:00,115.473
2022-09-05 12:00:00,122.767
2022-09-05 13:00:00,122.72
2022-09-05 14:00:00,115.748
2022-09-05 15:00:00,101.283
2022-09-05 16:00:00,79.145
2022-09-05 17:00:00,49.741
2022-09-05 18:00:00,16.909
2022-09-05 19:00:00,0.057
2022-09-05 20:00:00,0.0
2022-09-05 21:00:00,0.0
2022-09-05 22:00:00,0.0
2022-09-05 23:00:00,0.0
2022-09-06 00:00:00,0.0
2022-09-06 01:00:00,0.0
2022-09-06 02:00:00,0.0
2022-09-06 03:00:00,0.0
2022-09-06 04:00:00,0.0
2022-09-06 05:00:00,0.0
2022-09-06 06:00:00,0.0
2022-09-06 07:00:00,13.118
2022-09-06 08:00:00,46.379
2022-09-06 09:00:00,76.655
2022-09-06 10:00:00,99.359
2022-09-06 11:00:00,114.468
2022-09-06 12:00:00,121.66
2022-09-06 13:00:00,121.681
2022-09-06 14:00:00,114.54
2022-09-06 15:00:00,100.239
2022-09-06 16:00:00,78.183
2022-09-06 17:00:00,48.927
2022-09-06 18:00:00,16.477
2022-09-06 19:00:00,0.026
2022-09-06 20:00:00,0.0
2022-09-06 21:00:00,0.0
2022-09-06 22:00:00,0.0
2022-09-06 23:00:00,0.0
2022-09-07 00:00:00,0.0
2022-09-07 01:00:00,0.0
2022-09-07 02:00:00,0.0
2022-09-07 03:00:00,0.0
2022-09-07 04:00:00,0.0
2022-09-07 05:00:00,0.0
2022-09-07 06:00:00,0.0
2022-09-07 07:00:00,12.463
2022-09-07 08:00:00,39.933
2022-09-07 09:00:00,66.035
2022-09-07 10:00:00,81.915
2022-09-07 11:00:00,88.899
2022-09-07 12:00:00,88.177
2022-09-07 13:00:00,84.112
2022-09-07 14:00:00,72.206
2022-09-07 15:00:00,57.263
2022-09-07 16:00:00,39.737
2022-09-07 17:00:00,21.534
2022-09-07 18:00:00,6.843
2022-09-07 19:00:00,0.0
2022-09-07 20:00:00,0.0
2022-09-07 21:00:00,0.0
2022-09-07 22:00:00,0.0
2022-09-07 23:00:00,0.0
2022-09-08 00:00:00,0.0
2022-09-08 01:00:00,0.0
2022-09-08 02:00:00,0.0
2022-09-08 03:00:00,0.0
2022-09-08 04:00:00,0.0
2022-09-08 05:00:00,0.0
2022-09-08 06:00:00,0.0
2022-09-08 07:00:00,10.461
2022-09-08 08:00:00,36.698
2022-09-08 09:00:00,64.972
2022-09-08 10:00:00,90.769
2022-09-08 11:00:00,106.585
2022-09-08 12:00:00,111.925
2022-09-08 13:00:00,108.665
2022-09-08 14:00:00,97.181
2022-09-08 15:00:00,79.471
2022-09-08 16:00:00,60.061
2022-09-08 17:00:00,36.273
2022-09-08 18:00:00,12.389
2022-09-08 19:00:00,0.0
2022-09-08 20:00:00,0.0
2022-09-08 21:00:00,0.0
2022-09-08 22:00:00,0.0
2022-09-08 23:00:00,0.0
2022-09-09 00:00:00,0.0
2022-09-09 01:00:00,0.0
2022-09-09 02:00:00,0.0
2022-09-09 03:00:00,0.0
2022-09-09 04:00:00,0.0
2022-09-09 05:00:00,0.0
2022-09-09 06:00:00,0.0
2022-09-09 07:00:00,11.862
2022-09-09 08:00:00,44.173
2022-09-09 09:00:00,74.475
2022-09-09 10:00:00,97.432
2022-09-09 11:00:00,112.802
2022-09-09 12:00:00,120.097
2022-09-09 13:00:00,120.158
2022-09-09 14:00:00,113.134
2022-09-09 15:00:00,98.495
2022-09-09 16:00:00,76.03
2022-09-09 17:00:00,46.267
2022-09-09 18:00:00,14.645
2022-09-09 19:00:00,0.0
2022-09-09 20:00:00,0.0
2022-09-09 21:00:00,0.0
2022-09-09 22:00:00,0.0
2022-09-09 23:00:00,0.0
2022-09-10 00:00:00,0.0
2022-09-10 01:00:00,0.0
2022-09-10 02:00:00,0.0
2022-09-10 03:00:00,0.0
2022-09-10 04:00:00,0.0
2022-09-10 05:00:00,0.0
2022-09-10 06:00:00,0.0
2022-09-10 07:00:00,11.938
2022-09-10 08:00:00,45.068
2022-09-10 09:00:00,75.789
2022-09-10 10:00:00,99.048
2022-09-10 11:00:00,114.418
2022-09-10 12:00:00,121.749
2022-09-10 13:00:00,121.786
2022-09-10 14:00:00,114.81
2022-09-10 15:00:00,100.273
2022-09-10 16:00:00,77.9
2022-09-10 17:00:00,48.043
2022-09-10 18:00:00,15.181
2022-09-10 19:00:00,0.0
2022-09-10 20:00:00,0.0
2022-09-10 21:00:00,0.0
2022-09-10 22:00:00,0.0
2022-09-10 23:00:00,0.0
2022-09-11 00:00:00,0.0
2022-09-11 01:00:00,0.0
2022-09-11 02:00:00,0.0
2022-09-11 03:00:00,0.0
2022-09-11 04:00:00,0.0
2022-09-11 05:00:00,0.0
2022-09-11 06:00:00,0.0
2022-09-11 07:00:00,11.198
2022-09-11 08:00:00,43.574
2022-09-11 09:00:00,74.266
2022-09-11 10:00:00,97.491
2022-09-11 11:00:00,113.091
2022-09-11 12:00:00,120.256
2022-09-11 13:00:00,120.148
2022-09-11 14:00:00,112.96
2022-09-11 15:00:00,97.992
2022-09-11 16:00:00,75.253
2022-09-11 17:00:00,45.593
2022-09-11 18:00:00,14.106
2022-09-11 19:00:00,0.0
2022-09-11 20:00:00,0.0
2022-09-11 21:00:00,0.0
2022-09-11 22:00:00,0.0
2022-09-11 23:00:00,0.0
2022-09-12 00:00:00,0.0
2022-09-12 01:00:00,0.0
2022-09-12 02:00:00,0.0
2022-09-12 03:00:00,0.0
2022-09-12 04:00:00,0.0
2022-09-12 05:00:00,0.0
2022-09-12 06:00:00,0.0
2022-09-12 07:00:00,10.627
2022-09-12 08:00:00,42.302
2022-09-12 09:00:00,72.663
2022-09-12 10:00:00,95.641
2022-09-12 11:00:00,110.872
2022-09-12 12:00:00,116.505
2022-09-12 13:00:00,115.83
2022-09-12 14:00:00,105.56
2022-09-12 15:00:00,92.192
2022-09-12 16:00:00,70.803
2022-09-12 17:00:00,42.574
2022-09-12 18:00:00,12.215
2022-09-12 19:00:00,0.0
2022-09-12 20:00:00,0.0
2022-09-12 21:00:00,0.0
2022-09-12 22:00:00,0.0
2022-09-12 23:00:00,0.0
2022-09-13 00:00:00,0.0
2022-09-13 01:00:00,0.0
2022-09-13 02:00:00,0.0
2022-09-13 03:00:00,0.0
2022-09-13 04:00:00,0.0
2022-09-13 05:00:00,0.0
2022-09-13 06:00:00,0.0
2022-09-13 07:00:00,6.955
2022-09-13 08:00:00,29.637
2022-09-13 09:00:00,57.589
2022-09-13 10:00:00,85.987
2022-09-13 11:00:00,101.452
2022-09-13 12:00:00,110.135
2022-09-13 13:00:00,108.109
2022-09-13 14:00:00,92.392
2022-09-13 15:00:00,59.413
2022-09-13 16:00:00,33.743
2022-09-13 17:00:00,16.346
2022-09-13 18:00:00,4.652
2022-09-13 19:00:00,0.0
2022-09-13 20:00:00,0.0
2022-09-13 21:00:00,0.0
2022-09-13 22:00:00,0.0
2022-09-13 23:00:00,0.0
2022-09-14 00:00:00,0.0
2022-09-14 01:00:00,0.0
2022-09-14 02:00:00,0.0
2022-09-14 03:00:00,0.0
2022-09-14 04:00:00,0.0
2022-09-14 05:00:00,0.0
2022-09-14 06:00:00,0.0
2022-09-14 07:00:00,5.343
2022-09-14 08:00:00,24.761
2022-09-14 09:00:00,48.964
2022-09-14 10:00:00,74.264
2022-09-14 11:00:00,94.301
2022-09-14 12:00:00,105.188
2022-09-14 13:00:00,108.374
2022-09-14 14:00:00,105.761
2022-09-14 15:00:00,91.605
2022-09-14 16:00:00,68.657
2022-09-14 17:00:00,38.452
2022-09-14 18:00:00,10.673
2022-09-14 19:00:00,0.0
2022-09-14 20:00:00,0.0
2022-09-14 21:00:00,0.0
2022-09-14 22:00:00,0.0
2022-09-14 23:00:00,0.0
2022-09-15 00:00:00,0.0
2022-09-15 01:00:00,0.0
2022-09-15 02:00:00,0.0
2022-09-15 03:00:00,0.0
2022-09-15 04:00:00,0.0
2022-09-15 05:00:00,0.0
2022-09-15 06:00:00,0.0
2022-09-15 07:00:00,8.383
2022-09-15 08:00:00,37.79
2022-09-15 09:00:00,68.057
2022-09-15 10:00:00,91.037
2022-09-15 11:00:00,106.844
2022-09-15 12:00:00,112.797
2022-09-15 13:00:00,104.633
2022-09-15 14:00:00,71.779
2022-09-15 15:00:00,48.331
2022-09-15 16:00:00,37.233
2022-09-15 17:00:00,18.375
2022-09-15 18:00:00,4.755
2022-09-15 19:00:00,0.0
2022-09-15 20:00:00,0.0
2022-09-15 21:00:00,0.0
2022-09-15 22:00:00,0.0
2022-09-15 23:00:00,0.0
2022-09-16 00:00:00,0.0
2022-09-16 01:00:00,0.0
2022-09-16 02:00:00,0.0
2022-09-16 03:00:00,0.0
2022-09-16 04:00:00,0.0
2022-09-16 05:00:00,0.0
2022-09-16 06:00:00,0.0
2022-09-16 07:00:00,1.403
2022-09-16 08:00:00,12.821
2022-09-16 09:00:00,40.046
2022-09-16 10:00:00,64.256
2022-09-16 11:00:00,66.49
2022-09-16 12:00:00,60.152
2022-09-16 13:00:00,51.53
2022-09-16 14:00:00,40.877
2022-09-16 15:00:00,25.658
2022-09-16 16:00:00,15.841
2022-09-16 17:00:00,8.225
2022-09-16 18:00:00,1.756
2022-09-16 19:00:00,0.0
2022-09-16 20:00:00,0.0
2022-09-16 21:00:00,0.0
2022-09-16 22:00:00,0.0
2022-09-16 23:00:00,0.0
2022-09-17 00:00:00,0.0
2022-09-17 01:00:00,0.0
2022-09-17 02:00:00,0.0
2022-09-17 03:00:00,0.0
2022-09-17 04:00:00,0.0
2022-09-17 05:00:00,0.0
2022-09-17 06:00:00,0.0
2022-09-17 07:00:00,7.22
2022-09-17 08:00:00,36.429
2022-09-17 09:00:00,67.174
2022-09-17 10:00:00,91.107
2022-09-17 11:00:00,108.78
2022-09-17 12:00:00,114.7
2022-09-17 13:00:00,111.203
2022-09-17 14:00:00,101.522
2022-09-17 15:00:00,83.983
2022-09-17 16:00:00,59.631
2022-09-17 17:00:00,32.446
2022-09-17 18:00:00,9.292
2022-09-17 19:00:00,0.0
2022-09-17 20:00:00,0.0
2022-09-17 21:00:00,0.0
2022-09-17 22:00:00,0.0
2022-09-17 23:00:00,0.0
2022-09-18 00:00:00,0.0
2022-09-18 01:00:00,0.0
2022-09-18 02:00:00,0.0
2022-09-18 03:00:00,0.0
2022-09-18 04:00:00,0.0
2022-09-18 05:00:00,0.0
2022-09-18 06:00:00,0.0
2022-09-18 07:00:00,4.961
2022-09-18 08:00:00,21.188
2022-09-18 09:00:00,36.621
2022-09-18 10:00:00,49.099
2022-09-18 11:00:00,64.26
2022-09-18 12:00:00,70.329
2022-09-18 13:00:00,57.215
2022-09-18 14:00:00,39.53
2022-09-18 15:00:00,36.216
2022-09-18 16:00:00,34.792
2022-09-18 17:00:00,24.942
2022-09-18 18:00:00,6.388
2022-09-18 19:00:00,0.0
2022-09-18 20:00:00,0.0
2022-09-18 21:00:00,0.0
2022-09-18 22:00:00,0.0
2022-09-18 23:00:00,0.0
2022-09-19 00:00:00,0.0
2022-09-19 01:00:00,0.0
2022-09-19 02:00:00,0.0
2022-09-19 03:00:00,0.0
2022-09-19 04:00:00,0.0
2022-09-19 05:00:00,0.0
2022-09-19 06:00:00,0.0
2022-09-19 07:00:00,2.171
2022-09-19 08:00:00,11.521
2022-09-19 09:00:00,21.308
2022-09-19 10:00:00,30.889
2022-09-19 11:00:00,40.818
2022-09-19 12:00:00,45.524
2022-09-19 13:00:00,45.675
2022-09-19 14:00:00,40.106
2022-09-19 15:00:00,34.542
2022-09-19 16:00:00,23.169
2022-09-19 17:00:00,12.754
2022-09-19 18:00:00,3.556
2022-09-19 19:00:00,0.0
2022-09-19 20:00:00,0.0
2022-09-19 21:00:00,0.0
2022-09-19 22:00:00,0.0
2022-09-19 23:00:00,0.0
2022-09-20 00:00:00,0.0
2022-09-20 01:00:00,0.0
2022-09-20 02:00:00,0.0
2022-09-20 03:00:00,0.0
2022-09-20 04:00:00,0.0
2022-09-20 05:00:00,0.0
2022-09-20 06:00:00,0.0
2022-09-20 07:00:00,4.185
2022-09-20 08:00:00,26.592
2022-09-20 09:00:00,61.529
2022-09-20 10:00:00,93.096
2022-09-20 11:00:00,111.929
2022-09-20 12:00:00,120.331
2022-09-20 13:00:00,120.224
2022-09-20 14:00:00,112.005
2022-09-20 15:00:00,96.433
2022-09-20 16:00:00,71.828
2022-09-20 17:00:00,41.365
2022-09-20 18:00:00,10.76
2022-09-20 19:00:00,0.0
2022-09-20 20:00:00,0.0
2022-09-20 21:00:00,0.0
2022-09-20 22:00:00,0.0
2022-09-20 23:00:00,0.0
2022-09-21 00:00:00,0.0
2022-09-21 01:00:00,0.0
2022-09-21 02:00:00,0.0
2022-09-21 03:00:00,0.0
2022-09-21 04:00:00,0.0
2022-09-21 05:00:00,0.0
2022-09-21 06:00:00,0.0
2022-09-21 07:00:00,5.553
2022-09-21 08:00:00,32.129
2022-09-21 09:00:00,65.359
2022-09-21 10:00:00,92.246
2022-09-21 11:00:00,107.89
2022-09-21 12:00:00,113.272
2022-09-21 13:00:00,112.067
2022-09-21 14:00:00,104.246
2022-09-21 15:00:00,83.64
2022-09-21 16:00:00,54.059
2022-09-21 17:00:00,23.489
2022-09-21 18:00:00,4.289
2022-09-21 19:00:00,0.0
2022-09-21 20:00:00,0.0
2022-09-21 21:00:00,0.0
2022-09-21 22:00:00,0.0
2022-09-21 23:00:00,0.0
2022-09-22 00:00:00,0.0
2022-09-22 01:00:00,0.0
2022-09-22 02:00:00,0.0
2022-09-22 03:00:00,0.0
2022-09-22 04:00:00,0.0
2022-09-22 05:00:00,0.0
2022-09-22 06:00:00,0.0
2022-09-22 07:00:00,8.644
2022-09-22 08:00:00,43.826
2022-09-22 09:00:00,76.682
2022-09-22 10:00:00,101.004
2022-09-22 11:00:00,116.558
2022-09-22 12:00:00,124.196
2022-09-22 13:00:00,124.372
2022-09-22 14:00:00,116.566
2022-09-22 15:00:00,101.451
2022-09-22 16:00:00,76.04
2022-09-22 17:00:00,35.963
2022-09-22 18:00:00,5.037
2022-09-22 19:00:00,0.0
2022-09-22 20:00:00,0.0
2022-09-22 21:00:00,0.0
2022-09-22 22:00:00,0.0
2022-09-22 23:00:00,0.0
2022-09-23 00:00:00,0.0
2022-09-23 01:00:00,0.0
2022-09-23 02:00:00,0.0
2022-09-23 03:00:00,0.0
2022-09-23 04:00:00,0.0
2022-09-23 05:00:00,0.0
2022-09-23 06:00:00,0.0
2022-09-23 07:00:00,4.145
2022-09-23 08:00:00,21.016
2022-09-23 09:00:00,40.676
2022-09-23 10:00:00,61.395
2022-09-23 11:00:00,67.21
2022-09-23 12:00:00,75.923
2022-09-23 13:00:00,82.166
2022-09-23 14:00:00,73.386
2022-09-23 15:00:00,59.414
2022-09-23 16:00:00,47.993
2022-09-23 17:00:00,29.575
2022-09-23 18:00:00,8.427
2022-09-23 19:00:00,0.0
2022-09-23 20:00:00,0.0
2022-09-23 21:00:00,0.0
2022-09-23 22:00:00,0.0
2022-09-23 23:00:00,0.0
2022-09-24 00:00:00,0.0
2022-09-24 01:00:00,0.0
2022-09-24 02:00:00,0.0
2022-09-24 03:00:00,0.0
2022-09-24 04:00:00,0.0
2022-09-24 05:00:00,0.0
2022-09-24 06:00:00,0.0
2022-09-24 07:00:00,2.616
2022-09-24 08:00:00,15.631
2022-09-24 09:00:00,32.627
2022-09-24 10:00:00,54.715
2022-09-24 11:00:00,83.013
2022-09-24 12:00:00,109.969
2022-09-24 13:00:00,117.706
2022-09-24 14:00:00,110.304
2022-09-24 15:00:00,92.781
2022-09-24 16:00:00,66.452
2022-09-24 17:00:00,35.312
2022-09-24 18:00:00,8.328
2022-09-24 19:00:00,0.0
2022-09-24 20:00:00,0.0
2022-09-24 21:00:00,0.0
2022-09-24 22:00:00,0.0
2022-09-24 23:00:00,0.0
2022-09-25 00:00:00,0.0
2022-09-25 01:00:00,0.0
2022-09-25 02:00:00,0.0
2022-09-25 03:00:00,0.0
2022-09-25 04:00:00,0.0
2022-09-25 05:00:00,0.0
2022-09-25 06:00:00,0.0
2022-09-25 07:00:00,6.647
2022-09-25 08:00:00,39.506
2022-09-25 09:00:00,71.675
2022-09-25 10:00:00,93.125
2022-09-25 11:00:00,101.117
2022-09-25 12:00:00,93.52
2022-09-25 13:00:00,82.565
2022-09-25 14:00:00,71.972
2022-09-25 15:00:00,62.43
2022-09-25 16:00:00,48.39
2022-09-25 17:00:00,26.977
2022-09-25 18:00:00,6.489
2022-09-25 19:00:00,0.0
2022-09-25 20:00:00,0.0
2022-09-25 21:00:00,0.0
2022-09-25 22:00:00,0.0
2022-09-25 23:00:00,0.0
2022-09-26 00:00:00,0.0
2022-09-26 01:00:00,0.0
2022-09-26 02:00:00,0.0
2022-09-26 03:00:00,0.0
2022-09-26 04:00:00,0.0
2022-09-26 05:00:00,0.0
2022-09-26 06:00:00,0.0
2022-09-26 07:00:00,6.25
2022-09-26 08:00:00,38.821
2022-09-26 09:00:00,70.121
2022-09-26 10:00:00,93.759
2022-09-26 11:00:00,110.043
2022-09-26 12:00:00,111.277
2022-09-26 13:00:00,82.012
2022-09-26 14:00:00,60.579
2022-09-26 15:00:00,48.162
2022-09-26 16:00:00,26.955
2022-09-26 17:00:00,11.672
2022-09-26 18:00:00,2.073
2022-09-26 19:00:00,0.0
2022-09-26 20:00:00,0.0
2022-09-26 21:00:00,0.0
2022-09-26 22:00:00,0.0
2022-09-26 23:00:00,0.0
2022-09-27 00:00:00,0.0
2022-09-27 01:00:00,0.0
2022-09-27 02:00:00,0.0
2022-09-27 03:00:00,0.0
2022-09-27 04:00:00,0.0
2022-09-27 05:00:00,0.0
2022-09-27 06:00:00,0.0
2022-09-27 07:00:00,0.877
2022-09-27 08:00:00,9.226
2022-09-27 09:00:00,16.578
2022-09-27 10:00:00,29.351
2022-09-27 11:00:00,47.684
2022-09-27 12:00:00,60.394
2022-09-27 13:00:00,84.066
2022-09-27 14:00:00,93.691
2022-09-27 15:00:00,66.174
2022-09-27 16:00:00,37.985
2022-09-27 17:00:00,18.806
2022-09-27 18:00:00,4.668
2022-09-27 19:00:00,0.0
2022-09-27 20:00:00,0.0
2022-09-27 21:00:00,0.0
2022-09-27 22:00:00,0.0
2022-09-27 23:00:00,0.0
2022-09-28 00:00:00,0.0
2022-09-28 01:00:00,0.0
2022-09-28 02:00:00,0.0
2022-09-28 03:00:00,0.0
2022-09-28 04:00:00,0.0
2022-09-28 05:00:00,0.0
2022-09-28 06:00:00,0.0
2022-09-28 07:00:00,4.995
2022-09-28 08:00:00,36.824
2022-09-28 09:00:00,69.483
2022-09-28 10:00:00,94.111
2022-09-28 11:00:00,111.182
2022-09-28 12:00:00,118.975
2022-09-28 13:00:00,119.248
2022-09-28 14:00:00,112.795
2022-09-28 15:00:00,97.681
2022-09-28 16:00:00,72.169
2022-09-28 17:00:00,42.132
2022-09-28 18:00:00,9.913
2022-09-28 19:00:00,0.0
2022-09-28 20:00:00,0.0
2022-09-28 21:00:00,0.0
2022-09-28 22:00:00,0.0
2022-09-28 23:00:00,0.0
2022-09-29 00:00:00,0.0
2022-09-29 01:00:00,0.0
2022-09-29 02:00:00,0.0
2022-09-29 03:00:00,0.0
2022-09-29 04:00:00,0.0
2022-09-29 05:00:00,0.0
2022-09-29 06:00:00,0.0
2022-09-29 07:00:00,6.047
2022-09-29 08:00:00,39.169
2022-09-29 09:00:00,71.483
2022-09-29 10:00:00,95.229
2022-09-29 11:00:00,110.909
2022-09-29 12:00:00,118.048
2022-09-29 13:00:00,117.758
2022-09-29 14:00:00,109.81
2022-09-29 15:00:00,93.544
2022-09-29 16:00:00,68.562
2022-09-29 17:00:00,40.248
2022-09-29 18:00:00,9.062
2022-09-29 19:00:00,0.0
2022-09-29 20:00:00,0.0
2022-09-29 21:00:00,0.0
2022-09-29 22:00:00,0.0
2022-09-29 23:00:00,0.0
2022-09-30 00:00:00,0.0
2022-09-30 01:00:00,0.0
2022-09-30 02:00:00,0.0
2022-09-30 03:00:00,0.0
2022-09-30 04:00:00,0.0
2022-09-30 05:00:00,0.0
2022-09-30 06:00:00,0.0
2022-09-30 07:00:00,5.337
2022-09-30 08:00:00,36.177
2022-09-30 09:00:00,66.937
2022-09-30 10:00:00,84.638
2022-09-30 11:00:00,98.306
2022-09-30 12:00:00,106.416
2022-09-30 13:00:00,103.405
2022-09-30 14:00:00,90.924
2022-09-30 15:00:00,71.198
2022-09-30 16:00:00,51.52
2022-09-30 17:00:00,26.052
2022-09-30 18:00:00,4.61
2022-09-30 19:00:00,0.0
2022-09-30 20:00:00,0.0
2022-09-30 21:00:00,0.0
2022-09-30 22:00:00,0.0
2022-09-30 23:00:00,0.0
2022-10-01 00:00:00,0.0
2022-10-01 01:00:00,0.0
2022-10-01 02:00:00,0.0
2022-10-01 03:00:00,0.0
2022-10-01 04:00:00,0.0
2022-10-01 05:00:00,0.0
2022-10-01 06:00:00,0.0
2022-10-01 07:00:00,1.471
2022-10-01 08:00:00,17.443
2022-10-01 09:00:00,47.549
2022-10-01 10:00:00,86.271
2022-10-01 11:00:00,110.387
2022-10-01 12:00:00,118.353
2022-10-01 13:00:00,118.564
2022-10-01 14:00:00,111.756
2022-10-01 15:00:00,97.088
2022-10-01 16:00:00,74.228
2022-10-01 17:00:00,43.39
2022-10-01 18:00:00,8.963
2022-10-01 19:00:00,0.0
2022-10-01 20:00:00,0.0
2022-10-01 21:00:00,0.0
2022-10-01 22:00:00,0.0
2022-10-01 23:00:00,0.0
2022-10-02 00:00:00,0.0
2022-10-02 01:00:00,0.0
2022-10-02 02:00:00,0.0
2022-10-02 03:00:00,0.0
2022-10-02 04:00:00,0.0
2022-10-02 05:00:00,0.0
2022-10-02 06:00:00,0.0
2022-10-02 07:00:00,2.917
2022-10-02 08:00:00,14.534
2022-10-02 09:00:00,21.271
2022-10-02 10:00:00,29.962
2022-10-02 11:00:00,43.115
2022-10-02 12:00:00,52.367
2022-10-02 13:00:00,50.886
2022-10-02 14:00:00,45.228
2022-10-02 15:00:00,34.289
2022-10-02 16:00:00,21.389
2022-10-02 17:00:00,9.77
2022-10-02 18:00:00,1.646
2022-10-02 19:00:00,0.0
2022-10-02 20:00:00,0.0
2022-10-02 21:00:00,0.0
2022-10-02 22:00:00,0.0
2022-10-02 23:00:00,0.0
2022-10-03 00:00:00,0.0
2022-10-03 01:00:00,0.0
2022-10-03 02:00:00,0.0
2022-10-03 03:00:00,0.0
2022-10-03 04:00:00,0.0
2022-10-03 05:00:00,0.0
2022-10-03 06:00:00,0.0
2022-10-03 07:00:00,1.648
2022-10-03 08:00:00,21.703
2022-10-03 09:00:00,57.343
2022-10-03 10:00:00,80.246
2022-10-03 11:00:00,101.298
2022-10-03 12:00:00,111.258
2022-10-03 13:00:00,105.635
2022-10-03 14:00:00,90.791
2022-10-03 15:00:00,74.453
2022-10-03 16:00:00,54.476
2022-10-03 17:00:00,26.378
2022-10-03 18:00:00,3.744
2022-10-03 19:00:00,0.0
2022-10-03 20:00:00,0.0
2022-10-03 21:00:00,0.0
2022-10-03 22:00:00,0.0
2022-10-03 23:00:00,0.0
2022-10-04 00:00:00,0.0
2022-10-04 01:00:00,0.0
2022-10-04 02:00:00,0.0
2022-10-04 03:00:00,0.0
2022-10-04 04:00:00,0.0
2022-10-04 05:00:00,0.0
2022-10-04 06:00:00,0.0
2022-10-04 07:00:00,1.918
2022-10-04 08:00:00,24.341
2022-10-04 09:00:00,59.746
2022-10-04 10:00:00,85.971
2022-10-04 11:00:00,103.274
2022-10-04 12:00:00,113.156
2022-10-04 13:00:00,115.506
2022-10-04 14:00:00,110.549
2022-10-04 15:00:00,94.878
2022-10-04 16:00:00,71.584
2022-10-04 17:00:00,39.188
2022-10-04 18:00:00,6.409
2022-10-04 19:00:00,0.0
2022-10-04 20:00:00,0.0
2022-10-04 21:00:00,0.0
2022-10-04 22:00:00,0.0
2022-10-04 23:00:00,0.0
2022-10-05 00:00:00,0.0
2022-10-05 01:00:00,0.0
2022-10-05 02:00:00,0.0
2022-10-05 03:00:00,0.0
2022-10-05 04:00:00,0.0
2022-10-05 05:00:00,0.0
2022-10-05 06:00:00,0.0
2022-10-05 07:00:00,1.234
2022-10-05 08:00:00,10.917
2022-10-05 09:00:00,25.824
2022-10-05 10:00:00,47.339
2022-10-05 11:00:00,71.818
2022-10-05 12:00:00,98.264
2022-10-05 13:00:00,102.227
2022-10-05 14:00:00,96.812
2022-10-05 15:00:00,67.602
2022-10-05 16:00:00,36.455
2022-10-05 17:00:00,10.507
2022-10-05 18:00:00,0.726
2022-10-05 19:00:00,0.0
2022-10-05 20:00:00,0.0
2022-10-05 21:00:00,0.0
2022-10-05 22:00:00,0.0
2022-10-05 23:00:00,0.0
2022-10-06 00:00:00,0.0
2022-10-06 01:00:00,0.0
2022-10-06 02:00:00,0.0
2022-10-06 03:00:00,0.0
2022-10-06 04:00:00,0.0
2022-10-06 05:00:00,0.0
2022-10-06 06:00:00,0.0
2022-10-06 07:00:00,1.902
2022-10-06 08:00:00,25.057
2022-10-06 09:00:00,47.742
2022-10-06 10:00:00,65.419
2022-10-06 11:00:00,76.181
2022-10-06 12:00:00,88.055
2022-10-06 13:00:00,85.66
2022-10-06 14:00:00,80.557
2022-10-06 15:00:00,70.978
2022-10-06 16:00:00,52.359
2022-10-06 17:00:00,25.552
2022-10-06 18:00:00,2.95
2022-10-06 19:00:00,0.0
2022-10-06 20:00:00,0.0
2022-10-06 21:00:00,0.0
2022-10-06 22:00:00,0.0
2022-10-06 23:00:00,0.0
2022-10-07 00:00:00,0.0
2022-10-07 01:00:00,0.0
2022-10-07 02:00:00,0.0
2022-10-07 03:00:00,0.0
2022-10-07 04:00:00,0.0
2022-10-07 05:00:00,0.0
2022-10-07 06:00:00,0.0
2022-10-07 07:00:00,1.558
2022-10-07 08:00:00,22.703
2022-10-07 09:00:00,53.005
2022-10-07 10:00:00,74.193
2022-10-07 11:00:00,94.623
2022-10-07 12:00:00,102.84
2022-10-07 13:00:00,94.424
2022-10-07 14:00:00,73.549
2022-10-07 15:00:00,49.486
2022-10-07 16:00:00,33.98
2022-10-07 17:00:00,19.829
2022-10-07 18:00:00,3.251
2022-10-07 19:00:00,0.0
2022-10-07 20:00:00,0.0
2022-10-07 21:00:00,0.0
2022-10-07 22:00:00,0.0
2022-10-07 23:00:00,0.0
2022-10-08 00:00:00,0.0
2022-10-08 01:00:00,0.0
2022-10-08 02:00:00,0.0
2022-10-08 03:00:00,0.0
2022-10-08 04:00:00,0.0
2022-10-08 05:00:00,0.0
2022-10-08 06:00:00,0.0
2022-10-08 07:00:00,1.086
2022-10-08 08:00:00,17.654
2022-10-08 09:00:00,43.753
2022-10-08 10:00:00,74.162
2022-10-08 11:00:00,99.129
2022-10-08 12:00:00,111.76
2022-10-08 13:00:00,112.868
2022-10-08 14:00:00,109.351
2022-10-08 15:00:00,94.077
2022-10-08 16:00:00,69.946
2022-10-08 17:00:00,36.955
2022-10-08 18:00:00,4.658
2022-10-08 19:00:00,0.0
2022-10-08 20:00:00,0.0
2022-10-08 21:00:00,0.0
2022-10-08 22:00:00,0.0
2022-10-08 23:00:00,0.0
2022-10-09 00:00:00,0.0
2022-10-09 01:00:00,0.0
2022-10-09 02:00:00,0.0
2022-10-09 03:00:00,0.0
2022-10-09 04:00:00,0.0
2022-10-09 05:00:00,0.0
2022-10-09 06:00:00,0.0
2022-10-09 07:00:00,3.608
2022-10-09 08:00:00,39.274
2022-10-09 09:00:00,78.895
2022-10-09 10:00:00,107.576
2022-10-09 11:00:00,124.365
2022-10-09 12:00:00,131.863
2022-10-09 13:00:00,131.067
2022-10-09 14:00:00,121.825
2022-10-09 15:00:00,103.69
2022-10-09 16:00:00,75.28
2022-10-09 17:00:00,40.615
2022-10-09 18:00:00,4.471
2022-10-09 19:00:00,0.0
2022-10-09 20:00:00,0.0
2022-10-09 21:00:00,0.0
2022-10-09 22:00:00,0.0
2022-10-09 23:00:00,0.0
2022-10-10 00:00:00,0.0
2022-10-10 01:00:00,0.0
2022-10-10 02:00:00,0.0
2022-10-10 03:00:00,0.0
2022-10-10 04:00:00,0.0
2022-10-10 05:00:00,0.0
2022-10-10 06:00:00,0.0
2022-10-10 07:00:00,3.899
2022-10-10 08:00:00,38.554
2022-10-10 09:00:00,75.263
2022-10-10 10:00:00,102.181
2022-10-10 11:00:00,117.854
2022-10-10 12:00:00,124.989
2022-10-10 13:00:00,123.137
2022-10-10 14:00:00,113.398
2022-10-10 15:00:00,94.45
2022-10-10 16:00:00,71.157
2022-10-10 17:00:00,41.411
2022-10-10 18:00:00,5.101
2022-10-10 19:00:00,0.0
2022-10-10 20:00:00,0.0
2022-10-10 21:00:00,0.0
2022-10-10 22:00:00,0.0
2022-10-10 23:00:00,0.0
2022-10-11 00:00:00,0.0
2022-10-11 01:00:00,0.0
2022-10-11 02:00:00,0.0
2022-10-11 03:00:00,0.0
2022-10-11 04:00:00,0.0
2022-10-11 05:00:00,0.0
2022-10-11 06:00:00,0.0
2022-10-11 07:00:00,2.412
2022-10-11 08:00:00,32.238
2022-10-11 09:00:00,69.535
2022-10-11 10:00:00,96.159
2022-10-11 11:00:00,111.943
2022-10-11 12:00:00,117.963
2022-10-11 13:00:00,107.017
2022-10-11 14:00:00,81.504
2022-10-11 15:00:00,51.255
2022-10-11 16:00:00,25.58
2022-10-11 17:00:00,10.585
2022-10-11 18:00:00,0.712
2022-10-11 19:00:00,0.0
2022-10-11 20:00:00,0.0
2022-10-11 21:00:00,0.0
2022-10-11 22:00:00,0.0
2022-10-11 23:00:00,0.0
2022-10-12 00:00:00,0.0
2022-10-12 01:00:00,0.0
2022-10-12 02:00:00,0.0
2022-10-12 03:00:00,0.0
2022-10-12 04:00:00,0.0
2022-10-12 05:00:00,0.0
2022-10-12 06:00:00,0.0
2022-10-12 07:00:00,1.46
2022-10-12 08:00:00,29.999
2022-10-12 09:00:00,66.772
2022-10-12 10:00:00,91.161
2022-10-12 11:00:00,103.943
2022-10-12 12:00:00,113.914
2022-10-12 13:00:00,112.721
2022-10-12 14:00:00,111.15
2022-10-12 15:00:00,91.645
2022-10-12 16:00:00,40.807
2022-10-12 17:00:00,7.874
2022-10-12 18:00:00,0.403
2022-10-12 19:00:00,0.0
2022-10-12 20:00:00,0.0
2022-10-12 21:00:00,0.0
2022-10-12 22:00:00,0.0
2022-10-12 23:00:00,0.0
2022-10-13 00:00:00,0.0
2022-10-13 01:00:00,0.0
2022-10-13 02:00:00,0.0
2022-10-13 03:00:00,0.0
2022-10-13 04:00:00,0.0
2022-10-13 05:00:00,0.0
2022-10-13 06:00:00,0.0
2022-10-13 07:00:00,0.473
2022-10-13 08:00:00,18.713
2022-10-13 09:00:00,56.938
2022-10-13 10:00:00,89.679
2022-10-13 11:00:00,108.996
2022-10-13 12:00:00,117.259
2022-10-13 13:00:00,116.449
2022-10-13 14:00:00,106.933
2022-10-13 15:00:00,88.13
2022-10-13 16:00:00,61.441
2022-10-13 17:00:00,29.898
2022-10-13 18:00:00,1.968
2022-10-13 19:00:00,0.0
2022-10-13 20:00:00,0.0
2022-10-13 21:00:00,0.0
2022-10-13 22:00:00,0.0
2022-10-13 23:00:00,0.0
2022-10-14 00:00:00,0.0
2022-10-14 01:00:00,0.0
2022-10-14 02:00:00,0.0
2022-10-14 03:00:00,0.0
2022-10-14 04:00:00,0.0
2022-10-14 05:00:00,0.0
2022-10-14 06:00:00,0.0
2022-10-14 07:00:00,1.118
2022-10-14 08:00:00,24.228
2022-10-14 09:00:00,49.145
2022-10-14 10:00:00,81.192
2022-10-14 11:00:00,108.901
2022-10-14 12:00:00,118.731
2022-10-14 13:00:00,118.229
2022-10-14 14:00:00,101.031
2022-10-14 15:00:00,55.092
2022-10-14 16:00:00,28.683
2022-10-14 17:00:00,11.056
2022-10-14 18:00:00,0.652
2022-10-14 19:00:00,0.0
2022-10-14 20:00:00,0.0
2022-10-14 21:00:00,0.0
2022-10-14 22:00:00,0.0
2022-10-14 23:00:00,0.0
2022-10-15 00:00:00,0.0
2022-10-15 01:00:00,0.0
2022-10-15 02:00:00,0.0
2022-10-15 03:00:00,0.0
2022-10-15 04:00:00,0.0
2022-10-15 05:00:00,0.0
2022-10-15 06:00:00,0.0
2022-10-15 07:00:00,0.648
2022-10-15 08:00:00,19.828
2022-10-15 09:00:00,43.755
2022-10-15 10:00:00,57.014
2022-10-15 11:00:00,65.977
2022-10-15 12:00:00,70.897
2022-10-15 13:00:00,71.763
2022-10-15 14:00:00,67.775
2022-10-15 15:00:00,52.402
2022-10-15 16:00:00,32.033
2022-10-15 17:00:00,13.737
2022-10-15 18:00:00,0.719
2022-10-15 19:00:00,0.0
2022-10-15 20:00:00,0.0
2022-10-15 21:00:00,0.0
2022-10-15 22:00:00,0.0
2022-10-15 23:00:00,0.0
2022-10-16 00:00:00,0.0
2022-10-16 01:00:00,0.0
2022-10-16 02:00:00,0.0
2022-10-16 03:00:00,0.0
2022-10-16 04:00:00,0.0
2022-10-16 05:00:00,0.0
2022-10-16 06:00:00,0.0
2022-10-16 07:00:00,0.663
2022-10-16 08:00:00,24.8
2022-10-16 09:00:00,60.277
2022-10-16 10:00:00,88.374
2022-10-16 11:00:00,104.1
2022-10-16 12:00:00,108.776
2022-10-16 13:00:00,105.738
2022-10-16 14:00:00,96.842
2022-10-16 15:00:00,79.855
2022-10-16 16:00:00,55.473
2022-10-16 17:00:00,28.838
2022-10-16 18:00:00,2.119
2022-10-16 19:00:00,0.0
2022-10-16 20:00:00,0.0
2022-10-16 21:00:00,0.0
2022-10-16 22:00:00,0.0
2022-10-16 23:00:00,0.0
2022-10-17 00:00:00,0.0
2022-10-17 01:00:00,0.0
2022-10-17 02:00:00,0.0
2022-10-17 03:00:00,0.0
2022-10-17 04:00:00,0.0
2022-10-17 05:00:00,0.0
2022-10-17 06:00:00,0.0
2022-10-17 07:00:00,0.779
2022-10-17 08:00:00,28.147
2022-10-17 09:00:00,65.452
2022-10-17 10:00:00,93.552
2022-10-17 11:00:00,111.637
2022-10-17 12:00:00,120.559
2022-10-17 13:00:00,120.928
2022-10-17 14:00:00,113.849
2022-10-17 15:00:00,97.035
2022-10-17 16:00:00,70.443
2022-10-17 17:00:00,36.533
2022-10-17 18:00:00,2.551
2022-10-17 19:00:00,0.0
2022-10-17 20:00:00,0.0
2022-10-17 21:00:00,0.0
2022-10-17 22:00:00,0.0
2022-10-17 23:00:00,0.0
2022-10-18 00:00:00,0.0
2022-10-18 01:00:00,0.0
2022-10-18 02:00:00,0.0
2022-10-18 03:00:00,0.0
2022-10-18 04:00:00,0.0
2022-10-18 05:00:00,0.0
2022-10-18 06:00:00,0.0
2022-10-18 07:00:00,0.722
2022-10-18 08:00:00,23.53
2022-10-18 09:00:00,56.349
2022-10-18 10:00:00,84.619
2022-10-18 11:00:00,104.046
2022-10-18 12:00:00,113.894
2022-10-18 13:00:00,114.931
2022-10-18 14:00:00,109.262
2022-10-18 15:00:00,92.107
2022-10-18 16:00:00,64.805
2022-10-18 17:00:00,33.946
2022-10-18 18:00:00,2.186
2022-10-18 19:00:00,0.0
2022-10-18 20:00:00,0.0
2022-10-18 21:00:00,0.0
2022-10-18 22:00:00,0.0
2022-10-18 23:00:00,0.0
2022-10-19 00:00:00,0.0
2022-10-19 01:00:00,0.0
2022-10-19 02:00:00,0.0
2022-10-19 03:00:00,0.0
2022-10-19 04:00:00,0.0
2022-10-19 05:00:00,0.0
2022-10-19 06:00:00,0.0
2022-10-19 07:00:00,0.0
2022-10-19 08:00:00,4.874
2022-10-19 09:00:00,19.021
2022-10-19 10:00:00,43.46
2022-10-19 11:00:00,80.19
2022-10-19 12:00:00,109.296
2022-10-19 13:00:00,111.332
2022-10-19 14:00:00,101.554
2022-10-19 15:00:00,71.246
2022-10-19 16:00:00,33.475
2022-10-19 17:00:00,10.095
2022-10-19 18:00:00,0.234
2022-10-19 19:00:00,0.0
2022-10-19 20:00:00,0.0
2022-10-19 21:00:00,0.0
2022-10-19 22:00:00,0.0
2022-10-19 23:00:00,0.0
2022-10-20 00:00:00,0.0
2022-10-20 01:00:00,0.0
2022-10-20 02:00:00,0.0
2022-10-20 03:00:00,0.0
2022-10-20 04:00:00,0.0
2022-10-20 05:00:00,0.0
2022-10-20 06:00:00,0.0
2022-10-20 07:00:00,0.193
2022-10-20 08:00:00,18.842
2022-10-20 09:00:00,49.592
2022-10-20 10:00:00,74.427
2022-10-20 11:00:00,94.567
2022-10-20 12:00:00,109.8
2022-10-20 13:00:00,113.469
2022-10-20 14:00:00,99.818
2022-10-20 15:00:00,79.389
2022-10-20 16:00:00,52.162
2022-10-20 17:00:00,21.601
2022-10-20 18:00:00,0.9410000000000001
2022-10-20 19:00:00,0.0
2022-10-20 20:00:00,0.0
2022-10-20 21:00:00,0.0
2022-10-20 22:00:00,0.0
2022-10-20 23:00:00,0.0
2022-10-21 00:00:00,0.0
2022-10-21 01:00:00,0.0
2022-10-21 02:00:00,0.0
2022-10-21 03:00:00,0.0
2022-10-21 04:00:00,0.0
2022-10-21 05:00:00,0.0
2022-10-21 06:00:00,0.0
2022-10-21 07:00:00,0.184
2022-10-21 08:00:00,19.653
2022-10-21 09:00:00,58.891
2022-10-21 10:00:00,89.4
2022-10-21 11:00:00,100.795
2022-10-21 12:00:00,95.479
2022-10-21 13:00:00,99.473
2022-10-21 14:00:00,101.198
2022-10-21 15:00:00,86.543
2022-10-21 16:00:00,62.189
2022-10-21 17:00:00,29.356
2022-10-21 18:00:00,1.196
2022-10-21 19:00:00,0.0
2022-10-21 20:00:00,0.0
2022-10-21 21:00:00,0.0
2022-10-21 22:00:00,0.0
2022-10-21 23:00:00,0.0
2022-10-22 00:00:00,0.0
2022-10-22 01:00:00,0.0
2022-10-22 02:00:00,0.0
2022-10-22 03:00:00,0.0
2022-10-22 04:00:00,0.0
2022-10-22 05:00:00,0.0
2022-10-22 06:00:00,0.0
2022-10-22 07:00:00,0.0
2022-10-22 08:00:00,8.856
2022-10-22 09:00:00,29.137
2022-10-22 10:00:00,54.08
2022-10-22 11:00:00,73.848
2022-10-22 12:00:00,92.996
2022-10-22 13:00:00,102.868
2022-10-22 14:00:00,99.856
2022-10-22 15:00:00,84.999
2022-10-22 16:00:00,57.903
2022-10-22 17:00:00,25.392
2022-10-22 18:00:00,0.89
2022-10-22 19:00:00,0.0
2022-10-22 20:00:00,0.0
2022-10-22 21:00:00,0.0
2022-10-22 22:00:00,0.0
2022-10-22 23:00:00,0.0
2022-10-23 00:00:00,0.0
2022-10-23 01:00:00,0.0
2022-10-23 02:00:00,0.0
2022-10-23 03:00:00,0.0
2022-10-23 04:00:00,0.0
2022-10-23 05:00:00,0.0
2022-10-23 06:00:00,0.0
2022-10-23 07:00:00,0.0
2022-10-23 08:00:00,8.882
2022-10-23 09:00:00,35.032
2022-10-23 10:00:00,76.477
2022-10-23 11:00:00,96.04
2022-10-23 12:00:00,97.128
2022-10-23 13:00:00,73.854
2022-10-23 14:00:00,48.422
2022-10-23 15:00:00,46.257
2022-10-23 16:00:00,38.187
2022-10-23 17:00:00,14.602
2022-10-23 18:00:00,0.343
2022-10-23 19:00:00,0.0
2022-10-23 20:00:00,0.0
2022-10-23 21:00:00,0.0
2022-10-23 22:00:00,0.0
2022-10-23 23:00:00,0.0
2022-10-24 00:00:00,0.0
2022-10-24 01:00:00,0.0
2022-10-24 02:00:00,0.0
2022-10-24 03:00:00,0.0
2022-10-24 04:00:00,0.0
2022-10-24 05:00:00,0.0
2022-10-24 06:00:00,0.0
2022-10-24 07:00:00,0.0
2022-10-24 08:00:00,9.166
2022-10-24 09:00:00,45.551
2022-10-24 10:00:00,83.317
2022-10-24 11:00:00,103.793
2022-10-24 12:00:00,109.791
2022-10-24 13:00:00,104.163
2022-10-24 14:00:00,90.93
2022-10-24 15:00:00,72.672
2022-10-24 16:00:00,45.922
2022-10-24 17:00:00,16.737
2022-10-24 18:00:00,0.336
2022-10-24 19:00:00,0.0
2022-10-24 20:00:00,0.0
2022-10-24 21:00:00,0.0
2022-10-24 22:00:00,0.0
2022-10-24 23:00:00,0.0
2022-10-25 00:00:00,0.0
2022-10-25 01:00:00,0.0
2022-10-25 02:00:00,0.0
2022-10-25 03:00:00,0.0
2022-10-25 04:00:00,0.0
2022-10-25 05:00:00,0.0
2022-10-25 06:00:00,0.0
2022-10-25 07:00:00,0.0
2022-10-25 08:00:00,7.563
2022-10-25 09:00:00,23.719
2022-10-25 10:00:00,41.948
2022-10-25 11:00:00,55.504
2022-10-25 12:00:00,61.138
2022-10-25 13:00:00,56.299
2022-10-25 14:00:00,42.53
2022-10-25 15:00:00,31.554
2022-10-25 16:00:00,18.555
2022-10-25 17:00:00,7.338
2022-10-25 18:00:00,0.034
2022-10-25 19:00:00,0.0
2022-10-25 20:00:00,0.0
2022-10-25 21:00:00,0.0
2022-10-25 22:00:00,0.0
2022-10-25 23:00:00,0.0
2022-10-26 00:00:00,0.0
2022-10-26 01:00:00,0.0
2022-10-26 02:00:00,0.0
2022-10-26 03:00:00,0.0
2022-10-26 04:00:00,0.0
2022-10-26 05:00:00,0.0
2022-10-26 06:00:00,0.0
2022-10-26 07:00:00,0.0
2022-10-26 08:00:00,17.682
2022-10-26 09:00:00,50.339
2022-10-26 10:00:00,74.249
2022-10-26 11:00:00,86.116
2022-10-26 12:00:00,84.133
2022-10-26 13:00:00,71.747
2022-10-26 14:00:00,59.465
2022-10-26 15:00:00,46.11
2022-10-26 16:00:00,30.628
2022-10-26 17:00:00,13.109
2022-10-26 18:00:00,0.201
2022-10-26 19:00:00,0.0
2022-10-26 20:00:00,0.0
2022-10-26 21:00:00,0.0
2022-10-26 22:00:00,0.0
2022-10-26 23:00:00,0.0
2022-10-27 00:00:00,0.0
2022-10-27 01:00:00,0.0
2022-10-27 02:00:00,0.0
2022-10-27 03:00:00,0.0
2022-10-27 04:00:00,0.0
2022-10-27 05:00:00,0.0
2022-10-27 06:00:00,0.0
2022-10-27 07:00:00,0.0
2022-10-27 08:00:00,10.273
2022-10-27 09:00:00,35.107
2022-10-27 10:00:00,67.249
2022-10-27 11:00:00,94.221
2022-10-27 12:00:00,104.244
2022-10-27 13:00:00,106.552
2022-10-27 14:00:00,90.312
2022-10-27 15:00:00,56.753
2022-10-27 16:00:00,25.044
2022-10-27 17:00:00,6.876
2022-10-27 18:00:00,0.0
2022-10-27 19:00:00,0.0
2022-10-27 20:00:00,0.0
2022-10-27 21:00:00,0.0
2022-10-27 22:00:00,0.0
2022-10-27 23:00:00,0.0
2022-10-28 00:00:00,0.0
2022-10-28 01:00:00,0.0
2022-10-28 02:00:00,0.0
2022-10-28 03:00:00,0.0
2022-10-28 04:00:00,0.0
2022-10-28 05:00:00,0.0
2022-10-28 06:00:00,0.0
2022-10-28 07:00:00,0.0
2022-10-28 08:00:00,5.368
2022-10-28 09:00:00,25.167
2022-10-28 10:00:00,49.375
2022-10-28 11:00:00,71.108
2022-10-28 12:00:00,92.812
2022-10-28 13:00:00,91.912
2022-10-28 14:00:00,78.283
2022-10-28 15:00:00,56.782
2022-10-28 16:00:00,34.071
2022-10-28 17:00:00,11.352
2022-10-28 18:00:00,0.0
2022-10-28 19:00:00,0.0
2022-10-28 20:00:00,0.0
2022-10-28 21:00:00,0.0
2022-10-28 22:00:00,0.0
2022-10-28 23:00:00,0.0
2022-10-29 00:00:00,0.0
2022-10-29 01:00:00,0.0
2022-10-29 02:00:00,0.0
2022-10-29 03:00:00,0.0
2022-10-29 04:00:00,0.0
2022-10-29 05:00:00,0.0
2022-10-29 06:00:00,0.0
2022-10-29 07:00:00,0.0
2022-10-29 08:00:00,6.685
2022-10-29 09:00:00,20.458
2022-10-29 10:00:00,24.825
2022-10-29 11:00:00,31.409
2022-10-29 12:00:00,40.288
2022-10-29 13:00:00,46.155
2022-10-29 14:00:00,46.575
2022-10-29 15:00:00,37.276
2022-10-29 16:00:00,22.88
2022-10-29 17:00:00,10.03
2022-10-29 18:00:00,0.026
2022-10-29 19:00:00,0.0
2022-10-29 20:00:00,0.0
2022-10-29 21:00:00,0.0
2022-10-29 22:00:00,0.0
2022-10-29 23:00:00,0.0
2022-10-30 00:00:00,0.0
2022-10-30 01:00:00,0.0
2022-10-30 02:00:00,0.0
2022-10-30 03:00:00,0.0
2022-10-30 04:00:00,0.0
2022-10-30 05:00:00,0.0
2022-10-30 06:00:00,0.0
2022-10-30 07:00:00,0.0
2022-10-30 08:00:00,12.514
2022-10-30 09:00:00,37.575
2022-10-30 10:00:00,54.263
2022-10-30 11:00:00,65.047
2022-10-30 12:00:00,79.832
2022-10-30 13:00:00,92.401
2022-10-30 14:00:00,96.563
2022-10-30 15:00:00,75.848
2022-10-30 16:00:00,42.092
2022-10-30 17:00:00,12.782
2022-10-30 18:00:00,0.0
2022-10-30 19:00:00,0.0
2022-10-30 20:00:00,0.0
2022-10-30 21:00:00,0.0
2022-10-30 22:00:00,0.0
2022-10-30 23:00:00,0.0
2022-10-31 00:00:00,0.0
2022-10-31 01:00:00,0.0
2022-10-31 02:00:00,0.0
2022-10-31 03:00:00,0.0
2022-10-31 04:00:00,0.0
2022-10-31 05:00:00,0.0
2022-10-31 06:00:00,0.0
2022-10-31 07:00:00,0.0
2022-10-31 08:00:00,18.556
2022-10-31 09:00:00,59.493
2022-10-31 10:00:00,93.406
2022-10-31 11:00:00,111.927
2022-10-31 12:00:00,120.719
2022-10-31 13:00:00,120.915
2022-10-31 14:00:00,112.676
2022-10-31 15:00:00,96.38
2022-10-31 16:00:00,70.894
2022-10-31 17:00:00,36.867
2022-10-31 18:00:00,0.493
2022-10-31 19:00:00,0.0
2022-10-31 20:00:00,0.0
2022-10-31 21:00:00,0.0
2022-10-31 22:00:00,0.0
2022-10-31 23:00:00,0.0
2022-11-01 00:00:00,0.0
2022-11-01 01:00:00,0.0
2022-11-01 02:00:00,0.0
2022-11-01 03:00:00,0.0
2022-11-01 04:00:00,0.0
2022-11-01 05:00:00,0.0
2022-11-01 06:00:00,0.0
2022-11-01 07:00:00,0.0
2022-11-01 08:00:00,25.962
2022-11-01 09:00:00,66.721
2022-11-01 10:00:00,95.488
2022-11-01 11:00:00,113.057
2022-11-01 12:00:00,121.476
2022-11-01 13:00:00,121.537
2022-11-01 14:00:00,113.21
2022-11-01 15:00:00,96.668
2022-11-01 16:00:00,70.784
2022-11-01 17:00:00,36.095
2022-11-01 18:00:00,0.398
2022-11-01 19:00:00,0.0
2022-11-01 20:00:00,0.0
2022-11-01 21:00:00,0.0
2022-11-01 22:00:00,0.0
2022-11-01 23:00:00,0.0
2022-11-02 00:00:00,0.0
2022-11-02 01:00:00,0.0
2022-11-02 02:00:00,0.0
2022-11-02 03:00:00,0.0
2022-11-02 04:00:00,0.0
2022-11-02 05:00:00,0.0
2022-11-02 06:00:00,0.0
2022-11-02 07:00:00,0.0
2022-11-02 08:00:00,3.629
2022-11-02 09:00:00,25.213
2022-11-02 10:00:00,52.421
2022-11-02 11:00:00,73.406
2022-11-02 12:00:00,88.612
2022-11-02 13:00:00,96.346
2022-11-02 14:00:00,93.96
2022-11-02 15:00:00,73.961
2022-11-02 16:00:00,47.253
2022-11-02 17:00:00,18.736
2022-11-02 18:00:00,0.016
2022-11-02 19:00:00,0.0
2022-11-02 20:00:00,0.0
2022-11-02 21:00:00,0.0
2022-11-02 22:00:00,0.0
2022-11-02 23:00:00,0.0
2022-11-03 00:00:00,0.0
2022-11-03 01:00:00,0.0
2022-11-03 02:00:00,0.0
2022-11-03 03:00:00,0.0
2022-11-03 04:00:00,0.0
2022-11-03 05:00:00,0.0
2022-11-03 06:00:00,0.0
2022-11-03 07:00:00,0.0
2022-11-03 08:00:00,2.639
2022-11-03 09:00:00,13.844
2022-11-03 10:00:00,30.408
2022-11-03 11:00:00,57.449
2022-11-03 12:00:00,88.753
2022-11-03 13:00:00,95.463
2022-11-03 14:00:00,90.842
2022-11-03 15:00:00,75.947
2022-11-03 16:00:00,51.119
2022-11-03 17:00:00,21.792
2022-11-03 18:00:00,0.075
2022-11-03 19:00:00,0.0
2022-11-03 20:00:00,0.0
2022-11-03 21:00:00,0.0
2022-11-03 22:00:00,0.0
2022-11-03 23:00:00,0.0
2022-11-04 00:00:00,0.0
2022-11-04 01:00:00,0.0
2022-11-04 02:00:00,0.0
2022-11-04 03:00:00,0.0
2022-11-04 04:00:00,0.0
2022-11-04 05:00:00,0.0
2022-11-04 06:00:00,0.0
2022-11-04 07:00:00,0.0
2022-11-04 08:00:00,13.396
2022-11-04 09:00:00,50.995
2022-11-04 10:00:00,83.954
2022-11-04 11:00:00,103.418
2022-11-04 12:00:00,111.289
2022-11-04 13:00:00,110.229
2022-11-04 14:00:00,102.816
2022-11-04 15:00:00,82.146
2022-11-04 16:00:00,60.095
2022-11-04 17:00:00,29.695
2022-11-04 18:00:00,0.482
2022-11-04 19:00:00,0.0
2022-11-04 20:00:00,0.0
2022-11-04 21:00:00,0.0
2022-11-04 22:00:00,0.0
2022-11-04 23:00:00,0.0
2022-11-05 00:00:00,0.0
2022-11-05 01:00:00,0.0
2022-11-05 02:00:00,0.0
2022-11-05 03:00:00,0.0
2022-11-05 04:00:00,0.0
2022-11-05 05:00:00,0.0
2022-11-05 06:00:00,0.0
2022-11-05 07:00:00,0.0
2022-11-05 08:00:00,7.121
2022-11-05 09:00:00,31.594
2022-11-05 10:00:00,76.73
2022-11-05 11:00:00,106.944
2022-11-05 12:00:00,118.717
2022-11-05 13:00:00,118.971
2022-11-05 14:00:00,110.614
2022-11-05 15:00:00,94.212
2022-11-05 16:00:00,68.023
2022-11-05 17:00:00,32.753
2022-11-05 18:00:00,0.0
2022-11-05 19:00:00,0.0
2022-11-05 20:00:00,0.0
2022-11-05 21:00:00,0.0
2022-11-05 22:00:00,0.0
2022-11-05 23:00:00,0.0
2022-11-06 00:00:00,0.0
2022-11-06 01:00:00,0.0
2022-11-06 02:00:00,0.0
2022-11-06 03:00:00,0.0
2022-11-06 04:00:00,0.0
2022-11-06 05:00:00,0.0
2022-11-06 06:00:00,0.0
2022-11-06 07:00:00,0.0
2022-11-06 08:00:00,17.061
2022-11-06 09:00:00,57.184
2022-11-06 10:00:00,87.783
2022-11-06 11:00:00,107.914
2022-11-06 12:00:00,117.23
2022-11-06 13:00:00,117.266
2022-11-06 14:00:00,110.042
2022-11-06 15:00:00,93.518
2022-11-06 16:00:00,66.599
2022-11-06 17:00:00,30.341
2022-11-06 18:00:00,0.0
2022-11-06 19:00:00,0.0
2022-11-06 20:00:00,0.0
2022-11-06 21:00:00,0.0
2022-11-06 22:00:00,0.0
2022-11-06 23:00:00,0.0
2022-11-07 00:00:00,0.0
2022-11-07 01:00:00,0.0
2022-11-07 02:00:00,0.0
2022-11-07 03:00:00,0.0
2022-11-07 04:00:00,0.0
2022-11-07 05:00:00,0.0
2022-11-07 06:00:00,0.0
2022-11-07 07:00:00,0.0
2022-11-07 08:00:00,14.899
2022-11-07 09:00:00,49.858
2022-11-07 10:00:00,78.823
2022-11-07 11:00:00,101.657
2022-11-07 12:00:00,112.81
2022-11-07 13:00:00,103.986
2022-11-07 14:00:00,81.37
2022-11-07 15:00:00,58.522
2022-11-07 16:00:00,29.792
2022-11-07 17:00:00,8.175
2022-11-07 18:00:00,0.0
2022-11-07 19:00:00,0.0
2022-11-07 20:00:00,0.0
2022-11-07 21:00:00,0.0
2022-11-07 22:00:00,0.0
2022-11-07 23:00:00,0.0
2022-11-08 00:00:00,0.0
2022-11-08 01:00:00,0.0
2022-11-08 02:00:00,0.0
2022-11-08 03:00:00,0.0
2022-11-08 04:00:00,0.0
2022-11-08 05:00:00,0.0
2022-11-08 06:00:00,0.0
2022-11-08 07:00:00,0.0
2022-11-08 08:00:00,11.834
2022-11-08 09:00:00,48.097
2022-11-08 10:00:00,84.234
2022-11-08 11:00:00,104.168
2022-11-08 12:00:00,113.809
2022-11-08 13:00:00,114.492
2022-11-08 14:00:00,107.05
2022-11-08 15:00:00,90.358
2022-11-08 16:00:00,63.767
2022-11-08 17:00:00,28.903
2022-11-08 18:00:00,0.0
2022-11-08 19:00:00,0.0
2022-11-08 20:00:00,0.0
2022-11-08 21:00:00,0.0
2022-11-08 22:00:00,0.0
2022-11-08 23:00:00,0.0
2022-11-09 00:00:00,0.0
2022-11-09 01:00:00,0.0
2022-11-09 02:00:00,0.0
2022-11-09 03:00:00,0.0
2022-11-09 04:00:00,0.0
2022-11-09 05:00:00,0.0
2022-11-09 06:00:00,0.0
2022-11-09 07:00:00,0.0
2022-11-09 08:00:00,8.306
2022-11-09 09:00:00,50.675
2022-11-09 10:00:00,85.145
2022-11-09 11:00:00,103.811
2022-11-09 12:00:00,113.391
2022-11-09 13:00:00,114.122
2022-11-09 14:00:00,104.86
2022-11-09 15:00:00,88.196
2022-11-09 16:00:00,62.071
2022-11-09 17:00:00,35.411
2022-11-09 18:00:00,0.0
2022-11-09 19:00:00,0.0
2022-11-09 20:00:00,0.0
2022-11-09 21:00:00,0.0
2022-11-09 22:00:00,0.0
2022-11-09 23:00:00,0.0
2022-11-10 00:00:00,0.0
2022-11-10 01:00:00,0.0
2022-11-10 02:00:00,0.0
2022-11-10 03:00:00,0.0
2022-11-10 04:00:00,0.0
2022-11-10 05:00:00,0.0
2022-11-10 06:00:00,0.0
2022-11-10 07:00:00,0.0
2022-11-10 08:00:00,11.125
2022-11-10 09:00:00,43.033
2022-11-10 10:00:00,70.647
2022-11-10 11:00:00,89.603
2022-11-10 12:00:00,101.159
2022-11-10 13:00:00,103.805
2022-11-10 14:00:00,95.536
2022-11-10 15:00:00,82.541
2022-11-10 16:00:00,55.574
2022-11-10 17:00:00,26.052
2022-11-10 18:00:00,0.0
2022-11-10 19:00:00,0.0
2022-11-10 20:00:00,0.0
2022-11-10 21:00:00,0.0
2022-11-10 22:00:00,0.0
2022-11-10 23:00:00,0.0
2022-11-11 00:00:00,0.0
2022-11-11 01:00:00,0.0
2022-11-11 02:00:00,0.0
2022-11-11 03:00:00,0.0
2022-11-11 04:00:00,0.0
2022-11-11 05:00:00,0.0
2022-11-11 06:00:00,0.0
2022-11-11 07:00:00,0.0
2022-11-11 08:00:00,4.151
2022-11-11 09:00:00,13.425
2022-11-11 10:00:00,13.589
2022-11-11 11:00:00,14.193
2022-11-11 12:00:00,22.577
2022-11-11 13:00:00,25.454
2022-11-11 14:00:00,22.253
2022-11-11 15:00:00,16.037
2022-11-11 16:00:00,10.375
2022-11-11 17:00:00,3.069
2022-11-11 18:00:00,0.0
2022-11-11 19:00:00,0.0
2022-11-11 20:00:00,0.0
2022-11-11 21:00:00,0.0
2022-11-11 22:00:00,0.0
2022-11-11 23:00:00,0.0
2022-11-12 00:00:00,0.0
2022-11-12 01:00:00,0.0
2022-11-12 02:00:00,0.0
2022-11-12 03:00:00,0.0
2022-11-12 04:00:00,0.0
2022-11-12 05:00:00,0.0
2022-11-12 06:00:00,0.0
2022-11-12 07:00:00,0.0
2022-11-12 08:00:00,7.776
2022-11-12 09:00:00,29.913
2022-11-12 10:00:00,49.726
2022-11-12 11:00:00,68.714
2022-11-12 12:00:00,74.882
2022-11-12 13:00:00,69.665
2022-11-12 14:00:00,60.431
2022-11-12 15:00:00,43.231
2022-11-12 16:00:00,24.04
2022-11-12 17:00:00,7.899
2022-11-12 18:00:00,0.0
2022-11-12 19:00:00,0.0
2022-11-12 20:00:00,0.0
2022-11-12 21:00:00,0.0
2022-11-12 22:00:00,0.0
2022-11-12 23:00:00,0.0
2022-11-13 00:00:00,0.0
2022-11-13 01:00:00,0.0
2022-11-13 02:00:00,0.0
2022-11-13 03:00:00,0.0
2022-11-13 04:00:00,0.0
2022-11-13 05:00:00,0.0
2022-11-13 06:00:00,0.0
2022-11-13 07:00:00,0.0
2022-11-13 08:00:00,8.75
2022-11-13 09:00:00,36.294
2022-11-13 10:00:00,49.681
2022-11-13 11:00:00,59.122
2022-11-13 12:00:00,67.994
2022-11-13 13:00:00,63.498
2022-11-13 14:00:00,45.977
2022-11-13 15:00:00,30.269
2022-11-13 16:00:00,17.215
2022-11-13 17:00:00,4.377
2022-11-13 18:00:00,0.0
2022-11-13 19:00:00,0.0
2022-11-13 20:00:00,0.0
2022-11-13 21:00:00,0.0
2022-11-13 22:00:00,0.0
2022-11-13 23:00:00,0.0
2022-11-14 00:00:00,0.0
2022-11-14 01:00:00,0.0
2022-11-14 02:00:00,0.0
2022-11-14 03:00:00,0.0
2022-11-14 04:00:00,0.0
2022-11-14 05:00:00,0.0
2022-11-14 06:00:00,0.0
2022-11-14 07:00:00,0.0
2022-11-14 08:00:00,5.322
2022-11-14 09:00:00,30.956
2022-11-14 10:00:00,67.752
2022-11-14 11:00:00,101.883
2022-11-14 12:00:00,118.046
2022-11-14 13:00:00,119.114
2022-11-14 14:00:00,111.107
2022-11-14 15:00:00,93.836
2022-11-14 16:00:00,65.668
2022-11-14 17:00:00,32.739
2022-11-14 18:00:00,0.0
2022-11-14 19:00:00,0.0
2022-11-14 20:00:00,0.0
2022-11-14 21:00:00,0.0
2022-11-14 22:00:00,0.0
2022-11-14 23:00:00,0.0
2022-11-15 00:00:00,0.0
2022-11-15 01:00:00,0.0
2022-11-15 02:00:00,0.0
2022-11-15 03:00:00,0.0
2022-11-15 04:00:00,0.0
2022-11-15 05:00:00,0.0
2022-11-15 06:00:00,0.0
2022-11-15 07:00:00,0.0
2022-11-15 08:00:00,11.325
2022-11-15 09:00:00,35.181
2022-11-15 10:00:00,65.91
2022-11-15 11:00:00,90.843
2022-11-15 12:00:00,98.685
2022-11-15 13:00:00,102.069
2022-11-15 14:00:00,94.882
2022-11-15 15:00:00,71.415
2022-11-15 16:00:00,44.935
2022-11-15 17:00:00,18.072
2022-11-15 18:00:00,0.0
2022-11-15 19:00:00,0.0
2022-11-15 20:00:00,0.0
2022-11-15 21:00:00,0.0
2022-11-15 22:00:00,0.0
2022-11-15 23:00:00,0.0
2022-11-16 00:00:00,0.0
2022-11-16 01:00:00,0.0
2022-11-16 02:00:00,0.0
2022-11-16 03:00:00,0.0
2022-11-16 04:00:00,0.0
2022-11-16 05:00:00,0.0
2022-11-16 06:00:00,0.0
2022-11-16 07:00:00,0.0
2022-11-16 08:00:00,15.807
2022-11-16 09:00:00,59.971
2022-11-16 10:00:00,92.069
2022-11-16 11:00:00,111.849
2022-11-16 12:00:00,121.604
2022-11-16 13:00:00,122.538
2022-11-16 14:00:00,114.818
2022-11-16 15:00:00,98.475
2022-11-16 16:00:00,72.74
2022-11-16 17:00:00,41.272
2022-11-16 18:00:00,0.0
2022-11-16 19:00:00,0.0
2022-11-16 20:00:00,0.0
2022-11-16 21:00:00,0.0
2022-11-16 22:00:00,0.0
2022-11-16 23:00:00,0.0
2022-11-17 00:00:00,0.0
2022-11-17 01:00:00,0.0
2022-11-17 02:00:00,0.0
2022-11-17 03:00:00,0.0
2022-11-17 04:00:00,0.0
2022-11-17 05:00:00,0.0
2022-11-17 06:00:00,0.0
2022-11-17 07:00:00,0.0
2022-11-17 08:00:00,11.733
2022-11-17 09:00:00,47.94
2022-11-17 10:00:00,70.254
2022-11-17 11:00:00,74.605
2022-11-17 12:00:00,62.26
2022-11-17 13:00:00,43.669
2022-11-17 14:00:00,32.485
2022-11-17 15:00:00,23.426
2022-11-17 16:00:00,18.799
2022-11-17 17:00:00,11.541
2022-11-17 18:00:00,0.0
2022-11-17 19:00:00,0.0
2022-11-17 20:00:00,0.0
2022-11-17 21:00:00,0.0
2022-11-17 22:00:00,0.0
2022-11-17 23:00:00,0.0
2022-11-18 00:00:00,0.0
2022-11-18 01:00:00,0.0
2022-11-18 02:00:00,0.0
2022-11-18 03:00:00,0.0
2022-11-18 04:00:00,0.0
2022-11-18 05:00:00,0.0
2022-11-18 06:00:00,0.0
2022-11-18 07:00:00,0.0
2022-11-18 08:00:00,7.95
2022-11-18 09:00:00,48.264
2022-11-18 10:00:00,81.787
2022-11-18 11:00:00,100.644
2022-11-18 12:00:00,111.839
2022-11-18 13:00:00,111.545
2022-11-18 14:00:00,93.748
2022-11-18 15:00:00,66.321
2022-11-18 16:00:00,42.519
2022-11-18 17:00:00,20.516
2022-11-18 18:00:00,0.0
2022-11-18 19:00:00,0.0
2022-11-18 20:00:00,0.0
2022-11-18 21:00:00,0.0
2022-11-18 22:00:00,0.0
2022-11-18 23:00:00,0.0
2022-11-19 00:00:00,0.0
2022-11-19 01:00:00,0.0
2022-11-19 02:00:00,0.0
2022-11-19 03:00:00,0.0
2022-11-19 04:00:00,0.0
2022-11-19 05:00:00,0.0
2022-11-19 06:00:00,0.0
2022-11-19 07:00:00,0.0
2022-11-19 08:00:00,14.715
2022-11-19 09:00:00,59.56
2022-11-19 10:00:00,91.512
2022-11-19 11:00:00,109.495
2022-11-19 12:00:00,113.898
2022-11-19 13:00:00,113.76
2022-11-19 14:00:00,108.618
2022-11-19 15:00:00,93.265
2022-11-19 16:00:00,64.887
2022-11-19 17:00:00,29.916
2022-11-19 18:00:00,0.0
2022-11-19 19:00:00,0.0
2022-11-19 20:00:00,0.0
2022-11-19 21:00:00,0.0
2022-11-19 22:00:00,0.0
2022-11-19 23:00:00,0.0
2022-11-20 00:00:00,0.0
2022-11-20 01:00:00,0.0
2022-11-20 02:00:00,0.0
2022-11-20 03:00:00,0.0
2022-11-20 04:00:00,0.0
2022-11-20 05:00:00,0.0
2022-11-20 06:00:00,0.0
2022-11-20 07:00:00,0.0
2022-11-20 08:00:00,13.607
2022-11-20 09:00:00,52.859
2022-11-20 10:00:00,84.231
2022-11-20 11:00:00,106.039
2022-11-20 12:00:00,112.464
2022-11-20 13:00:00,106.932
2022-11-20 14:00:00,85.365
2022-11-20 15:00:00,55.465
2022-11-20 16:00:00,26.183
2022-11-20 17:00:00,5.67
2022-11-20 18:00:00,0.0
2022-11-20 19:00:00,0.0
2022-11-20 20:00:00,0.0
2022-11-20 21:00:00,0.0
2022-11-20 22:00:00,0.0
2022-11-20 23:00:00,0.0
2022-11-21 00:00:00,0.0
2022-11-21 01:00:00,0.0
2022-11-21 02:00:00,0.0
2022-11-21 03:00:00,0.0
2022-11-21 04:00:00,0.0
2022-11-21 05:00:00,0.0
2022-11-21 06:00:00,0.0
2022-11-21 07:00:00,0.0
2022-11-21 08:00:00,2.261
2022-11-21 09:00:00,17.473
2022-11-21 10:00:00,38.122
2022-11-21 11:00:00,61.549
2022-11-21 12:00:00,87.191
2022-11-21 13:00:00,94.171
2022-11-21 14:00:00,84.615
2022-11-21 15:00:00,63.269
2022-11-21 16:00:00,33.362
2022-11-21 17:00:00,9.297
2022-11-21 18:00:00,0.0
2022-11-21 19:00:00,0.0
2022-11-21 20:00:00,0.0
2022-11-21 21:00:00,0.0
2022-11-21 22:00:00,0.0
2022-11-21 23:00:00,0.0
2022-11-22 00:00:00,0.0
2022-11-22 01:00:00,0.0
2022-11-22 02:00:00,0.0
2022-11-22 03:00:00,0.0
2022-11-22 04:00:00,0.0
2022-11-22 05:00:00,0.0
2022-11-22 06:00:00,0.0
2022-11-22 07:00:00,0.0
2022-11-22 08:00:00,11.367
2022-11-22 09:00:00,53.276
2022-11-22 10:00:00,86.12
2022-11-22 11:00:00,107.202
2022-11-22 12:00:00,117.094
2022-11-22 13:00:00,117.895
2022-11-22 14:00:00,110.829
2022-11-22 15:00:00,93.777
2022-11-22 16:00:00,66.75
2022-11-22 17:00:00,30.955
2022-11-22 18:00:00,0.0
2022-11-22 19:00:00,0.0
2022-11-22 20:00:00,0.0
2022-11-22 21:00:00,0.0
2022-11-22 22:00:00,0.0
2022-11-22 23:00:00,0.0
2022-11-23 00:00:00,0.0
2022-11-23 01:00:00,0.0
2022-11-23 02:00:00,0.0
2022-11-23 03:00:00,0.0
2022-11-23 04:00:00,0.0
2022-11-23 05:00:00,0.0
2022-11-23 06:00:00,0.0
2022-11-23 07:00:00,0.0
2022-11-23 08:00:00,8.643
2022-11-23 09:00:00,55.13
2022-11-23 10:00:00,88.538
2022-11-23 11:00:00,108.937
2022-11-23 12:00:00,118.692
2022-11-23 13:00:00,119.617
2022-11-23 14:00:00,111.997
2022-11-23 15:00:00,95.253
2022-11-23 16:00:00,68.588
2022-11-23 17:00:00,31.856
2022-11-23 18:00:00,0.0
2022-11-23 19:00:00,0.0
2022-11-23 20:00:00,0.0
2022-11-23 21:00:00,0.0
2022-11-23 22:00:00,0.0
2022-11-23 23:00:00,0.0
2022-11-24 00:00:00,0.0
2022-11-24 01:00:00,0.0
2022-11-24 02:00:00,0.0
2022-11-24 03:00:00,0.0
2022-11-24 04:00:00,0.0
2022-11-24 05:00:00,0.0
2022-11-24 06:00:00,0.0
2022-11-24 07:00:00,0.0
2022-11-24 08:00:00,14.242
2022-11-24 09:00:00,57.762
2022-11-24 10:00:00,89.334
2022-11-24 11:00:00,108.729
2022-11-24 12:00:00,117.861
2022-11-24 13:00:00,118.248
2022-11-24 14:00:00,110.257
2022-11-24 15:00:00,92.882
2022-11-24 16:00:00,64.429
2022-11-24 17:00:00,23.755
2022-11-24 18:00:00,0.0
2022-11-24 19:00:00,0.0
2022-11-24 20:00:00,0.0
2022-11-24 21:00:00,0.0
2022-11-24 22:00:00,0.0
2022-11-24 23:00:00,0.0
2022-11-25 00:00:00,0.0
2022-11-25 01:00:00,0.0
2022-11-25 02:00:00,0.0
2022-11-25 03:00:00,0.0
2022-11-25 04:00:00,0.0
2022-11-25 05:00:00,0.0
2022-11-25 06:00:00,0.0
2022-11-25 07:00:00,0.0
2022-11-25 08:00:00,9.281
2022-11-25 09:00:00,49.146
2022-11-25 10:00:00,82.301
2022-11-25 11:00:00,103.01
2022-11-25 12:00:00,112.752
2022-11-25 13:00:00,112.975
2022-11-25 14:00:00,102.385
2022-11-25 15:00:00,77.433
2022-11-25 16:00:00,46.03
2022-11-25 17:00:00,13.157
2022-11-25 18:00:00,0.0
2022-11-25 19:00:00,0.0
2022-11-25 20:00:00,0.0
2022-11-25 21:00:00,0.0
2022-11-25 22:00:00,0.0
2022-11-25 23:00:00,0.0
2022-11-26 00:00:00,0.0
2022-11-26 01:00:00,0.0
2022-11-26 02:00:00,0.0
2022-11-26 03:00:00,0.0
2022-11-26 04:00:00,0.0
2022-11-26 05:00:00,0.0
2022-11-26 06:00:00,0.0
2022-11-26 07:00:00,0.0
2022-11-26 08:00:00,14.053
2022-11-26 09:00:00,56.722
2022-11-26 10:00:00,85.707
2022-11-26 11:00:00,102.48
2022-11-26 12:00:00,112.528
2022-11-26 13:00:00,116.367
2022-11-26 14:00:00,109.171
2022-11-26 15:00:00,92.928
2022-11-26 16:00:00,67.446
2022-11-26 17:00:00,28.931
2022-11-26 18:00:00,0.0
2022-11-26 19:00:00,0.0
2022-11-26 20:00:00,0.0
2022-11-26 21:00:00,0.0
2022-11-26 22:00:00,0.0
2022-11-26 23:00:00,0.0
2022-11-27 00:00:00,0.0
2022-11-27 01:00:00,0.0
2022-11-27 02:00:00,0.0
2022-11-27 03:00:00,0.0
2022-11-27 04:00:00,0.0
2022-11-27 05:00:00,0.0
2022-11-27 06:00:00,0.0
2022-11-27 07:00:00,0.0
2022-11-27 08:00:00,3.318
2022-11-27 09:00:00,31.188
2022-11-27 10:00:00,69.003
2022-11-27 11:00:00,97.201
2022-11-27 12:00:00,112.469
2022-11-27 13:00:00,113.25
2022-11-27 14:00:00,103.943
2022-11-27 15:00:00,84.019
2022-11-27 16:00:00,50.878
2022-11-27 17:00:00,13.754
2022-11-27 18:00:00,0.0
2022-11-27 19:00:00,0.0
2022-11-27 20:00:00,0.0
2022-11-27 21:00:00,0.0
2022-11-27 22:00:00,0.0
2022-11-27 23:00:00,0.0
2022-11-28 00:00:00,0.0
2022-11-28 01:00:00,0.0
2022-11-28 02:00:00,0.0
2022-11-28 03:00:00,0.0
2022-11-28 04:00:00,0.0
2022-11-28 05:00:00,0.0
2022-11-28 06:00:00,0.0
2022-11-28 07:00:00,0.0
2022-11-28 08:00:00,3.815
2022-11-28 09:00:00,31.402
2022-11-28 10:00:00,66.317
2022-11-28 11:00:00,93.686
2022-11-28 12:00:00,106.258
2022-11-28 13:00:00,109.622
2022-11-28 14:00:00,103.738
2022-11-28 15:00:00,84.431
2022-11-28 16:00:00,51.22
2022-11-28 17:00:00,13.595
2022-11-28 18:00:00,0.0
2022-11-28 19:00:00,0.0
2022-11-28 20:00:00,0.0
2022-11-28 21:00:00,0.0
2022-11-28 22:00:00,0.0
2022-11-28 23:00:00,0.0
2022-11-29 00:00:00,0.0
2022-11-29 01:00:00,0.0
2022-11-29 02:00:00,0.0
2022-11-29 03:00:00,0.0
2022-11-29 04:00:00,0.0
2022-11-29 05:00:00,0.0
2022-11-29 06:00:00,0.0
2022-11-29 07:00:00,0.0
2022-11-29 08:00:00,5.782
2022-11-29 09:00:00,44.667
2022-11-29 10:00:00,83.912
2022-11-29 11:00:00,107.948
2022-11-29 12:00:00,120.08
2022-11-29 13:00:00,122.248
2022-11-29 14:00:00,112.922
2022-11-29 15:00:00,90.161
2022-11-29 16:00:00,56.082
2022-11-29 17:00:00,13.971
2022-11-29 18:00:00,0.0
2022-11-29 19:00:00,0.0
2022-11-29 20:00:00,0.0
2022-11-29 21:00:00,0.0
2022-11-29 22:00:00,0.0
2022-11-29 23:00:00,0.0
2022-11-30 00:00:00,0.0
2022-11-30 01:00:00,0.0
2022-11-30 02:00:00,0.0
2022-11-30 03:00:00,0.0
2022-11-30 04:00:00,0.0
2022-11-30 05:00:00,0.0
2022-11-30 06:00:00,0.0
2022-11-30 07:00:00,0.0
2022-11-30 08:00:00,2.078
2022-11-30 09:00:00,16.337
2022-11-30 10:00:00,45.603
2022-11-30 11:00:00,79.977
2022-11-30 12:00:00,103.858
2022-11-30 13:00:00,109.618
2022-11-30 14:00:00,103.624
2022-11-30 15:00:00,80.775
2022-11-30 16:00:00,42.061
2022-11-30 17:00:00,7.317
2022-11-30 18:00:00,0.0
2022-11-30 19:00:00,0.0
2022-11-30 20:00:00,0.0
2022-11-30 21:00:00,0.0
2022-11-30 22:00:00,0.0
2022-11-30 23:00:00,0.0
2022-12-01 00:00:00,0.0
2022-12-01 01:00:00,0.0
2022-12-01 02:00:00,0.0
2022-12-01 03:00:00,0.0
2022-12-01 04:00:00,0.0
2022-12-01 05:00:00,0.0
2022-12-01 06:00:00,0.0
2022-12-01 07:00:00,0.0
2022-12-01 08:00:00,5.896
2022-12-01 09:00:00,26.454
2022-12-01 10:00:00,45.573
2022-12-01 11:00:00,70.753
2022-12-01 12:00:00,105.913
2022-12-01 13:00:00,111.349
2022-12-01 14:00:00,98.04
2022-12-01 15:00:00,76.148
2022-12-01 16:00:00,48.472
2022-12-01 17:00:00,13.739
2022-12-01 18:00:00,0.0
2022-12-01 19:00:00,0.0
2022-12-01 20:00:00,0.0
2022-12-01 21:00:00,0.0
2022-12-01 22:00:00,0.0
2022-12-01 23:00:00,0.0
2022-12-02 00:00:00,0.0
2022-12-02 01:00:00,0.0
2022-12-02 02:00:00,0.0
2022-12-02 03:00:00,0.0
2022-12-02 04:00:00,0.0
2022-12-02 05:00:00,0.0
2022-12-02 06:00:00,0.0
2022-12-02 07:00:00,0.0
2022-12-02 08:00:00,8.597
2022-12-02 09:00:00,50.205
2022-12-02 10:00:00,91.921
2022-12-02 11:00:00,114.038
2022-12-02 12:00:00,124.128
2022-12-02 13:00:00,124.358
2022-12-02 14:00:00,115.564
2022-12-02 15:00:00,96.709
2022-12-02 16:00:00,65.672
2022-12-02 17:00:00,16.569
2022-12-02 18:00:00,0.0
2022-12-02 19:00:00,0.0
2022-12-02 20:00:00,0.0
2022-12-02 21:00:00,0.0
2022-12-02 22:00:00,0.0
2022-12-02 23:00:00,0.0
2022-12-03 00:00:00,0.0
2022-12-03 01:00:00,0.0
2022-12-03 02:00:00,0.0
2022-12-03 03:00:00,0.0
2022-12-03 04:00:00,0.0
2022-12-03 05:00:00,0.0
2022-12-03 06:00:00,0.0
2022-12-03 07:00:00,0.0
2022-12-03 08:00:00,6.208
2022-12-03 09:00:00,41.645
2022-12-03 10:00:00,79.428
2022-12-03 11:00:00,101.213
2022-12-03 12:00:00,110.373
2022-12-03 13:00:00,107.392
2022-12-03 14:00:00,87.355
2022-12-03 15:00:00,56.846
2022-12-03 16:00:00,31.644
2022-12-03 17:00:00,6.703
2022-12-03 18:00:00,0.0
2022-12-03 19:00:00,0.0
2022-12-03 20:00:00,0.0
2022-12-03 21:00:00,0.0
2022-12-03 22:00:00,0.0
2022-12-03 23:00:00,0.0
2022-12-04 00:00:00,0.0
2022-12-04 01:00:00,0.0
2022-12-04 02:00:00,0.0
2022-12-04 03:00:00,0.0
2022-12-04 04:00:00,0.0
2022-12-04 05:00:00,0.0
2022-12-04 06:00:00,0.0
2022-12-04 07:00:00,0.0
2022-12-04 08:00:00,1.434
2022-12-04 09:00:00,12.796
2022-12-04 10:00:00,29.306
2022-12-04 11:00:00,47.329
2022-12-04 12:00:00,53.827
2022-12-04 13:00:00,51.694
2022-12-04 14:00:00,42.578
2022-12-04 15:00:00,41.79
2022-12-04 16:00:00,26.25
2022-12-04 17:00:00,4.749
2022-12-04 18:00:00,0.0
2022-12-04 19:00:00,0.0
2022-12-04 20:00:00,0.0
2022-12-04 21:00:00,0.0
2022-12-04 22:00:00,0.0
2022-12-04 23:00:00,0.0
2022-12-05 00:00:00,0.0
2022-12-05 01:00:00,0.0
2022-12-05 02:00:00,0.0
2022-12-05 03:00:00,0.0
2022-12-05 04:00:00,0.0
2022-12-05 05:00:00,0.0
2022-12-05 06:00:00,0.0
2022-12-05 07:00:00,0.0
2022-12-05 08:00:00,9.758
2022-12-05 09:00:00,54.982
2022-12-05 10:00:00,90.658
2022-12-05 11:00:00,112.133
2022-12-05 12:00:00,122.449
2022-12-05 13:00:00,123.254
2022-12-05 14:00:00,115.05
2022-12-05 15:00:00,97.265
2022-12-05 16:00:00,68.141
2022-12-05 17:00:00,19.799
2022-12-05 18:00:00,0.0
2022-12-05 19:00:00,0.0
2022-12-05 20:00:00,0.0
2022-12-05 21:00:00,0.0
2022-12-05 22:00:00,0.0
2022-12-05 23:00:00,0.0
2022-12-06 00:00:00,0.0
2022-12-06 01:00:00,0.0
2022-12-06 02:00:00,0.0
2022-12-06 03:00:00,0.0
2022-12-06 04:00:00,0.0
2022-12-06 05:00:00,0.0
2022-12-06 06:00:00,0.0
2022-12-06 07:00:00,0.0
2022-12-06 08:00:00,7.069
2022-12-06 09:00:00,46.908
2022-12-06 10:00:00,81.735
2022-12-06 11:00:00,109.716
2022-12-06 12:00:00,120.877
2022-12-06 13:00:00,119.94
2022-12-06 14:00:00,103.512
2022-12-06 15:00:00,66.572
2022-12-06 16:00:00,33.727
2022-12-06 17:00:00,7.575
2022-12-06 18:00:00,0.0
2022-12-06 19:00:00,0.0
2022-12-06 20:00:00,0.0
2022-12-06 21:00:00,0.0
2022-12-06 22:00:00,0.0
2022-12-06 23:00:00,0.0
2022-12-07 00:00:00,0.0
2022-12-07 01:00:00,0.0
2022-12-07 02:00:00,0.0
2022-12-07 03:00:00,0.0
2022-12-07 04:00:00,0.0
2022-12-07 05:00:00,0.0
2022-12-07 06:00:00,0.0
2022-12-07 07:00:00,0.0
2022-12-07 08:00:00,8.837
2022-12-07 09:00:00,52.742
2022-12-07 10:00:00,88.073
2022-12-07 11:00:00,107.183
2022-12-07 12:00:00,114.588
2022-12-07 13:00:00,112.539
2022-12-07 14:00:00,92.578
2022-12-07 15:00:00,47.825
2022-12-07 16:00:00,18.204
2022-12-07 17:00:00,3.511
2022-12-07 18:00:00,0.0
2022-12-07 19:00:00,0.0
2022-12-07 20:00:00,0.0
2022-12-07 21:00:00,0.0
2022-12-07 22:00:00,0.0
2022-12-07 23:00:00,0.0
2022-12-08 00:00:00,0.0
2022-12-08 01:00:00,0.0
2022-12-08 02:00:00,0.0
2022-12-08 03:00:00,0.0
2022-12-08 04:00:00,0.0
2022-12-08 05:00:00,0.0
2022-12-08 06:00:00,0.0
2022-12-08 07:00:00,0.0
2022-12-08 08:00:00,7.652
2022-12-08 09:00:00,50.833
2022-12-08 10:00:00,85.903
2022-12-08 11:00:00,103.835
2022-12-08 12:00:00,107.371
2022-12-08 13:00:00,89.284
2022-12-08 14:00:00,61.133
2022-12-08 15:00:00,46.932
2022-12-08 16:00:00,38.224
2022-12-08 17:00:00,11.822
2022-12-08 18:00:00,0.0
2022-12-08 19:00:00,0.0
2022-12-08 20:00:00,0.0
2022-12-08 21:00:00,0.0
2022-12-08 22:00:00,0.0
2022-12-08 23:00:00,0.0
2022-12-09 00:00:00,0.0
2022-12-09 01:00:00,0.0
2022-12-09 02:00:00,0.0
2022-12-09 03:00:00,0.0
2022-12-09 04:00:00,0.0
2022-12-09 05:00:00,0.0
2022-12-09 06:00:00,0.0
2022-12-09 07:00:00,0.0
2022-12-09 08:00:00,9.561
2022-12-09 09:00:00,56.152
2022-12-09 10:00:00,92.497
2022-12-09 11:00:00,114.277
2022-12-09 12:00:00,124.544
2022-12-09 13:00:00,125.056
2022-12-09 14:00:00,116.083
2022-12-09 15:00:00,96.108
2022-12-09 16:00:00,63.712
2022-12-09 17:00:00,13.243
2022-12-09 18:00:00,0.0
2022-12-09 19:00:00,0.0
2022-12-09 20:00:00,0.0
2022-12-09 21:00:00,0.0
2022-12-09 22:00:00,0.0
2022-12-09 23:00:00,0.0
2022-12-10 00:00:00,0.0
2022-12-10 01:00:00,0.0
2022-12-10 02:00:00,0.0
2022-12-10 03:00:00,0.0
2022-12-10 04:00:00,0.0
2022-12-10 05:00:00,0.0
2022-12-10 06:00:00,0.0
2022-12-10 07:00:00,0.0
2022-12-10 08:00:00,7.813
2022-12-10 09:00:00,52.764
2022-12-10 10:00:00,87.828
2022-12-10 11:00:00,89.745
2022-12-10 12:00:00,70.566
2022-12-10 13:00:00,69.169
2022-12-10 14:00:00,68.388
2022-12-10 15:00:00,62.781
2022-12-10 16:00:00,48.881
2022-12-10 17:00:00,7.218
2022-12-10 18:00:00,0.0
2022-12-10 19:00:00,0.0
2022-12-10 20:00:00,0.0
2022-12-10 21:00:00,0.0
2022-12-10 22:00:00,0.0
2022-12-10 23:00:00,0.0
2022-12-11 00:00:00,0.0
2022-12-11 01:00:00,0.0
2022-12-11 02:00:00,0.0
2022-12-11 03:00:00,0.0
2022-12-11 04:00:00,0.0
2022-12-11 05:00:00,0.0
2022-12-11 06:00:00,0.0
2022-12-11 07:00:00,0.0
2022-12-11 08:00:00,5.579
2022-12-11 09:00:00,39.114
2022-12-11 10:00:00,75.34
2022-12-11 11:00:00,103.692
2022-12-11 12:00:00,113.589
2022-12-11 13:00:00,111.993
2022-12-11 14:00:00,96.982
2022-12-11 15:00:00,71.398
2022-12-11 16:00:00,37.082
2022-12-11 17:00:00,5.615
2022-12-11 18:00:00,0.0
2022-12-11 19:00:00,0.0
2022-12-11 20:00:00,0.0
2022-12-11 21:00:00,0.0
2022-12-11 22:00:00,0.0
2022-12-11 23:00:00,0.0
2022-12-12 00:00:00,0.0
2022-12-12 01:00:00,0.0
2022-12-12 02:00:00,0.0
2022-12-12 03:00:00,0.0
2022-12-12 04:00:00,0.0
2022-12-12 05:00:00,0.0
2022-12-12 06:00:00,0.0
2022-12-12 07:00:00,0.0
2022-12-12 08:00:00,9.021
2022-12-12 09:00:00,58.089
2022-12-12 10:00:00,95.369
2022-12-12 11:00:00,116.699
2022-12-12 12:00:00,126.446
2022-12-12 13:00:00,126.687
2022-12-12 14:00:00,117.772
2022-12-12 15:00:00,98.885
2022-12-12 16:00:00,67.624
2022-12-12 17:00:00,17.268
2022-12-12 18:00:00,0.0
2022-12-12 19:00:00,0.0
2022-12-12 20:00:00,0.0
2022-12-12 21:00:00,0.0
2022-12-12 22:00:00,0.0
2022-12-12 23:00:00,0.0
2022-12-13 00:00:00,0.0
2022-12-13 01:00:00,0.0
2022-12-13 02:00:00,0.0
2022-12-13 03:00:00,0.0
2022-12-13 04:00:00,0.0
2022-12-13 05:00:00,0.0
2022-12-13 06:00:00,0.0
2022-12-13 07:00:00,0.0
2022-12-13 08:00:00,9.237
2022-12-13 09:00:00,59.315
2022-12-13 10:00:00,95.771
2022-12-13 11:00:00,117.281
2022-12-13 12:00:00,127.51
2022-12-13 13:00:00,127.912
2022-12-13 14:00:00,119.033
2022-12-13 15:00:00,100.001
2022-12-13 16:00:00,67.934
2022-12-13 17:00:00,16.663
2022-12-13 18:00:00,0.0
2022-12-13 19:00:00,0.0
2022-12-13 20:00:00,0.0
2022-12-13 21:00:00,0.0
2022-12-13 22:00:00,0.0
2022-12-13 23:00:00,0.0
2022-12-14 00:00:00,0.0
2022-12-14 01:00:00,0.0
2022-12-14 02:00:00,0.0
2022-12-14 03:00:00,0.0
2022-12-14 04:00:00,0.0
2022-12-14 05:00:00,0.0
2022-12-14 06:00:00,0.0
2022-12-14 07:00:00,0.0
2022-12-14 08:00:00,12.137
2022-12-14 09:00:00,64.695
2022-12-14 10:00:00,98.537
2022-12-14 11:00:00,118.266
2022-12-14 12:00:00,127.346
2022-12-14 13:00:00,127.465
2022-12-14 14:00:00,118.938
2022-12-14 15:00:00,100.979
2022-12-14 16:00:00,71.556
2022-12-14 17:00:00,20.894
2022-12-14 18:00:00,0.0
2022-12-14 19:00:00,0.0
2022-12-14 20:00:00,0.0
2022-12-14 21:00:00,0.0
2022-12-14 22:00:00,0.0
2022-12-14 23:00:00,0.0
2022-12-15 00:00:00,0.0
2022-12-15 01:00:00,0.0
2022-12-15 02:00:00,0.0
2022-12-15 03:00:00,0.0
2022-12-15 04:00:00,0.0
2022-12-15 05:00:00,0.0
2022-12-15 06:00:00,0.0
2022-12-15 07:00:00,0.0
2022-12-15 08:00:00,7.011
2022-12-15 09:00:00,53.457
2022-12-15 10:00:00,89.931
2022-12-15 11:00:00,112.745
2022-12-15 12:00:00,123.041
2022-12-15 13:00:00,123.25
2022-12-15 14:00:00,113.325
2022-12-15 15:00:00,91.734
2022-12-15 16:00:00,51.349
2022-12-15 17:00:00,8.084
2022-12-15 18:00:00,0.0
2022-12-15 19:00:00,0.0
2022-12-15 20:00:00,0.0
2022-12-15 21:00:00,0.0
2022-12-15 22:00:00,0.0
2022-12-15 23:00:00,0.0
2022-12-16 00:00:00,0.0
2022-12-16 01:00:00,0.0
2022-12-16 02:00:00,0.0
2022-12-16 03:00:00,0.0
2022-12-16 04:00:00,0.0
2022-12-16 05:00:00,0.0
2022-12-16 06:00:00,0.0
2022-12-16 07:00:00,0.0
2022-12-16 08:00:00,3.046
2022-12-16 09:00:00,40.072
2022-12-16 10:00:00,80.538
2022-12-16 11:00:00,94.609
2022-12-16 12:00:00,94.126
2022-12-16 13:00:00,83.9
2022-12-16 14:00:00,77.834
2022-12-16 15:00:00,69.094
2022-12-16 16:00:00,46.835
2022-12-16 17:00:00,10.206
2022-12-16 18:00:00,0.0
2022-12-16 19:00:00,0.0
2022-12-16 20:00:00,0.0
2022-12-16 21:00:00,0.0
2022-12-16 22:00:00,0.0
2022-12-16 23:00:00,0.0
2022-12-17 00:00:00,0.0
2022-12-17 01:00:00,0.0
2022-12-17 02:00:00,0.0
2022-12-17 03:00:00,0.0
2022-12-17 04:00:00,0.0
2022-12-17 05:00:00,0.0
2022-12-17 06:00:00,0.0
2022-12-17 07:00:00,0.0
2022-12-17 08:00:00,14.248
2022-12-17 09:00:00,70.731
2022-12-17 10:00:00,105.024
2022-12-17 11:00:00,125.294
2022-12-17 12:00:00,134.865
2022-12-17 13:00:00,134.921
2022-12-17 14:00:00,125.743
2022-12-17 15:00:00,106.671
2022-12-17 16:00:00,75.926
2022-12-17 17:00:00,23.472
2022-12-17 18:00:00,0.0
2022-12-17 19:00:00,0.0
2022-12-17 20:00:00,0.0
2022-12-17 21:00:00,0.0
2022-12-17 22:00:00,0.0
2022-12-17 23:00:00,0.0
2022-12-18 00:00:00,0.0
2022-12-18 01:00:00,0.0
2022-12-18 02:00:00,0.0
2022-12-18 03:00:00,0.0
2022-12-18 04:00:00,0.0
2022-12-18 05:00:00,0.0
2022-12-18 06:00:00,0.0
2022-12-18 07:00:00,0.0
2022-12-18 08:00:00,14.213
2022-12-18 09:00:00,69.97
2022-12-18 10:00:00,102.624
2022-12-18 11:00:00,121.69
2022-12-18 12:00:00,130.313
2022-12-18 13:00:00,130.229
2022-12-18 14:00:00,121.496
2022-12-18 15:00:00,103.34
2022-12-18 16:00:00,73.915
2022-12-18 17:00:00,23.076
2022-12-18 18:00:00,0.0
2022-12-18 19:00:00,0.0
2022-12-18 20:00:00,0.0
2022-12-18 21:00:00,0.0
2022-12-18 22:00:00,0.0
2022-12-18 23:00:00,0.0
2022-12-19 00:00:00,0.0
2022-12-19 01:00:00,0.0
2022-12-19 02:00:00,0.0
2022-12-19 03:00:00,0.0
2022-12-19 04:00:00,0.0
2022-12-19 05:00:00,0.0
2022-12-19 06:00:00,0.0
2022-12-19 07:00:00,0.0
2022-12-19 08:00:00,7.41
2022-12-19 09:00:00,54.842
2022-12-19 10:00:00,90.664
2022-12-19 11:00:00,110.506
2022-12-19 12:00:00,120.029
2022-12-19 13:00:00,113.316
2022-12-19 14:00:00,92.781
2022-12-19 15:00:00,73.484
2022-12-19 16:00:00,54.157
2022-12-19 17:00:00,11.636
2022-12-19 18:00:00,0.0
2022-12-19 19:00:00,0.0
2022-12-19 20:00:00,0.0
2022-12-19 21:00:00,0.0
2022-12-19 22:00:00,0.0
2022-12-19 23:00:00,0.0
2022-12-20 00:00:00,0.0
2022-12-20 01:00:00,0.0
2022-12-20 02:00:00,0.0
2022-12-20 03:00:00,0.0
2022-12-20 04:00:00,0.0
2022-12-20 05:00:00,0.0
2022-12-20 06:00:00,0.0
2022-12-20 07:00:00,0.0
2022-12-20 08:00:00,4.702
2022-12-20 09:00:00,32.539
2022-12-20 10:00:00,72.664
2022-12-20 11:00:00,103.624
2022-12-20 12:00:00,112.079
2022-12-20 13:00:00,110.615
2022-12-20 14:00:00,98.0
2022-12-20 15:00:00,80.069
2022-12-20 16:00:00,48.884
2022-12-20 17:00:00,10.022
2022-12-20 18:00:00,0.0
2022-12-20 19:00:00,0.0
2022-12-20 20:00:00,0.0
2022-12-20 21:00:00,0.0
2022-12-20 22:00:00,0.0
2022-12-20 23:00:00,0.0
2022-12-21 00:00:00,0.0
2022-12-21 01:00:00,0.0
2022-12-21 02:00:00,0.0
2022-12-21 03:00:00,0.0
2022-12-21 04:00:00,0.0
2022-12-21 05:00:00,0.0
2022-12-21 06:00:00,0.0
2022-12-21 07:00:00,0.0
2022-12-21 08:00:00,10.088
2022-12-21 09:00:00,61.426
2022-12-21 10:00:00,94.702
2022-12-21 11:00:00,114.484
2022-12-21 12:00:00,124.047
2022-12-21 13:00:00,124.262
2022-12-21 14:00:00,115.157
2022-12-21 15:00:00,95.826
2022-12-21 16:00:00,64.022
2022-12-21 17:00:00,15.938
2022-12-21 18:00:00,0.0
2022-12-21 19:00:00,0.0
2022-12-21 20:00:00,0.0
2022-12-21 21:00:00,0.0
2022-12-21 22:00:00,0.0
2022-12-21 23:00:00,0.0
2022-12-22 00:00:00,0.0
2022-12-22 01:00:00,0.0
2022-12-22 02:00:00,0.0
2022-12-22 03:00:00,0.0
2022-12-22 04:00:00,0.0
2022-12-22 05:00:00,0.0
2022-12-22 06:00:00,0.0
2022-12-22 07:00:00,0.0
2022-12-22 08:00:00,9.045
2022-12-22 09:00:00,60.116
2022-12-22 10:00:00,92.748
2022-12-22 11:00:00,111.054
2022-12-22 12:00:00,116.472
2022-12-22 13:00:00,103.933
2022-12-22 14:00:00,82.969
2022-12-22 15:00:00,53.58
2022-12-22 16:00:00,25.583
2022-12-22 17:00:00,6.378
2022-12-22 18:00:00,0.0
2022-12-22 19:00:00,0.0
2022-12-22 20:00:00,0.0
2022-12-22 21:00:00,0.0
2022-12-22 22:00:00,0.0
2022-12-22 23:00:00,0.0
2022-12-23 00:00:00,0.0
2022-12-23 01:00:00,0.0
2022-12-23 02:00:00,0.0
2022-12-23 03:00:00,0.0
2022-12-23 04:00:00,0.0
2022-12-23 05:00:00,0.0
2022-12-23 06:00:00,0.0
2022-12-23 07:00:00,0.0
2022-12-23 08:00:00,10.017
2022-12-23 09:00:00,62.673
2022-12-23 10:00:00,96.393
2022-12-23 11:00:00,116.121
2022-12-23 12:00:00,125.241
2022-12-23 13:00:00,125.273
2022-12-23 14:00:00,116.505
2022-12-23 15:00:00,98.208
2022-12-23 16:00:00,68.387
2022-12-23 17:00:00,20.063
2022-12-23 18:00:00,0.0
2022-12-23 19:00:00,0.0
2022-12-23 20:00:00,0.0
2022-12-23 21:00:00,0.0
2022-12-23 22:00:00,0.0
2022-12-23 23:00:00,0.0
2022-12-24 00:00:00,0.0
2022-12-24 01:00:00,0.0
2022-12-24 02:00:00,0.0
2022-12-24 03:00:00,0.0
2022-12-24 04:00:00,0.0
2022-12-24 05:00:00,0.0
2022-12-24 06:00:00,0.0
2022-12-24 07:00:00,0.0
2022-12-24 08:00:00,10.06
2022-12-24 09:00:00,62.228
2022-12-24 10:00:00,95.172
2022-12-24 11:00:00,114.499
2022-12-24 12:00:00,119.559
2022-12-24 13:00:00,102.363
2022-12-24 14:00:00,81.341
2022-12-24 15:00:00,51.338
2022-12-24 16:00:00,20.858
2022-12-24 17:00:00,2.867
2022-12-24 18:00:00,0.0
2022-12-24 19:00:00,0.0
2022-12-24 20:00:00,0.0
2022-12-24 21:00:00,0.0
2022-12-24 22:00:00,0.0
2022-12-24 23:00:00,0.0
2022-12-25 00:00:00,0.0
2022-12-25 01:00:00,0.0
2022-12-25 02:00:00,0.0
2022-12-25 03:00:00,0.0
2022-12-25 04:00:00,0.0
2022-12-25 05:00:00,0.0
2022-12-25 06:00:00,0.0
2022-12-25 07:00:00,0.0
2022-12-25 08:00:00,0.988
2022-12-25 09:00:00,12.718
2022-12-25 10:00:00,33.586
2022-12-25 11:00:00,57.365
2022-12-25 12:00:00,76.503
2022-12-25 13:00:00,87.97
2022-12-25 14:00:00,83.927
2022-12-25 15:00:00,62.207
2022-12-25 16:00:00,29.886
2022-12-25 17:00:00,5.273
2022-12-25 18:00:00,0.0
2022-12-25 19:00:00,0.0
2022-12-25 20:00:00,0.0
2022-12-25 21:00:00,0.0
2022-12-25 22:00:00,0.0
2022-12-25 23:00:00,0.0
2022-12-26 00:00:00,0.0
2022-12-26 01:00:00,0.0
2022-12-26 02:00:00,0.0
2022-12-26 03:00:00,0.0
2022-12-26 04:00:00,0.0
2022-12-26 05:00:00,0.0
2022-12-26 06:00:00,0.0
2022-12-26 07:00:00,0.0
2022-12-26 08:00:00,9.56
2022-12-26 09:00:00,63.149
2022-12-26 10:00:00,97.794
2022-12-26 11:00:00,118.284
2022-12-26 12:00:00,126.885
2022-12-26 13:00:00,123.548
2022-12-26 14:00:00,105.918
2022-12-26 15:00:00,75.41
2022-12-26 16:00:00,43.362
2022-12-26 17:00:00,10.484
2022-12-26 18:00:00,0.0
2022-12-26 19:00:00,0.0
2022-12-26 20:00:00,0.0
2022-12-26 21:00:00,0.0
2022-12-26 22:00:00,0.0
2022-12-26 23:00:00,0.0
2022-12-27 00:00:00,0.0
2022-12-27 01:00:00,0.0
2022-12-27 02:00:00,0.0
2022-12-27 03:00:00,0.0
2022-12-27 04:00:00,0.0
2022-12-27 05:00:00,0.0
2022-12-27 06:00:00,0.0
2022-12-27 07:00:00,0.0
2022-12-27 08:00:00,9.085
2022-12-27 09:00:00,62.52
2022-12-27 10:00:00,97.477
2022-12-27 11:00:00,118.073
2022-12-27 12:00:00,127.643
2022-12-27 13:00:00,127.539
2022-12-27 14:00:00,118.077
2022-12-27 15:00:00,98.318
2022-12-27 16:00:00,65.713
2022-12-27 17:00:00,17.672
2022-12-27 18:00:00,0.0
2022-12-27 19:00:00,0.0
2022-12-27 20:00:00,0.0
2022-12-27 21:00:00,0.0
2022-12-27 22:00:00,0.0
2022-12-27 23:00:00,0.0
2022-12-28 00:00:00,0.0
2022-12-28 01:00:00,0.0
2022-12-28 02:00:00,0.0
2022-12-28 03:00:00,0.0
2022-12-28 04:00:00,0.0
2022-12-28 05:00:00,0.0
2022-12-28 06:00:00,0.0
2022-12-28 07:00:00,0.0
2022-12-28 08:00:00,10.508
2022-12-28 09:00:00,65.647
2022-12-28 10:00:00,99.931
2022-12-28 11:00:00,120.385
2022-12-28 12:00:00,129.831
2022-12-28 13:00:00,129.832
2022-12-28 14:00:00,120.483
2022-12-28 15:00:00,101.011
2022-12-28 16:00:00,68.884
2022-12-28 17:00:00,20.138
2022-12-28 18:00:00,0.0
2022-12-28 19:00:00,0.0
2022-12-28 20:00:00,0.0
2022-12-28 21:00:00,0.0
2022-12-28 22:00:00,0.0
2022-12-28 23:00:00,0.0
2022-12-29 00:00:00,0.0
2022-12-29 01:00:00,0.0
2022-12-29 02:00:00,0.0
2022-12-29 03:00:00,0.0
2022-12-29 04:00:00,0.0
2022-12-29 05:00:00,0.0
2022-12-29 06:00:00,0.0
2022-12-29 07:00:00,0.0
2022-12-29 08:00:00,10.889
2022-12-29 09:00:00,65.267
2022-12-29 10:00:00,99.748
2022-12-29 11:00:00,119.545
2022-12-29 12:00:00,128.538
2022-12-29 13:00:00,127.073
2022-12-29 14:00:00,117.825
2022-12-29 15:00:00,99.685
2022-12-29 16:00:00,69.275
2022-12-29 17:00:00,20.738
2022-12-29 18:00:00,0.0
2022-12-29 19:00:00,0.0
2022-12-29 20:00:00,0.0
2022-12-29 21:00:00,0.0
2022-12-29 22:00:00,0.0
2022-12-29 23:00:00,0.0
2022-12-30 00:00:00,0.0
2022-12-30 01:00:00,0.0
2022-12-30 02:00:00,0.0
2022-12-30 03:00:00,0.0
2022-12-30 04:00:00,0.0
2022-12-30 05:00:00,0.0
2022-12-30 06:00:00,0.0
2022-12-30 07:00:00,0.0
2022-12-30 08:00:00,12.584
2022-12-30 09:00:00,69.055
2022-12-30 10:00:00,101.376
2022-12-30 11:00:00,120.482
2022-12-30 12:00:00,129.196
2022-12-30 13:00:00,128.998
2022-12-30 14:00:00,120.11
2022-12-30 15:00:00,101.599
2022-12-30 16:00:00,71.085
2022-12-30 17:00:00,23.71
2022-12-30 18:00:00,0.0
2022-12-30 19:00:00,0.0
2022-12-30 20:00:00,0.0
2022-12-30 21:00:00,0.0
2022-12-30 22:00:00,0.0
2022-12-30 23:00:00,0.0
2022-12-31 00:00:00,0.0
2022-12-31 01:00:00,0.0
2022-12-31 02:00:00,0.0
2022-12-31 03:00:00,0.0
2022-12-31 04:00:00,0.0
2022-12-31 05:00:00,0.0
2022-12-31 06:00:00,0.0
2022-12-31 07:00:00,0.0
2022-12-31 08:00:00,11.464
2022-12-31 09:00:00,66.596
2022-12-31 10:00:00,99.478
2022-12-31 11:00:00,119.039
2022-12-31 12:00:00,128.074
2022-12-31 13:00:00,127.873
2022-12-31 14:00:00,118.562
2022-12-31 15:00:00,99.338
2022-12-31 16:00:00,66.303
2022-12-31 17:00:00,16.095
2022-12-31 18:00:00,0.0
2022-12-31 19:00:00,0.0
2022-12-31 20:00:00,0.0
2022-12-31 21:00:00,0.0
2022-12-31 22:00:00,0.0
2022-12-31 23:00:00,0.0
2023-01-01 00:00:00,0.0
2023-01-01 01:00:00,0.0
2023-01-01 02:00:00,0.0
2023-01-01 03:00:00,0.0
2023-01-01 04:00:00,0.0
2023-01-01 05:00:00,0.0
2023-01-01 06:00:00,0.0
2023-01-01 07:00:00,0.0
