time,electricity
2022-01-01 08:00:00,12.347
2022-01-01 09:00:00,12.907
2022-01-01 10:00:00,13.275
2022-01-01 11:00:00,13.455
2022-01-01 12:00:00,13.544
2022-01-01 13:00:00,13.516
2022-01-01 14:00:00,13.428
2022-01-01 15:00:00,13.283
2022-01-01 16:00:00,12.266
2022-01-01 17:00:00,10.796
2022-01-01 18:00:00,10.544
2022-01-01 19:00:00,10.079
2022-01-01 20:00:00,9.85
2022-01-01 21:00:00,9.954
2022-01-01 22:00:00,10.128
2022-01-01 23:00:00,10.238
2022-01-02 00:00:00,10.453
2022-01-02 01:00:00,10.832
2022-01-02 02:00:00,11.297
2022-01-02 03:00:00,11.734
2022-01-02 04:00:00,12.045
2022-01-02 05:00:00,12.106
2022-01-02 06:00:00,11.941
2022-01-02 07:00:00,11.618
2022-01-02 08:00:00,10.708
2022-01-02 09:00:00,8.589
2022-01-02 10:00:00,9.68
2022-01-02 11:00:00,10.335
2022-01-02 12:00:00,10.821
2022-01-02 13:00:00,10.621
2022-01-02 14:00:00,10.309
2022-01-02 15:00:00,8.788
2022-01-02 16:00:00,7.097
2022-01-02 17:00:00,6.974
2022-01-02 18:00:00,7.704
2022-01-02 19:00:00,8.627
2022-01-02 20:00:00,9.42
2022-01-02 21:00:00,9.978
2022-01-02 22:00:00,10.229
2022-01-02 23:00:00,9.967
2022-01-03 00:00:00,9.415
2022-01-03 01:00:00,8.832
2022-01-03 02:00:00,8.295
2022-01-03 03:00:00,7.86
2022-01-03 04:00:00,7.62
2022-01-03 05:00:00,7.643
2022-01-03 06:00:00,8.382
2022-01-03 07:00:00,9.192
2022-01-03 08:00:00,8.786
2022-01-03 09:00:00,6.817
2022-01-03 10:00:00,7.881
2022-01-03 11:00:00,10.198
2022-01-03 12:00:00,10.88
2022-01-03 13:00:00,11.136
2022-01-03 14:00:00,10.993
2022-01-03 15:00:00,9.767
2022-01-03 16:00:00,7.603
2022-01-03 17:00:00,6.611
2022-01-03 18:00:00,6.554
2022-01-03 19:00:00,7.05
2022-01-03 20:00:00,7.516
2022-01-03 21:00:00,7.819
2022-01-03 22:00:00,8.019
2022-01-03 23:00:00,7.757
2022-01-04 00:00:00,7.311
2022-01-04 01:00:00,6.883
2022-01-04 02:00:00,6.647
2022-01-04 03:00:00,6.549
2022-01-04 04:00:00,6.543
2022-01-04 05:00:00,6.809
2022-01-04 06:00:00,7.133
2022-01-04 07:00:00,7.33
2022-01-04 08:00:00,6.556
2022-01-04 09:00:00,3.784
2022-01-04 10:00:00,2.153
2022-01-04 11:00:00,3.833
2022-01-04 12:00:00,4.715
2022-01-04 13:00:00,5.097
2022-01-04 14:00:00,5.097
2022-01-04 15:00:00,3.924
2022-01-04 16:00:00,3.362
2022-01-04 17:00:00,3.586
2022-01-04 18:00:00,4.543
2022-01-04 19:00:00,6.062
2022-01-04 20:00:00,7.596
2022-01-04 21:00:00,8.717
2022-01-04 22:00:00,9.574
2022-01-04 23:00:00,9.546
2022-01-05 00:00:00,9.059
2022-01-05 01:00:00,8.934
2022-01-05 02:00:00,8.864
2022-01-05 03:00:00,8.304
2022-01-05 04:00:00,7.58
2022-01-05 05:00:00,7.131
2022-01-05 06:00:00,6.938
2022-01-05 07:00:00,6.8
2022-01-05 08:00:00,5.845
2022-01-05 09:00:00,3.97
2022-01-05 10:00:00,3.191
2022-01-05 11:00:00,3.915
2022-01-05 12:00:00,4.149
2022-01-05 13:00:00,4.494
2022-01-05 14:00:00,4.568
2022-01-05 15:00:00,4.193
2022-01-05 16:00:00,4.794
2022-01-05 17:00:00,5.98
2022-01-05 18:00:00,6.561
2022-01-05 19:00:00,6.926
2022-01-05 20:00:00,7.133
2022-01-05 21:00:00,7.172
2022-01-05 22:00:00,7.084
2022-01-05 23:00:00,6.767
2022-01-06 00:00:00,6.43
2022-01-06 01:00:00,6.141
2022-01-06 02:00:00,6.129
2022-01-06 03:00:00,6.705
2022-01-06 04:00:00,7.544
2022-01-06 05:00:00,8.14
2022-01-06 06:00:00,8.717
2022-01-06 07:00:00,9.266
2022-01-06 08:00:00,8.865
2022-01-06 09:00:00,6.43
2022-01-06 10:00:00,4.562
2022-01-06 11:00:00,6.274
2022-01-06 12:00:00,7.944
2022-01-06 13:00:00,8.269
2022-01-06 14:00:00,7.911
2022-01-06 15:00:00,6.53
2022-01-06 16:00:00,7.72
2022-01-06 17:00:00,8.985
2022-01-06 18:00:00,9.515
2022-01-06 19:00:00,9.837
2022-01-06 20:00:00,10.082
2022-01-06 21:00:00,10.289
2022-01-06 22:00:00,10.392
2022-01-06 23:00:00,10.496
2022-01-07 00:00:00,10.515
2022-01-07 01:00:00,10.479
2022-01-07 02:00:00,10.531
2022-01-07 03:00:00,10.658
2022-01-07 04:00:00,10.681
2022-01-07 05:00:00,10.63
2022-01-07 06:00:00,10.618
2022-01-07 07:00:00,10.624
2022-01-07 08:00:00,9.97
2022-01-07 09:00:00,7.58
2022-01-07 10:00:00,5.623
2022-01-07 11:00:00,7.079
2022-01-07 12:00:00,9.581
2022-01-07 13:00:00,9.9
2022-01-07 14:00:00,10.114
2022-01-07 15:00:00,9.123
2022-01-07 16:00:00,10.454
2022-01-07 17:00:00,11.592
2022-01-07 18:00:00,11.707
2022-01-07 19:00:00,12.011
2022-01-07 20:00:00,11.646
2022-01-07 21:00:00,11.114
2022-01-07 22:00:00,10.238
2022-01-07 23:00:00,9.538
2022-01-08 00:00:00,9.41
2022-01-08 01:00:00,9.986
2022-01-08 02:00:00,10.083
2022-01-08 03:00:00,9.914
2022-01-08 04:00:00,10.016
2022-01-08 05:00:00,10.142
2022-01-08 06:00:00,10.238
2022-01-08 07:00:00,10.048
2022-01-08 08:00:00,10.373
2022-01-08 09:00:00,10.428
2022-01-08 10:00:00,9.123
2022-01-08 11:00:00,8.019
2022-01-08 12:00:00,7.477
2022-01-08 13:00:00,7.093
2022-01-08 14:00:00,6.86
2022-01-08 15:00:00,6.358
2022-01-08 16:00:00,5.074
2022-01-08 17:00:00,3.95
2022-01-08 18:00:00,4.104
2022-01-08 19:00:00,4.113
2022-01-08 20:00:00,3.938
2022-01-08 21:00:00,3.871
2022-01-08 22:00:00,3.753
2022-01-08 23:00:00,3.298
2022-01-09 00:00:00,2.726
2022-01-09 01:00:00,2.299
2022-01-09 02:00:00,2.207
2022-01-09 03:00:00,2.022
2022-01-09 04:00:00,1.762
2022-01-09 05:00:00,1.448
2022-01-09 06:00:00,1.289
2022-01-09 07:00:00,1.234
2022-01-09 08:00:00,1.268
2022-01-09 09:00:00,1.673
2022-01-09 10:00:00,2.933
2022-01-09 11:00:00,4.52
2022-01-09 12:00:00,5.694
2022-01-09 13:00:00,6.43
2022-01-09 14:00:00,6.686
2022-01-09 15:00:00,6.608
2022-01-09 16:00:00,6.195
2022-01-09 17:00:00,5.306
2022-01-09 18:00:00,4.377
2022-01-09 19:00:00,3.902
2022-01-09 20:00:00,3.862
2022-01-09 21:00:00,4.113
2022-01-09 22:00:00,4.679
2022-01-09 23:00:00,5.698
2022-01-10 00:00:00,7.085
2022-01-10 01:00:00,8.373
2022-01-10 02:00:00,9.266
2022-01-10 03:00:00,9.68
2022-01-10 04:00:00,9.93
2022-01-10 05:00:00,10.264
2022-01-10 06:00:00,10.682
2022-01-10 07:00:00,11.171
2022-01-10 08:00:00,11.637
2022-01-10 09:00:00,11.918
2022-01-10 10:00:00,12.006
2022-01-10 11:00:00,12.111
2022-01-10 12:00:00,12.229
2022-01-10 13:00:00,12.318
2022-01-10 14:00:00,12.316
2022-01-10 15:00:00,12.139
2022-01-10 16:00:00,11.718
2022-01-10 17:00:00,10.975
2022-01-10 18:00:00,9.628
2022-01-10 19:00:00,7.743
2022-01-10 20:00:00,7.259
2022-01-10 21:00:00,7.414
2022-01-10 22:00:00,7.58
2022-01-10 23:00:00,7.605
2022-01-11 00:00:00,7.504
2022-01-11 01:00:00,7.574
2022-01-11 02:00:00,7.498
2022-01-11 03:00:00,7.21
2022-01-11 04:00:00,7.256
2022-01-11 05:00:00,6.719
2022-01-11 06:00:00,6.144
2022-01-11 07:00:00,5.56
2022-01-11 08:00:00,5.116
2022-01-11 09:00:00,4.487
2022-01-11 10:00:00,5.623
2022-01-11 11:00:00,6.115
2022-01-11 12:00:00,6.358
2022-01-11 13:00:00,6.466
2022-01-11 14:00:00,6.442
2022-01-11 15:00:00,6.231
2022-01-11 16:00:00,4.986
2022-01-11 17:00:00,4.049
2022-01-11 18:00:00,3.613
2022-01-11 19:00:00,3.722
2022-01-11 20:00:00,4.281
2022-01-11 21:00:00,4.864
2022-01-11 22:00:00,5.576000000000001
2022-01-11 23:00:00,6.693
2022-01-12 00:00:00,7.496
2022-01-12 01:00:00,7.196
2022-01-12 02:00:00,6.609
2022-01-12 03:00:00,6.267
2022-01-12 04:00:00,6.362
2022-01-12 05:00:00,6.877
2022-01-12 06:00:00,7.425
2022-01-12 07:00:00,7.634
2022-01-12 08:00:00,8.054
2022-01-12 09:00:00,10.436
2022-01-12 10:00:00,12.0
2022-01-12 11:00:00,12.84
2022-01-12 12:00:00,13.285
2022-01-12 13:00:00,13.444
2022-01-12 14:00:00,13.519
2022-01-12 15:00:00,13.518
2022-01-12 16:00:00,13.212
2022-01-12 17:00:00,12.88
2022-01-12 18:00:00,12.279
2022-01-12 19:00:00,11.685
2022-01-12 20:00:00,11.621
2022-01-12 21:00:00,11.421
2022-01-12 22:00:00,11.5
2022-01-12 23:00:00,11.564
2022-01-13 00:00:00,11.556
2022-01-13 01:00:00,11.219
2022-01-13 02:00:00,11.099
2022-01-13 03:00:00,11.115
2022-01-13 04:00:00,10.927
2022-01-13 05:00:00,10.74
2022-01-13 06:00:00,10.373
2022-01-13 07:00:00,9.961
2022-01-13 08:00:00,8.93
2022-01-13 09:00:00,6.616
2022-01-13 10:00:00,8.143
2022-01-13 11:00:00,9.261
2022-01-13 12:00:00,9.406
2022-01-13 13:00:00,9.419
2022-01-13 14:00:00,9.316
2022-01-13 15:00:00,8.295
2022-01-13 16:00:00,7.366
2022-01-13 17:00:00,8.845
2022-01-13 18:00:00,10.141
2022-01-13 19:00:00,10.905
2022-01-13 20:00:00,11.396
2022-01-13 21:00:00,11.759
2022-01-13 22:00:00,11.983
2022-01-13 23:00:00,12.076
2022-01-14 00:00:00,12.006
2022-01-14 01:00:00,11.983
2022-01-14 02:00:00,12.031
2022-01-14 03:00:00,12.067
2022-01-14 04:00:00,12.054
2022-01-14 05:00:00,12.117
2022-01-14 06:00:00,12.205
2022-01-14 07:00:00,12.272
2022-01-14 08:00:00,11.814
2022-01-14 09:00:00,10.397
2022-01-14 10:00:00,9.266
2022-01-14 11:00:00,10.652
2022-01-14 12:00:00,11.485
2022-01-14 13:00:00,11.092
2022-01-14 14:00:00,10.847
2022-01-14 15:00:00,10.043
2022-01-14 16:00:00,9.986
2022-01-14 17:00:00,9.83
2022-01-14 18:00:00,9.525
2022-01-14 19:00:00,9.012
2022-01-14 20:00:00,8.669
2022-01-14 21:00:00,8.295
2022-01-14 22:00:00,7.639
2022-01-14 23:00:00,7.33
2022-01-15 00:00:00,8.832
2022-01-15 01:00:00,10.612
2022-01-15 02:00:00,11.209
2022-01-15 03:00:00,11.676
2022-01-15 04:00:00,11.792
2022-01-15 05:00:00,11.703
2022-01-15 06:00:00,11.757
2022-01-15 07:00:00,11.794
2022-01-15 08:00:00,11.827
2022-01-15 09:00:00,11.731
2022-01-15 10:00:00,11.716
2022-01-15 11:00:00,11.901
2022-01-15 12:00:00,12.208
2022-01-15 13:00:00,12.434
2022-01-15 14:00:00,12.583
2022-01-15 15:00:00,12.622
2022-01-15 16:00:00,12.468
2022-01-15 17:00:00,12.127
2022-01-15 18:00:00,11.657
2022-01-15 19:00:00,10.479
2022-01-15 20:00:00,9.174
2022-01-15 21:00:00,9.18
2022-01-15 22:00:00,8.968
2022-01-15 23:00:00,8.567
2022-01-16 00:00:00,8.263
2022-01-16 01:00:00,8.065
2022-01-16 02:00:00,8.019
2022-01-16 03:00:00,7.704
2022-01-16 04:00:00,7.467
2022-01-16 05:00:00,7.097
2022-01-16 06:00:00,6.905
2022-01-16 07:00:00,7.079
2022-01-16 08:00:00,6.606
2022-01-16 09:00:00,5.761
2022-01-16 10:00:00,8.716
2022-01-16 11:00:00,9.368
2022-01-16 12:00:00,9.418
2022-01-16 13:00:00,9.482
2022-01-16 14:00:00,9.705
2022-01-16 15:00:00,9.716
2022-01-16 16:00:00,8.42
2022-01-16 17:00:00,8.482
2022-01-16 18:00:00,9.544
2022-01-16 19:00:00,10.334
2022-01-16 20:00:00,10.292
2022-01-16 21:00:00,10.453
2022-01-16 22:00:00,11.963
2022-01-16 23:00:00,11.81
2022-01-17 00:00:00,11.939
2022-01-17 01:00:00,12.041
2022-01-17 02:00:00,11.973
2022-01-17 03:00:00,11.902
2022-01-17 04:00:00,11.878
2022-01-17 05:00:00,11.598
2022-01-17 06:00:00,11.069
2022-01-17 07:00:00,10.6
2022-01-17 08:00:00,10.134
2022-01-17 09:00:00,9.55
2022-01-17 10:00:00,9.123
2022-01-17 11:00:00,8.607
2022-01-17 12:00:00,7.879
2022-01-17 13:00:00,6.69
2022-01-17 14:00:00,5.283
2022-01-17 15:00:00,3.838
2022-01-17 16:00:00,1.791
2022-01-17 17:00:00,0.791
2022-01-17 18:00:00,1.574
2022-01-17 19:00:00,3.694
2022-01-17 20:00:00,5.42
2022-01-17 21:00:00,6.358
2022-01-17 22:00:00,6.849
2022-01-17 23:00:00,6.55
2022-01-18 00:00:00,5.916
2022-01-18 01:00:00,5.275
2022-01-18 02:00:00,4.404
2022-01-18 03:00:00,3.276
2022-01-18 04:00:00,2.088
2022-01-18 05:00:00,1.085
2022-01-18 06:00:00,0.435
2022-01-18 07:00:00,0.114
2022-01-18 08:00:00,0.008
2022-01-18 09:00:00,0.0
2022-01-18 10:00:00,0.0
2022-01-18 11:00:00,0.009000000000000001
2022-01-18 12:00:00,0.239
2022-01-18 13:00:00,0.852
2022-01-18 14:00:00,1.759
2022-01-18 15:00:00,3.066
2022-01-18 16:00:00,4.72
2022-01-18 17:00:00,5.416
2022-01-18 18:00:00,5.502
2022-01-18 19:00:00,4.928
2022-01-18 20:00:00,4.118
2022-01-18 21:00:00,3.67
2022-01-18 22:00:00,3.349
2022-01-18 23:00:00,2.874
2022-01-19 00:00:00,2.55
2022-01-19 01:00:00,2.49
2022-01-19 02:00:00,2.381
2022-01-19 03:00:00,2.03
2022-01-19 04:00:00,1.609
2022-01-19 05:00:00,1.452
2022-01-19 06:00:00,1.305
2022-01-19 07:00:00,1.208
2022-01-19 08:00:00,1.202
2022-01-19 09:00:00,1.215
2022-01-19 10:00:00,0.96
2022-01-19 11:00:00,0.682
2022-01-19 12:00:00,0.49
2022-01-19 13:00:00,0.38
2022-01-19 14:00:00,0.265
2022-01-19 15:00:00,0.137
2022-01-19 16:00:00,0.049
2022-01-19 17:00:00,0.017
2022-01-19 18:00:00,0.002
2022-01-19 19:00:00,0.004
2022-01-19 20:00:00,0.079
2022-01-19 21:00:00,0.416
2022-01-19 22:00:00,1.019
2022-01-19 23:00:00,1.591
2022-01-20 00:00:00,1.943
2022-01-20 01:00:00,2.285
2022-01-20 02:00:00,2.565
2022-01-20 03:00:00,2.803
2022-01-20 04:00:00,2.935
2022-01-20 05:00:00,2.604
2022-01-20 06:00:00,1.978
2022-01-20 07:00:00,1.439
2022-01-20 08:00:00,0.982
2022-01-20 09:00:00,0.341
2022-01-20 10:00:00,0.084
2022-01-20 11:00:00,0.059
2022-01-20 12:00:00,0.133
2022-01-20 13:00:00,0.319
2022-01-20 14:00:00,0.616
2022-01-20 15:00:00,0.996
2022-01-20 16:00:00,1.842
2022-01-20 17:00:00,3.402
2022-01-20 18:00:00,5.265
2022-01-20 19:00:00,6.991
2022-01-20 20:00:00,7.941
2022-01-20 21:00:00,8.256
2022-01-20 22:00:00,8.271
2022-01-20 23:00:00,8.177
2022-01-21 00:00:00,7.874
2022-01-21 01:00:00,7.391
2022-01-21 02:00:00,6.999
2022-01-21 03:00:00,6.647
2022-01-21 04:00:00,6.267
2022-01-21 05:00:00,5.918
2022-01-21 06:00:00,5.783
2022-01-21 07:00:00,5.639
2022-01-21 08:00:00,4.322
2022-01-21 09:00:00,2.758
2022-01-21 10:00:00,2.463
2022-01-21 11:00:00,2.004
2022-01-21 12:00:00,1.573
2022-01-21 13:00:00,1.226
2022-01-21 14:00:00,0.873
2022-01-21 15:00:00,0.586
2022-01-21 16:00:00,0.592
2022-01-21 17:00:00,1.057
2022-01-21 18:00:00,1.853
2022-01-21 19:00:00,2.39
2022-01-21 20:00:00,2.496
2022-01-21 21:00:00,2.258
2022-01-21 22:00:00,2.027
2022-01-21 23:00:00,1.85
2022-01-22 00:00:00,1.504
2022-01-22 01:00:00,0.895
2022-01-22 02:00:00,0.403
2022-01-22 03:00:00,0.117
2022-01-22 04:00:00,0.045
2022-01-22 05:00:00,0.016
2022-01-22 06:00:00,0.005
2022-01-22 07:00:00,0.015
2022-01-22 08:00:00,0.079
2022-01-22 09:00:00,0.146
2022-01-22 10:00:00,0.191
2022-01-22 11:00:00,0.295
2022-01-22 12:00:00,0.5670000000000001
2022-01-22 13:00:00,0.996
2022-01-22 14:00:00,1.371
2022-01-22 15:00:00,1.607
2022-01-22 16:00:00,2.042
2022-01-22 17:00:00,2.42
2022-01-22 18:00:00,2.37
2022-01-22 19:00:00,1.948
2022-01-22 20:00:00,1.626
2022-01-22 21:00:00,1.482
2022-01-22 22:00:00,1.295
2022-01-22 23:00:00,1.0
2022-01-23 00:00:00,0.588
2022-01-23 01:00:00,0.26
2022-01-23 02:00:00,0.095
2022-01-23 03:00:00,0.052
2022-01-23 04:00:00,0.045
2022-01-23 05:00:00,0.047
2022-01-23 06:00:00,0.04
2022-01-23 07:00:00,0.021
2022-01-23 08:00:00,0.008
2022-01-23 09:00:00,0.002
2022-01-23 10:00:00,0.002
2022-01-23 11:00:00,0.005
2022-01-23 12:00:00,0.027
2022-01-23 13:00:00,0.063
2022-01-23 14:00:00,0.113
2022-01-23 15:00:00,0.209
2022-01-23 16:00:00,0.5750000000000001
2022-01-23 17:00:00,1.553
2022-01-23 18:00:00,3.149
2022-01-23 19:00:00,4.88
2022-01-23 20:00:00,5.856
2022-01-23 21:00:00,5.94
2022-01-23 22:00:00,5.57
2022-01-23 23:00:00,5.339
2022-01-24 00:00:00,5.184
2022-01-24 01:00:00,5.254
2022-01-24 02:00:00,4.603
2022-01-24 03:00:00,3.815
2022-01-24 04:00:00,3.066
2022-01-24 05:00:00,2.525
2022-01-24 06:00:00,2.266
2022-01-24 07:00:00,2.208
2022-01-24 08:00:00,1.681
2022-01-24 09:00:00,0.8270000000000001
2022-01-24 10:00:00,1.086
2022-01-24 11:00:00,2.136
2022-01-24 12:00:00,3.495
2022-01-24 13:00:00,4.511
2022-01-24 14:00:00,5.062
2022-01-24 15:00:00,4.932
2022-01-24 16:00:00,3.586
2022-01-24 17:00:00,3.32
2022-01-24 18:00:00,3.349
2022-01-24 19:00:00,3.582
2022-01-24 20:00:00,4.207
2022-01-24 21:00:00,5.193
2022-01-24 22:00:00,5.929
2022-01-24 23:00:00,6.444
2022-01-25 00:00:00,6.516
2022-01-25 01:00:00,6.03
2022-01-25 02:00:00,6.466
2022-01-25 03:00:00,6.845
2022-01-25 04:00:00,6.824
2022-01-25 05:00:00,6.466
2022-01-25 06:00:00,6.818
2022-01-25 07:00:00,6.594
2022-01-25 08:00:00,7.33
2022-01-25 09:00:00,7.366
2022-01-25 10:00:00,7.58
2022-01-25 11:00:00,7.83
2022-01-25 12:00:00,8.415
2022-01-25 13:00:00,8.93
2022-01-25 14:00:00,9.266
2022-01-25 15:00:00,9.413
2022-01-25 16:00:00,9.266
2022-01-25 17:00:00,8.267
2022-01-25 18:00:00,7.629
2022-01-25 19:00:00,6.935
2022-01-25 20:00:00,6.994
2022-01-25 21:00:00,7.544
2022-01-25 22:00:00,8.082
2022-01-25 23:00:00,8.81
2022-01-26 00:00:00,9.544
2022-01-26 01:00:00,10.029
2022-01-26 02:00:00,10.314
2022-01-26 03:00:00,10.487
2022-01-26 04:00:00,10.414
2022-01-26 05:00:00,10.141
2022-01-26 06:00:00,9.619
2022-01-26 07:00:00,9.107
2022-01-26 08:00:00,8.979
2022-01-26 09:00:00,9.169
2022-01-26 10:00:00,10.004
2022-01-26 11:00:00,10.32
2022-01-26 12:00:00,10.266
2022-01-26 13:00:00,9.914
2022-01-26 14:00:00,9.317
2022-01-26 15:00:00,8.576
2022-01-26 16:00:00,7.529
2022-01-26 17:00:00,5.381
2022-01-26 18:00:00,3.924
2022-01-26 19:00:00,3.615
2022-01-26 20:00:00,3.556
2022-01-26 21:00:00,3.752
2022-01-26 22:00:00,3.97
2022-01-26 23:00:00,4.275
2022-01-27 00:00:00,4.692
2022-01-27 01:00:00,4.815
2022-01-27 02:00:00,4.801
2022-01-27 03:00:00,4.796
2022-01-27 04:00:00,4.939
2022-01-27 05:00:00,5.335
2022-01-27 06:00:00,5.535
2022-01-27 07:00:00,6.13
2022-01-27 08:00:00,6.791
2022-01-27 09:00:00,6.504
2022-01-27 10:00:00,7.057
2022-01-27 11:00:00,9.123
2022-01-27 12:00:00,10.335
2022-01-27 13:00:00,11.026
2022-01-27 14:00:00,11.31
2022-01-27 15:00:00,11.293
2022-01-27 16:00:00,10.542
2022-01-27 17:00:00,7.761
2022-01-27 18:00:00,6.683
2022-01-27 19:00:00,6.52
2022-01-27 20:00:00,7.097
2022-01-27 21:00:00,7.467
2022-01-27 22:00:00,7.881
2022-01-27 23:00:00,8.645
2022-01-28 00:00:00,8.516
2022-01-28 01:00:00,8.516
2022-01-28 02:00:00,8.716
2022-01-28 03:00:00,8.93
2022-01-28 04:00:00,9.123
2022-01-28 05:00:00,9.182
2022-01-28 06:00:00,9.036
2022-01-28 07:00:00,9.036
2022-01-28 08:00:00,9.62
2022-01-28 09:00:00,9.449
2022-01-28 10:00:00,9.373
2022-01-28 11:00:00,9.852
2022-01-28 12:00:00,10.964
2022-01-28 13:00:00,11.423
2022-01-28 14:00:00,11.487
2022-01-28 15:00:00,11.193
2022-01-28 16:00:00,10.333
2022-01-28 17:00:00,8.706
2022-01-28 18:00:00,8.019
2022-01-28 19:00:00,7.139
2022-01-28 20:00:00,6.358
2022-01-28 21:00:00,5.535
2022-01-28 22:00:00,5.499
2022-01-28 23:00:00,4.979
2022-01-29 00:00:00,4.675
2022-01-29 01:00:00,4.728
2022-01-29 02:00:00,4.725
2022-01-29 03:00:00,4.672
2022-01-29 04:00:00,4.67
2022-01-29 05:00:00,4.76
2022-01-29 06:00:00,4.774
2022-01-29 07:00:00,4.696
2022-01-29 08:00:00,4.48
2022-01-29 09:00:00,4.113
2022-01-29 10:00:00,3.753
2022-01-29 11:00:00,4.081
2022-01-29 12:00:00,4.144
2022-01-29 13:00:00,4.101
2022-01-29 14:00:00,3.894
2022-01-29 15:00:00,3.798
2022-01-29 16:00:00,3.528
2022-01-29 17:00:00,3.487
2022-01-29 18:00:00,3.065
2022-01-29 19:00:00,2.611
2022-01-29 20:00:00,2.385
2022-01-29 21:00:00,2.408
2022-01-29 22:00:00,2.7
2022-01-29 23:00:00,3.024
2022-01-30 00:00:00,3.32
2022-01-30 01:00:00,3.479
2022-01-30 02:00:00,3.514
2022-01-30 03:00:00,3.372
2022-01-30 04:00:00,2.903
2022-01-30 05:00:00,2.151
2022-01-30 06:00:00,1.392
2022-01-30 07:00:00,0.834
2022-01-30 08:00:00,0.358
2022-01-30 09:00:00,0.041
2022-01-30 10:00:00,0.003
2022-01-30 11:00:00,0.002
2022-01-30 12:00:00,0.004
2022-01-30 13:00:00,0.054
2022-01-30 14:00:00,0.204
2022-01-30 15:00:00,0.5690000000000001
2022-01-30 16:00:00,1.559
2022-01-30 17:00:00,3.018
2022-01-30 18:00:00,3.478
2022-01-30 19:00:00,2.555
2022-01-30 20:00:00,1.208
2022-01-30 21:00:00,0.256
2022-01-30 22:00:00,0.023
2022-01-30 23:00:00,0.066
2022-01-31 00:00:00,0.243
2022-01-31 01:00:00,0.446
2022-01-31 02:00:00,0.548
2022-01-31 03:00:00,0.607
2022-01-31 04:00:00,0.7010000000000001
2022-01-31 05:00:00,0.995
2022-01-31 06:00:00,1.505
2022-01-31 07:00:00,2.268
2022-01-31 08:00:00,2.874
2022-01-31 09:00:00,3.292
2022-01-31 10:00:00,3.761
2022-01-31 11:00:00,4.324
2022-01-31 12:00:00,5.111
2022-01-31 13:00:00,6.231
2022-01-31 14:00:00,7.161
2022-01-31 15:00:00,7.78
2022-01-31 16:00:00,8.097
2022-01-31 17:00:00,7.496
2022-01-31 18:00:00,6.875
2022-01-31 19:00:00,6.683
2022-01-31 20:00:00,6.592
2022-01-31 21:00:00,6.599
2022-01-31 22:00:00,6.92
2022-01-31 23:00:00,7.554
2022-02-01 00:00:00,8.19
2022-02-01 01:00:00,8.681000000000001
2022-02-01 02:00:00,9.266
2022-02-01 03:00:00,9.408
2022-02-01 04:00:00,9.528
2022-02-01 05:00:00,9.574
2022-02-01 06:00:00,8.949
2022-02-01 07:00:00,8.175
2022-02-01 08:00:00,8.832
2022-02-01 09:00:00,9.961
2022-02-01 10:00:00,10.129
2022-02-01 11:00:00,10.238
2022-02-01 12:00:00,10.393
2022-02-01 13:00:00,10.694
2022-02-01 14:00:00,10.881
2022-02-01 15:00:00,10.809
2022-02-01 16:00:00,9.943
2022-02-01 17:00:00,7.797
2022-02-01 18:00:00,9.024
2022-02-01 19:00:00,9.84
2022-02-01 20:00:00,9.81
2022-02-01 21:00:00,9.431
2022-02-01 22:00:00,9.442
2022-02-01 23:00:00,8.678
2022-02-02 00:00:00,7.912
2022-02-02 01:00:00,7.796
2022-02-02 02:00:00,8.448
2022-02-02 03:00:00,8.597
2022-02-02 04:00:00,8.482
2022-02-02 05:00:00,7.461
2022-02-02 06:00:00,7.469
2022-02-02 07:00:00,7.554
2022-02-02 08:00:00,8.792
2022-02-02 09:00:00,9.986
2022-02-02 10:00:00,10.523
2022-02-02 11:00:00,10.991
2022-02-02 12:00:00,11.195
2022-02-02 13:00:00,11.274
2022-02-02 14:00:00,11.276
2022-02-02 15:00:00,11.142
2022-02-02 16:00:00,10.333
2022-02-02 17:00:00,7.39
2022-02-02 18:00:00,6.591
2022-02-02 19:00:00,7.031
2022-02-02 20:00:00,7.097
2022-02-02 21:00:00,6.683
2022-02-02 22:00:00,6.144
2022-02-02 23:00:00,5.5
2022-02-03 00:00:00,4.787
2022-02-03 01:00:00,4.988
2022-02-03 02:00:00,5.184
2022-02-03 03:00:00,5.391
2022-02-03 04:00:00,6.011
2022-02-03 05:00:00,6.195
2022-02-03 06:00:00,6.006
2022-02-03 07:00:00,5.501
2022-02-03 08:00:00,6.106
2022-02-03 09:00:00,8.414
2022-02-03 10:00:00,9.679
2022-02-03 11:00:00,9.817
2022-02-03 12:00:00,9.928
2022-02-03 13:00:00,10.041
2022-02-03 14:00:00,10.265
2022-02-03 15:00:00,10.512
2022-02-03 16:00:00,10.518
2022-02-03 17:00:00,8.895
2022-02-03 18:00:00,7.747
2022-02-03 19:00:00,7.414
2022-02-03 20:00:00,7.704
2022-02-03 21:00:00,8.227
2022-02-03 22:00:00,8.356
2022-02-03 23:00:00,8.832
2022-02-04 00:00:00,8.998
2022-02-04 01:00:00,8.974
2022-02-04 02:00:00,9.335
2022-02-04 03:00:00,9.701
2022-02-04 04:00:00,9.886
2022-02-04 05:00:00,10.01
2022-02-04 06:00:00,9.994
2022-02-04 07:00:00,9.986
2022-02-04 08:00:00,10.479
2022-02-04 09:00:00,12.154
2022-02-04 10:00:00,12.904
2022-02-04 11:00:00,12.973
2022-02-04 12:00:00,12.965
2022-02-04 13:00:00,12.925
2022-02-04 14:00:00,12.882
2022-02-04 15:00:00,12.839
2022-02-04 16:00:00,12.691
2022-02-04 17:00:00,11.894
2022-02-04 18:00:00,11.602
2022-02-04 19:00:00,11.585
2022-02-04 20:00:00,11.615
2022-02-04 21:00:00,11.757
2022-02-04 22:00:00,11.612
2022-02-04 23:00:00,11.761
2022-02-05 00:00:00,11.288
2022-02-05 01:00:00,11.622
2022-02-05 02:00:00,11.512
2022-02-05 03:00:00,11.864
2022-02-05 04:00:00,11.451
2022-02-05 05:00:00,11.27
2022-02-05 06:00:00,11.137
2022-02-05 07:00:00,10.964
2022-02-05 08:00:00,10.905
2022-02-05 09:00:00,12.009
2022-02-05 10:00:00,12.337
2022-02-05 11:00:00,12.658
2022-02-05 12:00:00,12.929
2022-02-05 13:00:00,13.142
2022-02-05 14:00:00,13.276
2022-02-05 15:00:00,13.309
2022-02-05 16:00:00,12.979
2022-02-05 17:00:00,12.628
2022-02-05 18:00:00,12.492
2022-02-05 19:00:00,12.358
2022-02-05 20:00:00,12.235
2022-02-05 21:00:00,12.186
2022-02-05 22:00:00,11.178
2022-02-05 23:00:00,10.778
2022-02-06 00:00:00,10.725
2022-02-06 01:00:00,10.547
2022-02-06 02:00:00,10.422
2022-02-06 03:00:00,10.182
2022-02-06 04:00:00,9.65
2022-02-06 05:00:00,9.297
2022-02-06 06:00:00,9.421
2022-02-06 07:00:00,8.961
2022-02-06 08:00:00,8.865
2022-02-06 09:00:00,9.886
2022-02-06 10:00:00,10.232
2022-02-06 11:00:00,10.964
2022-02-06 12:00:00,11.469
2022-02-06 13:00:00,11.775
2022-02-06 14:00:00,11.736
2022-02-06 15:00:00,11.408
2022-02-06 16:00:00,10.06
2022-02-06 17:00:00,9.235
2022-02-06 18:00:00,9.012
2022-02-06 19:00:00,8.354
2022-02-06 20:00:00,8.289
2022-02-06 21:00:00,8.238
2022-02-06 22:00:00,7.927
2022-02-06 23:00:00,7.259
2022-02-07 00:00:00,6.971
2022-02-07 01:00:00,6.602
2022-02-07 02:00:00,6.59
2022-02-07 03:00:00,6.583
2022-02-07 04:00:00,6.419
2022-02-07 05:00:00,6.534
2022-02-07 06:00:00,6.755
2022-02-07 07:00:00,6.971
2022-02-07 08:00:00,6.425
2022-02-07 09:00:00,6.688
2022-02-07 10:00:00,6.457
2022-02-07 11:00:00,6.893
2022-02-07 12:00:00,7.615
2022-02-07 13:00:00,8.065
2022-02-07 14:00:00,8.332
2022-02-07 15:00:00,8.301
2022-02-07 16:00:00,7.196
2022-02-07 17:00:00,8.019
2022-02-07 18:00:00,9.193
2022-02-07 19:00:00,9.439
2022-02-07 20:00:00,9.318
2022-02-07 21:00:00,9.234
2022-02-07 22:00:00,8.295
2022-02-07 23:00:00,7.628
2022-02-08 00:00:00,7.155
2022-02-08 01:00:00,6.466
2022-02-08 02:00:00,6.157
2022-02-08 03:00:00,6.267
2022-02-08 04:00:00,6.268
2022-02-08 05:00:00,6.171
2022-02-08 06:00:00,6.07
2022-02-08 07:00:00,6.158
2022-02-08 08:00:00,5.623
2022-02-08 09:00:00,4.866
2022-02-08 10:00:00,5.746
2022-02-08 11:00:00,5.623
2022-02-08 12:00:00,6.268
2022-02-08 13:00:00,7.343
2022-02-08 14:00:00,8.158
2022-02-08 15:00:00,8.448
2022-02-08 16:00:00,7.58
2022-02-08 17:00:00,8.616
2022-02-08 18:00:00,10.238
2022-02-08 19:00:00,11.114
2022-02-08 20:00:00,11.552
2022-02-08 21:00:00,11.824
2022-02-08 22:00:00,11.983
2022-02-08 23:00:00,12.001
2022-02-09 00:00:00,11.956
2022-02-09 01:00:00,11.899
2022-02-09 02:00:00,11.821
2022-02-09 03:00:00,11.707
2022-02-09 04:00:00,11.561
2022-02-09 05:00:00,11.456
2022-02-09 06:00:00,11.336
2022-02-09 07:00:00,10.982
2022-02-09 08:00:00,9.049
2022-02-09 09:00:00,6.457
2022-02-09 10:00:00,9.367
2022-02-09 11:00:00,10.933
2022-02-09 12:00:00,11.209
2022-02-09 13:00:00,11.123
2022-02-09 14:00:00,10.675
2022-02-09 15:00:00,9.415
2022-02-09 16:00:00,7.33
2022-02-09 17:00:00,6.268
2022-02-09 18:00:00,5.944
2022-02-09 19:00:00,6.272
2022-02-09 20:00:00,6.806
2022-02-09 21:00:00,7.259
2022-02-09 22:00:00,7.514
2022-02-09 23:00:00,7.648
2022-02-10 00:00:00,7.704
2022-02-10 01:00:00,7.787
2022-02-10 02:00:00,8.035
2022-02-10 03:00:00,8.247
2022-02-10 04:00:00,8.566
2022-02-10 05:00:00,8.529
2022-02-10 06:00:00,8.219
2022-02-10 07:00:00,7.819
2022-02-10 08:00:00,5.565
2022-02-10 09:00:00,2.794
2022-02-10 10:00:00,3.191
2022-02-10 11:00:00,5.908
2022-02-10 12:00:00,8.209
2022-02-10 13:00:00,9.886
2022-02-10 14:00:00,10.518
2022-02-10 15:00:00,10.333
2022-02-10 16:00:00,8.783
2022-02-10 17:00:00,7.574
2022-02-10 18:00:00,7.032
2022-02-10 19:00:00,6.939
2022-02-10 20:00:00,7.097
2022-02-10 21:00:00,7.293
2022-02-10 22:00:00,7.078
2022-02-10 23:00:00,7.167
2022-02-11 00:00:00,8.1
2022-02-11 01:00:00,8.376
2022-02-11 02:00:00,8.977
2022-02-11 03:00:00,9.367
2022-02-11 04:00:00,9.62
2022-02-11 05:00:00,8.898
2022-02-11 06:00:00,7.622
2022-02-11 07:00:00,6.358
2022-02-11 08:00:00,5.219
2022-02-11 09:00:00,4.027
2022-02-11 10:00:00,3.263
2022-02-11 11:00:00,3.349
2022-02-11 12:00:00,3.691
2022-02-11 13:00:00,3.653
2022-02-11 14:00:00,3.469
2022-02-11 15:00:00,3.024
2022-02-11 16:00:00,2.395
2022-02-11 17:00:00,1.164
2022-02-11 18:00:00,0.26
2022-02-11 19:00:00,0.056
2022-02-11 20:00:00,0.036
2022-02-11 21:00:00,0.023
2022-02-11 22:00:00,0.014
2022-02-11 23:00:00,0.02
2022-02-12 00:00:00,0.027
2022-02-12 01:00:00,0.067
2022-02-12 02:00:00,0.22
2022-02-12 03:00:00,0.523
2022-02-12 04:00:00,0.85
2022-02-12 05:00:00,0.966
2022-02-12 06:00:00,0.9490000000000001
2022-02-12 07:00:00,0.903
2022-02-12 08:00:00,0.644
2022-02-12 09:00:00,0.289
2022-02-12 10:00:00,0.109
2022-02-12 11:00:00,0.029
2022-02-12 12:00:00,0.066
2022-02-12 13:00:00,0.249
2022-02-12 14:00:00,0.655
2022-02-12 15:00:00,1.292
2022-02-12 16:00:00,2.031
2022-02-12 17:00:00,2.402
2022-02-12 18:00:00,1.956
2022-02-12 19:00:00,1.249
2022-02-12 20:00:00,0.655
2022-02-12 21:00:00,0.312
2022-02-12 22:00:00,0.136
2022-02-12 23:00:00,0.063
2022-02-13 00:00:00,0.024
2022-02-13 01:00:00,0.005
2022-02-13 02:00:00,0.002
2022-02-13 03:00:00,0.005
2022-02-13 04:00:00,0.008
2022-02-13 05:00:00,0.008
2022-02-13 06:00:00,0.014
2022-02-13 07:00:00,0.075
2022-02-13 08:00:00,0.452
2022-02-13 09:00:00,0.971
2022-02-13 10:00:00,1.207
2022-02-13 11:00:00,1.418
2022-02-13 12:00:00,1.74
2022-02-13 13:00:00,2.235
2022-02-13 14:00:00,3.066
2022-02-13 15:00:00,3.876
2022-02-13 16:00:00,4.362
2022-02-13 17:00:00,3.929
2022-02-13 18:00:00,3.461
2022-02-13 19:00:00,3.066
2022-02-13 20:00:00,2.488
2022-02-13 21:00:00,1.832
2022-02-13 22:00:00,1.221
2022-02-13 23:00:00,0.737
2022-02-14 00:00:00,0.363
2022-02-14 01:00:00,0.128
2022-02-14 02:00:00,0.048
2022-02-14 03:00:00,0.115
2022-02-14 04:00:00,0.5630000000000001
2022-02-14 05:00:00,1.464
2022-02-14 06:00:00,2.55
2022-02-14 07:00:00,3.446
2022-02-14 08:00:00,3.481
2022-02-14 09:00:00,3.331
2022-02-14 10:00:00,3.137
2022-02-14 11:00:00,3.035
2022-02-14 12:00:00,3.744
2022-02-14 13:00:00,4.755
2022-02-14 14:00:00,5.783
2022-02-14 15:00:00,6.533
2022-02-14 16:00:00,7.159
2022-02-14 17:00:00,7.061
2022-02-14 18:00:00,6.196
2022-02-14 19:00:00,5.342
2022-02-14 20:00:00,4.339
2022-02-14 21:00:00,3.431
2022-02-14 22:00:00,2.755
2022-02-14 23:00:00,2.55
2022-02-15 00:00:00,2.557
2022-02-15 01:00:00,2.69
2022-02-15 02:00:00,2.836
2022-02-15 03:00:00,3.128
2022-02-15 04:00:00,3.384
2022-02-15 05:00:00,3.722
2022-02-15 06:00:00,4.199
2022-02-15 07:00:00,4.487
2022-02-15 08:00:00,5.028
2022-02-15 09:00:00,6.699
2022-02-15 10:00:00,7.959
2022-02-15 11:00:00,8.175
2022-02-15 12:00:00,8.395
2022-02-15 13:00:00,8.629
2022-02-15 14:00:00,8.837
2022-02-15 15:00:00,8.953
2022-02-15 16:00:00,8.709
2022-02-15 17:00:00,6.43
2022-02-15 18:00:00,4.938
2022-02-15 19:00:00,4.908
2022-02-15 20:00:00,5.676
2022-02-15 21:00:00,6.049
2022-02-15 22:00:00,6.563
2022-02-15 23:00:00,6.579
2022-02-16 00:00:00,6.416
2022-02-16 01:00:00,6.226
2022-02-16 02:00:00,6.022
2022-02-16 03:00:00,6.116
2022-02-16 04:00:00,6.917
2022-02-16 05:00:00,6.305
2022-02-16 06:00:00,6.466
2022-02-16 07:00:00,5.623
2022-02-16 08:00:00,5.535
2022-02-16 09:00:00,5.748
2022-02-16 10:00:00,6.266
2022-02-16 11:00:00,6.506
2022-02-16 12:00:00,6.609
2022-02-16 13:00:00,6.268
2022-02-16 14:00:00,5.53
2022-02-16 15:00:00,4.45
2022-02-16 16:00:00,3.262
2022-02-16 17:00:00,1.895
2022-02-16 18:00:00,0.93
2022-02-16 19:00:00,0.5640000000000001
2022-02-16 20:00:00,0.72
2022-02-16 21:00:00,1.265
2022-02-16 22:00:00,2.056
2022-02-16 23:00:00,2.64
2022-02-17 00:00:00,2.534
2022-02-17 01:00:00,2.113
2022-02-17 02:00:00,1.94
2022-02-17 03:00:00,1.982
2022-02-17 04:00:00,2.111
2022-02-17 05:00:00,2.296
2022-02-17 06:00:00,3.009
2022-02-17 07:00:00,4.226
2022-02-17 08:00:00,4.391
2022-02-17 09:00:00,4.193
2022-02-17 10:00:00,8.089
2022-02-17 11:00:00,10.119
2022-02-17 12:00:00,10.659
2022-02-17 13:00:00,10.421
2022-02-17 14:00:00,9.681000000000001
2022-02-17 15:00:00,9.026
2022-02-17 16:00:00,9.446
2022-02-17 17:00:00,9.877
2022-02-17 18:00:00,9.704
2022-02-17 19:00:00,10.036
2022-02-17 20:00:00,9.829
2022-02-17 21:00:00,10.621
2022-02-17 22:00:00,11.066
2022-02-17 23:00:00,11.071
2022-02-18 00:00:00,11.512
2022-02-18 01:00:00,10.794
2022-02-18 02:00:00,9.877
2022-02-18 03:00:00,8.853
2022-02-18 04:00:00,8.14
2022-02-18 05:00:00,8.068
2022-02-18 06:00:00,8.746
2022-02-18 07:00:00,9.514
2022-02-18 08:00:00,9.772
2022-02-18 09:00:00,11.031
2022-02-18 10:00:00,11.781
2022-02-18 11:00:00,12.192
2022-02-18 12:00:00,12.413
2022-02-18 13:00:00,12.446
2022-02-18 14:00:00,12.361
2022-02-18 15:00:00,12.225
2022-02-18 16:00:00,11.851
2022-02-18 17:00:00,10.462
2022-02-18 18:00:00,9.846
2022-02-18 19:00:00,10.019
2022-02-18 20:00:00,9.807
2022-02-18 21:00:00,9.852
2022-02-18 22:00:00,9.833
2022-02-18 23:00:00,10.03
2022-02-19 00:00:00,10.129
2022-02-19 01:00:00,10.016
2022-02-19 02:00:00,10.203
2022-02-19 03:00:00,9.986
2022-02-19 04:00:00,9.909
2022-02-19 05:00:00,9.328
2022-02-19 06:00:00,8.481
2022-02-19 07:00:00,8.141
2022-02-19 08:00:00,8.367
2022-02-19 09:00:00,10.434
2022-02-19 10:00:00,10.562
2022-02-19 11:00:00,10.578
2022-02-19 12:00:00,10.796
2022-02-19 13:00:00,11.037
2022-02-19 14:00:00,11.216
2022-02-19 15:00:00,11.196
2022-02-19 16:00:00,10.503
2022-02-19 17:00:00,8.345
2022-02-19 18:00:00,8.356
2022-02-19 19:00:00,8.775
2022-02-19 20:00:00,9.156
2022-02-19 21:00:00,9.368
2022-02-19 22:00:00,9.693
2022-02-19 23:00:00,9.929
2022-02-20 00:00:00,9.788
2022-02-20 01:00:00,9.482
2022-02-20 02:00:00,9.155
2022-02-20 03:00:00,8.631
2022-02-20 04:00:00,7.866
2022-02-20 05:00:00,7.366
2022-02-20 06:00:00,7.105
2022-02-20 07:00:00,6.973
2022-02-20 08:00:00,5.845
2022-02-20 09:00:00,5.863
2022-02-20 10:00:00,5.711
2022-02-20 11:00:00,5.825
2022-02-20 12:00:00,6.153
2022-02-20 13:00:00,6.646
2022-02-20 14:00:00,7.374
2022-02-20 15:00:00,8.061
2022-02-20 16:00:00,8.531
2022-02-20 17:00:00,7.259
2022-02-20 18:00:00,7.544
2022-02-20 19:00:00,8.258
2022-02-20 20:00:00,8.005
2022-02-20 21:00:00,8.301
2022-02-20 22:00:00,8.415
2022-02-20 23:00:00,8.777
2022-02-21 00:00:00,8.678
2022-02-21 01:00:00,8.415
2022-02-21 02:00:00,8.516
2022-02-21 03:00:00,8.379
2022-02-21 04:00:00,8.132
2022-02-21 05:00:00,7.446
2022-02-21 06:00:00,6.267
2022-02-21 07:00:00,5.522
2022-02-21 08:00:00,6.647
2022-02-21 09:00:00,9.44
2022-02-21 10:00:00,10.142
2022-02-21 11:00:00,10.362
2022-02-21 12:00:00,10.824
2022-02-21 13:00:00,11.284
2022-02-21 14:00:00,11.753
2022-02-21 15:00:00,12.119
2022-02-21 16:00:00,12.152
2022-02-21 17:00:00,11.126
2022-02-21 18:00:00,10.632
2022-02-21 19:00:00,10.149
2022-02-21 20:00:00,10.308
2022-02-21 21:00:00,10.88
2022-02-21 22:00:00,10.82
2022-02-21 23:00:00,10.292
2022-02-22 00:00:00,10.033
2022-02-22 01:00:00,10.141
2022-02-22 02:00:00,9.806000000000001
2022-02-22 03:00:00,10.113
2022-02-22 04:00:00,9.754
2022-02-22 05:00:00,9.62
2022-02-22 06:00:00,9.71
2022-02-22 07:00:00,9.435
2022-02-22 08:00:00,8.974
2022-02-22 09:00:00,10.57
2022-02-22 10:00:00,11.066
2022-02-22 11:00:00,10.233
2022-02-22 12:00:00,9.235
2022-02-22 13:00:00,8.654
2022-02-22 14:00:00,8.531
2022-02-22 15:00:00,8.598
2022-02-22 16:00:00,7.43
2022-02-22 17:00:00,6.598
2022-02-22 18:00:00,7.872
2022-02-22 19:00:00,8.791
2022-02-22 20:00:00,9.056
2022-02-22 21:00:00,8.898
2022-02-22 22:00:00,8.386
2022-02-22 23:00:00,7.739
2022-02-23 00:00:00,7.33
2022-02-23 01:00:00,7.259
2022-02-23 02:00:00,7.295
2022-02-23 03:00:00,7.259
2022-02-23 04:00:00,7.067
2022-02-23 05:00:00,6.83
2022-02-23 06:00:00,6.717
2022-02-23 07:00:00,6.627
2022-02-23 08:00:00,5.363
2022-02-23 09:00:00,5.219
2022-02-23 10:00:00,6.158
2022-02-23 11:00:00,6.881
2022-02-23 12:00:00,6.917
2022-02-23 13:00:00,6.719
2022-02-23 14:00:00,6.466
2022-02-23 15:00:00,6.185
2022-02-23 16:00:00,4.858
2022-02-23 17:00:00,4.823
2022-02-23 18:00:00,6.683
2022-02-23 19:00:00,9.227
2022-02-23 20:00:00,10.707
2022-02-23 21:00:00,11.089
2022-02-23 22:00:00,10.668
2022-02-23 23:00:00,9.974
2022-02-24 00:00:00,9.233
2022-02-24 01:00:00,8.735
2022-02-24 02:00:00,8.722
2022-02-24 03:00:00,9.048
2022-02-24 04:00:00,9.5
2022-02-24 05:00:00,9.757
2022-02-24 06:00:00,9.944
2022-02-24 07:00:00,9.561
2022-02-24 08:00:00,7.391
2022-02-24 09:00:00,5.944
2022-02-24 10:00:00,9.306
2022-02-24 11:00:00,10.234
2022-02-24 12:00:00,10.405
2022-02-24 13:00:00,10.381
2022-02-24 14:00:00,10.345
2022-02-24 15:00:00,10.051
2022-02-24 16:00:00,8.518
2022-02-24 17:00:00,8.767
2022-02-24 18:00:00,10.317
2022-02-24 19:00:00,11.207
2022-02-24 20:00:00,11.515
2022-02-24 21:00:00,11.568
2022-02-24 22:00:00,11.532
2022-02-24 23:00:00,11.566
2022-02-25 00:00:00,11.642
2022-02-25 01:00:00,11.734
2022-02-25 02:00:00,11.822
2022-02-25 03:00:00,11.884
2022-02-25 04:00:00,11.939
2022-02-25 05:00:00,11.813
2022-02-25 06:00:00,11.552
2022-02-25 07:00:00,10.611
2022-02-25 08:00:00,7.615
2022-02-25 09:00:00,5.799
2022-02-25 10:00:00,6.02
2022-02-25 11:00:00,6.038
2022-02-25 12:00:00,6.757
2022-02-25 13:00:00,7.197
2022-02-25 14:00:00,7.369
2022-02-25 15:00:00,7.628
2022-02-25 16:00:00,6.69
2022-02-25 17:00:00,7.048
2022-02-25 18:00:00,7.91
2022-02-25 19:00:00,8.642
2022-02-25 20:00:00,8.642
2022-02-25 21:00:00,9.333
2022-02-25 22:00:00,10.476
2022-02-25 23:00:00,10.848
2022-02-26 00:00:00,10.685
2022-02-26 01:00:00,10.479
2022-02-26 02:00:00,10.293
2022-02-26 03:00:00,10.273
2022-02-26 04:00:00,10.273
2022-02-26 05:00:00,10.129
2022-02-26 06:00:00,9.574
2022-02-26 07:00:00,9.35
2022-02-26 08:00:00,8.278
2022-02-26 09:00:00,9.255
2022-02-26 10:00:00,11.606
2022-02-26 11:00:00,12.267
2022-02-26 12:00:00,12.561
2022-02-26 13:00:00,12.706
2022-02-26 14:00:00,12.81
2022-02-26 15:00:00,12.869
2022-02-26 16:00:00,12.372
2022-02-26 17:00:00,11.753
2022-02-26 18:00:00,11.503
2022-02-26 19:00:00,11.728
2022-02-26 20:00:00,12.151
2022-02-26 21:00:00,12.278
2022-02-26 22:00:00,12.177
2022-02-26 23:00:00,12.009
2022-02-27 00:00:00,11.678
2022-02-27 01:00:00,11.448
2022-02-27 02:00:00,11.087
2022-02-27 03:00:00,10.535
2022-02-27 04:00:00,10.052
2022-02-27 05:00:00,9.736
2022-02-27 06:00:00,9.328
2022-02-27 07:00:00,8.448
2022-02-27 08:00:00,6.13
2022-02-27 09:00:00,6.106
2022-02-27 10:00:00,9.975
2022-02-27 11:00:00,10.73
2022-02-27 12:00:00,10.83
2022-02-27 13:00:00,10.393
2022-02-27 14:00:00,9.631
2022-02-27 15:00:00,8.482
2022-02-27 16:00:00,5.944
2022-02-27 17:00:00,3.395
2022-02-27 18:00:00,1.865
2022-02-27 19:00:00,0.858
2022-02-27 20:00:00,0.265
2022-02-27 21:00:00,0.047
2022-02-27 22:00:00,0.005
2022-02-27 23:00:00,0.002
2022-02-28 00:00:00,0.034
2022-02-28 01:00:00,0.341
2022-02-28 02:00:00,0.996
2022-02-28 03:00:00,1.774
2022-02-28 04:00:00,2.571
2022-02-28 05:00:00,3.03
2022-02-28 06:00:00,3.136
2022-02-28 07:00:00,3.144
2022-02-28 08:00:00,2.776
2022-02-28 09:00:00,2.933
2022-02-28 10:00:00,4.262
2022-02-28 11:00:00,4.755
2022-02-28 12:00:00,5.98
2022-02-28 13:00:00,7.763
2022-02-28 14:00:00,8.568
2022-02-28 15:00:00,9.042
2022-02-28 16:00:00,9.485
2022-02-28 17:00:00,9.123
2022-02-28 18:00:00,9.397
2022-02-28 19:00:00,8.98
2022-02-28 20:00:00,9.881
2022-02-28 21:00:00,10.57
2022-02-28 22:00:00,10.758
2022-02-28 23:00:00,10.227
2022-03-01 00:00:00,9.426
2022-03-01 01:00:00,10.117
2022-03-01 02:00:00,10.71
2022-03-01 03:00:00,11.02
2022-03-01 04:00:00,11.532
2022-03-01 05:00:00,11.834
2022-03-01 06:00:00,11.862
2022-03-01 07:00:00,11.442
2022-03-01 08:00:00,10.631
2022-03-01 09:00:00,12.349
2022-03-01 10:00:00,12.881
2022-03-01 11:00:00,13.274
2022-03-01 12:00:00,13.549
2022-03-01 13:00:00,13.703
2022-03-01 14:00:00,13.747
2022-03-01 15:00:00,13.686
2022-03-01 16:00:00,13.355
2022-03-01 17:00:00,13.07
2022-03-01 18:00:00,12.617
2022-03-01 19:00:00,12.664
2022-03-01 20:00:00,12.724
2022-03-01 21:00:00,12.725
2022-03-01 22:00:00,12.74
2022-03-01 23:00:00,12.886
2022-03-02 00:00:00,12.711
2022-03-02 01:00:00,11.849
2022-03-02 02:00:00,11.345
2022-03-02 03:00:00,10.845
2022-03-02 04:00:00,9.886
2022-03-02 05:00:00,9.123
2022-03-02 06:00:00,9.128
2022-03-02 07:00:00,9.512
2022-03-02 08:00:00,10.046
2022-03-02 09:00:00,11.519
2022-03-02 10:00:00,12.693
2022-03-02 11:00:00,13.302
2022-03-02 12:00:00,13.461
2022-03-02 13:00:00,13.422
2022-03-02 14:00:00,13.193
2022-03-02 15:00:00,12.605
2022-03-02 16:00:00,10.382
2022-03-02 17:00:00,5.693
2022-03-02 18:00:00,3.378
2022-03-02 19:00:00,2.193
2022-03-02 20:00:00,2.13
2022-03-02 21:00:00,3.107
2022-03-02 22:00:00,4.854
2022-03-02 23:00:00,6.76
2022-03-03 00:00:00,8.209
2022-03-03 01:00:00,9.134
2022-03-03 02:00:00,9.799
2022-03-03 03:00:00,10.252
2022-03-03 04:00:00,10.497
2022-03-03 05:00:00,10.812
2022-03-03 06:00:00,11.215
2022-03-03 07:00:00,10.904
2022-03-03 08:00:00,9.047
2022-03-03 09:00:00,9.5
2022-03-03 10:00:00,11.602
2022-03-03 11:00:00,12.263
2022-03-03 12:00:00,12.799
2022-03-03 13:00:00,13.065
2022-03-03 14:00:00,13.09
2022-03-03 15:00:00,12.805
2022-03-03 16:00:00,11.877
2022-03-03 17:00:00,11.969
2022-03-03 18:00:00,12.192
2022-03-03 19:00:00,12.279
2022-03-03 20:00:00,12.477
2022-03-03 21:00:00,12.762
2022-03-03 22:00:00,13.155
2022-03-03 23:00:00,13.247
2022-03-04 00:00:00,12.721
2022-03-04 01:00:00,11.886
2022-03-04 02:00:00,10.963
2022-03-04 03:00:00,10.61
2022-03-04 04:00:00,11.787
2022-03-04 05:00:00,13.518
2022-03-04 06:00:00,13.77
2022-03-04 07:00:00,13.811
2022-03-04 08:00:00,13.817
2022-03-04 09:00:00,13.817
2022-03-04 10:00:00,13.815
2022-03-04 11:00:00,13.816
2022-03-04 12:00:00,13.792
2022-03-04 13:00:00,13.511
2022-03-04 14:00:00,13.085
2022-03-04 15:00:00,13.183
2022-03-04 16:00:00,13.64
2022-03-04 17:00:00,13.807
2022-03-04 18:00:00,13.567
2022-03-04 19:00:00,13.481
2022-03-04 20:00:00,13.363
2022-03-04 21:00:00,13.21
2022-03-04 22:00:00,13.247
2022-03-04 23:00:00,13.339
2022-03-05 00:00:00,13.256
2022-03-05 01:00:00,13.167
2022-03-05 02:00:00,13.031
2022-03-05 03:00:00,12.683
2022-03-05 04:00:00,12.031
2022-03-05 05:00:00,12.071
2022-03-05 06:00:00,12.009
2022-03-05 07:00:00,11.833
2022-03-05 08:00:00,12.8
2022-03-05 09:00:00,13.599
2022-03-05 10:00:00,13.684
2022-03-05 11:00:00,13.634
2022-03-05 12:00:00,13.603
2022-03-05 13:00:00,13.63
2022-03-05 14:00:00,13.663
2022-03-05 15:00:00,13.623
2022-03-05 16:00:00,13.223
2022-03-05 17:00:00,11.539
2022-03-05 18:00:00,9.66
2022-03-05 19:00:00,9.021
2022-03-05 20:00:00,8.717
2022-03-05 21:00:00,8.622
2022-03-05 22:00:00,8.415
2022-03-05 23:00:00,7.697
2022-03-06 00:00:00,6.664
2022-03-06 01:00:00,5.783
2022-03-06 02:00:00,5.535
2022-03-06 03:00:00,5.783
2022-03-06 04:00:00,5.98
2022-03-06 05:00:00,6.037
2022-03-06 06:00:00,6.509
2022-03-06 07:00:00,6.349
2022-03-06 08:00:00,4.258
2022-03-06 09:00:00,3.731
2022-03-06 10:00:00,5.418
2022-03-06 11:00:00,6.067
2022-03-06 12:00:00,6.901
2022-03-06 13:00:00,7.423
2022-03-06 14:00:00,6.666
2022-03-06 15:00:00,4.986
2022-03-06 16:00:00,4.726
2022-03-06 17:00:00,3.964
2022-03-06 18:00:00,2.487
2022-03-06 19:00:00,2.401
2022-03-06 20:00:00,3.349
2022-03-06 21:00:00,5.687
2022-03-06 22:00:00,8.794
2022-03-06 23:00:00,10.82
2022-03-07 00:00:00,11.193
2022-03-07 01:00:00,10.622
2022-03-07 02:00:00,10.099
2022-03-07 03:00:00,9.474
2022-03-07 04:00:00,9.273
2022-03-07 05:00:00,8.551
2022-03-07 06:00:00,7.259
2022-03-07 07:00:00,6.152
2022-03-07 08:00:00,4.388
2022-03-07 09:00:00,3.691
2022-03-07 10:00:00,4.141
2022-03-07 11:00:00,3.692
2022-03-07 12:00:00,3.389
2022-03-07 13:00:00,3.877
2022-03-07 14:00:00,4.948
2022-03-07 15:00:00,6.148
2022-03-07 16:00:00,6.343
2022-03-07 17:00:00,5.733
2022-03-07 18:00:00,6.541
2022-03-07 19:00:00,7.33
2022-03-07 20:00:00,7.739
2022-03-07 21:00:00,8.245
2022-03-07 22:00:00,9.184
2022-03-07 23:00:00,10.36
2022-03-08 00:00:00,11.033
2022-03-08 01:00:00,11.062
2022-03-08 02:00:00,10.796
2022-03-08 03:00:00,10.533
2022-03-08 04:00:00,10.329
2022-03-08 05:00:00,9.886
2022-03-08 06:00:00,8.41
2022-03-08 07:00:00,5.436
2022-03-08 08:00:00,2.587
2022-03-08 09:00:00,2.664
2022-03-08 10:00:00,5.901
2022-03-08 11:00:00,6.355
2022-03-08 12:00:00,5.82
2022-03-08 13:00:00,4.943
2022-03-08 14:00:00,3.95
2022-03-08 15:00:00,2.69
2022-03-08 16:00:00,1.444
2022-03-08 17:00:00,0.617
2022-03-08 18:00:00,0.164
2022-03-08 19:00:00,0.018
2022-03-08 20:00:00,0.003
2022-03-08 21:00:00,0.002
2022-03-08 22:00:00,0.168
2022-03-08 23:00:00,1.476
2022-03-09 00:00:00,3.962
2022-03-09 01:00:00,6.963
2022-03-09 02:00:00,9.098
2022-03-09 03:00:00,10.714
2022-03-09 04:00:00,11.532
2022-03-09 05:00:00,11.502
2022-03-09 06:00:00,11.512
2022-03-09 07:00:00,11.416
2022-03-09 08:00:00,10.742
2022-03-09 09:00:00,11.47
2022-03-09 10:00:00,13.442
2022-03-09 11:00:00,13.506
2022-03-09 12:00:00,13.473
2022-03-09 13:00:00,13.308
2022-03-09 14:00:00,13.047
2022-03-09 15:00:00,12.469
2022-03-09 16:00:00,12.263
2022-03-09 17:00:00,12.364
2022-03-09 18:00:00,12.722
2022-03-09 19:00:00,12.638
2022-03-09 20:00:00,12.289
2022-03-09 21:00:00,11.641
2022-03-09 22:00:00,10.522
2022-03-09 23:00:00,8.621
2022-03-10 00:00:00,6.601
2022-03-10 01:00:00,5.097
2022-03-10 02:00:00,4.225
2022-03-10 03:00:00,3.859
2022-03-10 04:00:00,4.113
2022-03-10 05:00:00,5.334
2022-03-10 06:00:00,6.232
2022-03-10 07:00:00,5.98
2022-03-10 08:00:00,9.068
2022-03-10 09:00:00,9.247
2022-03-10 10:00:00,8.759
2022-03-10 11:00:00,7.144
2022-03-10 12:00:00,5.051
2022-03-10 13:00:00,3.616
2022-03-10 14:00:00,2.969
2022-03-10 15:00:00,2.695
2022-03-10 16:00:00,2.376
2022-03-10 17:00:00,2.822
2022-03-10 18:00:00,3.791
2022-03-10 19:00:00,4.143
2022-03-10 20:00:00,4.266
2022-03-10 21:00:00,4.225
2022-03-10 22:00:00,4.258
2022-03-10 23:00:00,3.723
2022-03-11 00:00:00,2.792
2022-03-11 01:00:00,1.973
2022-03-11 02:00:00,1.315
2022-03-11 03:00:00,0.851
2022-03-11 04:00:00,0.644
2022-03-11 05:00:00,0.584
2022-03-11 06:00:00,0.399
2022-03-11 07:00:00,0.173
2022-03-11 08:00:00,0.109
2022-03-11 09:00:00,0.1
2022-03-11 10:00:00,0.029
2022-03-11 11:00:00,0.0
2022-03-11 12:00:00,0.0
2022-03-11 13:00:00,0.024
2022-03-11 14:00:00,0.46
2022-03-11 15:00:00,1.724
2022-03-11 16:00:00,5.44
2022-03-11 17:00:00,10.964
2022-03-11 18:00:00,12.734
2022-03-11 19:00:00,13.131
2022-03-11 20:00:00,13.08
2022-03-11 21:00:00,12.702
2022-03-11 22:00:00,13.219
2022-03-11 23:00:00,13.583
2022-03-12 00:00:00,13.183
2022-03-12 01:00:00,12.998
2022-03-12 02:00:00,12.797
2022-03-12 03:00:00,13.532
2022-03-12 04:00:00,13.209
2022-03-12 05:00:00,12.583
2022-03-12 06:00:00,10.866
2022-03-12 07:00:00,10.027
2022-03-12 08:00:00,9.121
2022-03-12 09:00:00,10.905
2022-03-12 10:00:00,12.166
2022-03-12 11:00:00,12.636
2022-03-12 12:00:00,13.331
2022-03-12 13:00:00,13.695
2022-03-12 14:00:00,13.772
2022-03-12 15:00:00,13.747
2022-03-12 16:00:00,13.523
2022-03-12 17:00:00,12.732
2022-03-12 18:00:00,12.365
2022-03-12 19:00:00,11.456
2022-03-12 20:00:00,10.243
2022-03-12 21:00:00,8.714
2022-03-12 22:00:00,7.047
2022-03-12 23:00:00,5.64
2022-03-13 00:00:00,4.908
2022-03-13 01:00:00,4.823
2022-03-13 02:00:00,4.543
2022-03-13 03:00:00,4.002
2022-03-13 04:00:00,3.368
2022-03-13 05:00:00,2.49
2022-03-13 06:00:00,1.562
2022-03-13 07:00:00,0.899
2022-03-13 08:00:00,0.402
2022-03-13 09:00:00,0.27
2022-03-13 10:00:00,0.508
2022-03-13 11:00:00,1.236
2022-03-13 12:00:00,2.333
2022-03-13 13:00:00,3.692
2022-03-13 14:00:00,5.763
2022-03-13 15:00:00,7.901
2022-03-13 16:00:00,9.619
2022-03-13 17:00:00,10.921
2022-03-13 18:00:00,11.939
2022-03-13 19:00:00,12.488
2022-03-13 20:00:00,12.788
2022-03-13 21:00:00,12.852
2022-03-13 22:00:00,12.608
2022-03-13 23:00:00,12.078
2022-03-14 00:00:00,10.027
2022-03-14 01:00:00,6.231
2022-03-14 02:00:00,3.104
2022-03-14 03:00:00,3.072
2022-03-14 04:00:00,5.028
2022-03-14 05:00:00,8.689
2022-03-14 06:00:00,10.293
2022-03-14 07:00:00,11.091
2022-03-14 08:00:00,9.68
2022-03-14 09:00:00,6.809
2022-03-14 10:00:00,4.604
2022-03-14 11:00:00,4.487
2022-03-14 12:00:00,5.44
2022-03-14 13:00:00,6.394
2022-03-14 14:00:00,6.016
2022-03-14 15:00:00,4.543
2022-03-14 16:00:00,3.645
2022-03-14 17:00:00,1.135
2022-03-14 18:00:00,0.28
2022-03-14 19:00:00,2.932
2022-03-14 20:00:00,7.477
2022-03-14 21:00:00,10.034
2022-03-14 22:00:00,11.198
2022-03-14 23:00:00,11.49
2022-03-15 00:00:00,9.986
2022-03-15 01:00:00,8.612
2022-03-15 02:00:00,5.831
2022-03-15 03:00:00,3.255
2022-03-15 04:00:00,3.753
2022-03-15 05:00:00,5.825
2022-03-15 06:00:00,6.805
2022-03-15 07:00:00,7.774
2022-03-15 08:00:00,13.37
2022-03-15 09:00:00,13.807
2022-03-15 10:00:00,13.714
2022-03-15 11:00:00,13.751
2022-03-15 12:00:00,13.817
2022-03-15 13:00:00,13.761
2022-03-15 14:00:00,13.582
2022-03-15 15:00:00,13.281
2022-03-15 16:00:00,12.748
2022-03-15 17:00:00,11.432
2022-03-15 18:00:00,8.658
2022-03-15 19:00:00,7.239
2022-03-15 20:00:00,7.466
2022-03-15 21:00:00,7.567
2022-03-15 22:00:00,7.893
2022-03-15 23:00:00,8.784
2022-03-16 00:00:00,8.871
2022-03-16 01:00:00,8.112
2022-03-16 02:00:00,7.58
2022-03-16 03:00:00,7.366
2022-03-16 04:00:00,6.917
2022-03-16 05:00:00,6.133
2022-03-16 06:00:00,5.219
2022-03-16 07:00:00,6.195
2022-03-16 08:00:00,7.492
2022-03-16 09:00:00,8.123
2022-03-16 10:00:00,8.421
2022-03-16 11:00:00,9.202
2022-03-16 12:00:00,10.479
2022-03-16 13:00:00,10.975
2022-03-16 14:00:00,11.038
2022-03-16 15:00:00,11.193
2022-03-16 16:00:00,10.656
2022-03-16 17:00:00,8.647
2022-03-16 18:00:00,5.122
2022-03-16 19:00:00,3.191
2022-03-16 20:00:00,2.194
2022-03-16 21:00:00,1.567
2022-03-16 22:00:00,1.14
2022-03-16 23:00:00,0.633
2022-03-17 00:00:00,0.226
2022-03-17 01:00:00,0.046
2022-03-17 02:00:00,0.002
2022-03-17 03:00:00,0.0
2022-03-17 04:00:00,0.022
2022-03-17 05:00:00,0.214
2022-03-17 06:00:00,0.6990000000000001
2022-03-17 07:00:00,0.995
2022-03-17 08:00:00,0.996
2022-03-17 09:00:00,1.067
2022-03-17 10:00:00,1.011
2022-03-17 11:00:00,0.996
2022-03-17 12:00:00,1.189
2022-03-17 13:00:00,1.775
2022-03-17 14:00:00,2.72
2022-03-17 15:00:00,3.863
2022-03-17 16:00:00,5.341
2022-03-17 17:00:00,6.452
2022-03-17 18:00:00,7.045
2022-03-17 19:00:00,8.036
2022-03-17 20:00:00,8.415
2022-03-17 21:00:00,8.453
2022-03-17 22:00:00,8.516
2022-03-17 23:00:00,7.932
2022-03-18 00:00:00,7.216
2022-03-18 01:00:00,6.937
2022-03-18 02:00:00,6.756
2022-03-18 03:00:00,6.554
2022-03-18 04:00:00,6.231
2022-03-18 05:00:00,6.587
2022-03-18 06:00:00,7.33
2022-03-18 07:00:00,8.203
2022-03-18 08:00:00,7.973
2022-03-18 09:00:00,6.913
2022-03-18 10:00:00,5.628
2022-03-18 11:00:00,3.725
2022-03-18 12:00:00,2.174
2022-03-18 13:00:00,1.577
2022-03-18 14:00:00,1.717
2022-03-18 15:00:00,2.05
2022-03-18 16:00:00,2.097
2022-03-18 17:00:00,2.001
2022-03-18 18:00:00,1.651
2022-03-18 19:00:00,1.207
2022-03-18 20:00:00,0.885
2022-03-18 21:00:00,0.755
2022-03-18 22:00:00,0.792
2022-03-18 23:00:00,0.843
2022-03-19 00:00:00,0.891
2022-03-19 01:00:00,1.116
2022-03-19 02:00:00,1.815
2022-03-19 03:00:00,2.336
2022-03-19 04:00:00,2.086
2022-03-19 05:00:00,1.745
2022-03-19 06:00:00,1.433
2022-03-19 07:00:00,1.193
2022-03-19 08:00:00,1.463
2022-03-19 09:00:00,2.503
2022-03-19 10:00:00,3.428
2022-03-19 11:00:00,4.267
2022-03-19 12:00:00,5.024
2022-03-19 13:00:00,5.57
2022-03-19 14:00:00,5.286
2022-03-19 15:00:00,4.637
2022-03-19 16:00:00,3.936
2022-03-19 17:00:00,2.487
2022-03-19 18:00:00,1.246
2022-03-19 19:00:00,1.247
2022-03-19 20:00:00,2.013
2022-03-19 21:00:00,3.321
2022-03-19 22:00:00,4.858
2022-03-19 23:00:00,5.889
2022-03-20 00:00:00,6.299
2022-03-20 01:00:00,6.358
2022-03-20 02:00:00,6.209
2022-03-20 03:00:00,6.038
2022-03-20 04:00:00,5.317
2022-03-20 05:00:00,4.016
2022-03-20 06:00:00,2.563
2022-03-20 07:00:00,0.873
2022-03-20 08:00:00,0.16
2022-03-20 09:00:00,0.004
2022-03-20 10:00:00,0.005
2022-03-20 11:00:00,0.001
2022-03-20 12:00:00,0.0
2022-03-20 13:00:00,0.063
2022-03-20 14:00:00,0.77
2022-03-20 15:00:00,2.232
2022-03-20 16:00:00,4.081
2022-03-20 17:00:00,5.218
2022-03-20 18:00:00,4.487
2022-03-20 19:00:00,3.185
2022-03-20 20:00:00,2.039
2022-03-20 21:00:00,1.191
2022-03-20 22:00:00,0.445
2022-03-20 23:00:00,0.169
2022-03-21 00:00:00,0.114
2022-03-21 01:00:00,0.259
2022-03-21 02:00:00,0.854
2022-03-21 03:00:00,1.631
2022-03-21 04:00:00,2.281
2022-03-21 05:00:00,2.755
2022-03-21 06:00:00,3.246
2022-03-21 07:00:00,3.174
2022-03-21 08:00:00,5.362
2022-03-21 09:00:00,7.314
2022-03-21 10:00:00,8.244
2022-03-21 11:00:00,8.865
2022-03-21 12:00:00,9.368
2022-03-21 13:00:00,9.68
2022-03-21 14:00:00,9.805
2022-03-21 15:00:00,9.772
2022-03-21 16:00:00,9.422
2022-03-21 17:00:00,7.704
2022-03-21 18:00:00,5.253
2022-03-21 19:00:00,3.786
2022-03-21 20:00:00,2.969
2022-03-21 21:00:00,2.778
2022-03-21 22:00:00,3.071
2022-03-21 23:00:00,3.97
2022-03-22 00:00:00,5.741
2022-03-22 01:00:00,7.462
2022-03-22 02:00:00,8.567
2022-03-22 03:00:00,9.544
2022-03-22 04:00:00,9.786
2022-03-22 05:00:00,9.68
2022-03-22 06:00:00,9.334
2022-03-22 07:00:00,6.881
2022-03-22 08:00:00,5.464
2022-03-22 09:00:00,9.183
2022-03-22 10:00:00,9.097
2022-03-22 11:00:00,8.444
2022-03-22 12:00:00,7.839
2022-03-22 13:00:00,7.856
2022-03-22 14:00:00,7.876
2022-03-22 15:00:00,7.445
2022-03-22 16:00:00,6.358
2022-03-22 17:00:00,4.258
2022-03-22 18:00:00,2.742
2022-03-22 19:00:00,2.112
2022-03-22 20:00:00,2.072
2022-03-22 21:00:00,3.067
2022-03-22 22:00:00,4.978
2022-03-22 23:00:00,8.029
2022-03-23 00:00:00,9.822
2022-03-23 01:00:00,10.333
2022-03-23 02:00:00,9.821
2022-03-23 03:00:00,10.546
2022-03-23 04:00:00,11.387
2022-03-23 05:00:00,12.082
2022-03-23 06:00:00,12.263
2022-03-23 07:00:00,11.774
2022-03-23 08:00:00,11.386
2022-03-23 09:00:00,10.994
2022-03-23 10:00:00,10.905
2022-03-23 11:00:00,10.662
2022-03-23 12:00:00,10.626
2022-03-23 13:00:00,10.977
2022-03-23 14:00:00,11.268
2022-03-23 15:00:00,10.996
2022-03-23 16:00:00,10.41
2022-03-23 17:00:00,8.54
2022-03-23 18:00:00,6.52
2022-03-23 19:00:00,4.104
2022-03-23 20:00:00,2.111
2022-03-23 21:00:00,1.056
2022-03-23 22:00:00,0.372
2022-03-23 23:00:00,0.445
2022-03-24 00:00:00,0.9420000000000001
2022-03-24 01:00:00,2.165
2022-03-24 02:00:00,4.001
2022-03-24 03:00:00,4.939
2022-03-24 04:00:00,5.476
2022-03-24 05:00:00,5.679
2022-03-24 06:00:00,6.268
2022-03-24 07:00:00,6.618
2022-03-24 08:00:00,6.579
2022-03-24 09:00:00,8.582
2022-03-24 10:00:00,12.347
2022-03-24 11:00:00,13.442
2022-03-24 12:00:00,13.479
2022-03-24 13:00:00,13.663
2022-03-24 14:00:00,13.813
2022-03-24 15:00:00,13.793
2022-03-24 16:00:00,13.8
2022-03-24 17:00:00,13.818
2022-03-24 18:00:00,13.816
2022-03-24 19:00:00,13.817
2022-03-24 20:00:00,13.818
2022-03-24 21:00:00,13.803
2022-03-24 22:00:00,13.657
2022-03-24 23:00:00,13.439
2022-03-25 00:00:00,13.294
2022-03-25 01:00:00,13.111
2022-03-25 02:00:00,12.776
2022-03-25 03:00:00,12.512
2022-03-25 04:00:00,11.983
2022-03-25 05:00:00,11.389
2022-03-25 06:00:00,9.943
2022-03-25 07:00:00,7.669
2022-03-25 08:00:00,7.589
2022-03-25 09:00:00,5.98
2022-03-25 10:00:00,4.995
2022-03-25 11:00:00,5.028
2022-03-25 12:00:00,5.748
2022-03-25 13:00:00,6.321
2022-03-25 14:00:00,6.576000000000001
2022-03-25 15:00:00,6.755
2022-03-25 16:00:00,6.515
2022-03-25 17:00:00,4.715
2022-03-25 18:00:00,3.49
2022-03-25 19:00:00,2.56
2022-03-25 20:00:00,2.775
2022-03-25 21:00:00,4.462
2022-03-25 22:00:00,6.358
2022-03-25 23:00:00,8.355
2022-03-26 00:00:00,10.467
2022-03-26 01:00:00,9.829
2022-03-26 02:00:00,8.603
2022-03-26 03:00:00,7.253
2022-03-26 04:00:00,6.533
2022-03-26 05:00:00,6.466
2022-03-26 06:00:00,6.109
2022-03-26 07:00:00,3.684
2022-03-26 08:00:00,5.818
2022-03-26 09:00:00,7.204
2022-03-26 10:00:00,8.175
2022-03-26 11:00:00,9.043
2022-03-26 12:00:00,9.818
2022-03-26 13:00:00,10.752
2022-03-26 14:00:00,11.561
2022-03-26 15:00:00,11.853
2022-03-26 16:00:00,11.982
2022-03-26 17:00:00,12.013
2022-03-26 18:00:00,11.374
2022-03-26 19:00:00,11.139
2022-03-26 20:00:00,11.134
2022-03-26 21:00:00,10.621
2022-03-26 22:00:00,9.826
2022-03-26 23:00:00,11.404
2022-03-27 00:00:00,11.732
2022-03-27 01:00:00,12.174
2022-03-27 02:00:00,12.472
2022-03-27 03:00:00,11.939
2022-03-27 04:00:00,11.813
2022-03-27 05:00:00,11.533
2022-03-27 06:00:00,10.49
2022-03-27 07:00:00,9.199
2022-03-27 08:00:00,12.968
2022-03-27 09:00:00,13.316
2022-03-27 10:00:00,13.08
2022-03-27 11:00:00,12.463
2022-03-27 12:00:00,11.361
2022-03-27 13:00:00,9.915
2022-03-27 14:00:00,8.618
2022-03-27 15:00:00,7.948
2022-03-27 16:00:00,7.615
2022-03-27 17:00:00,6.09
2022-03-27 18:00:00,6.055
2022-03-27 19:00:00,7.392
2022-03-27 20:00:00,8.687
2022-03-27 21:00:00,9.67
2022-03-27 22:00:00,10.611
2022-03-27 23:00:00,11.302
2022-03-28 00:00:00,11.552
2022-03-28 01:00:00,11.479
2022-03-28 02:00:00,11.641
2022-03-28 03:00:00,11.982
2022-03-28 04:00:00,12.179
2022-03-28 05:00:00,12.086
2022-03-28 06:00:00,11.775
2022-03-28 07:00:00,10.164
2022-03-28 08:00:00,8.592
2022-03-28 09:00:00,11.687
2022-03-28 10:00:00,13.089
2022-03-28 11:00:00,13.35
2022-03-28 12:00:00,13.483
2022-03-28 13:00:00,13.547
2022-03-28 14:00:00,13.637
2022-03-28 15:00:00,13.587
2022-03-28 16:00:00,13.202
2022-03-28 17:00:00,12.913
2022-03-28 18:00:00,13.183
2022-03-28 19:00:00,13.206
2022-03-28 20:00:00,13.31
2022-03-28 21:00:00,13.652
2022-03-28 22:00:00,13.673
2022-03-28 23:00:00,13.573
2022-03-29 00:00:00,13.806
2022-03-29 01:00:00,13.751
2022-03-29 02:00:00,13.792
2022-03-29 03:00:00,12.893
2022-03-29 04:00:00,9.765
2022-03-29 05:00:00,8.312
2022-03-29 06:00:00,10.627
2022-03-29 07:00:00,10.891
2022-03-29 08:00:00,10.396
2022-03-29 09:00:00,10.008
2022-03-29 10:00:00,9.313
2022-03-29 11:00:00,8.505
2022-03-29 12:00:00,7.653
2022-03-29 13:00:00,6.917
2022-03-29 14:00:00,6.719
2022-03-29 15:00:00,6.755
2022-03-29 16:00:00,6.321
2022-03-29 17:00:00,5.659
2022-03-29 18:00:00,6.07
2022-03-29 19:00:00,5.805
2022-03-29 20:00:00,4.679
2022-03-29 21:00:00,3.585
2022-03-29 22:00:00,2.68
2022-03-29 23:00:00,1.853
2022-03-30 00:00:00,1.244
2022-03-30 01:00:00,0.736
2022-03-30 02:00:00,0.626
2022-03-30 03:00:00,0.587
2022-03-30 04:00:00,0.526
2022-03-30 05:00:00,0.524
2022-03-30 06:00:00,0.633
2022-03-30 07:00:00,0.726
2022-03-30 08:00:00,0.255
2022-03-30 09:00:00,0.054
2022-03-30 10:00:00,0.004
2022-03-30 11:00:00,0.0
2022-03-30 12:00:00,0.013
2022-03-30 13:00:00,0.201
2022-03-30 14:00:00,0.633
2022-03-30 15:00:00,1.013
2022-03-30 16:00:00,1.267
2022-03-30 17:00:00,1.311
2022-03-30 18:00:00,1.093
2022-03-30 19:00:00,0.993
2022-03-30 20:00:00,1.413
2022-03-30 21:00:00,3.066
2022-03-30 22:00:00,5.116
2022-03-30 23:00:00,5.464
2022-03-31 00:00:00,5.028
2022-03-31 01:00:00,5.386
2022-03-31 02:00:00,6.162
2022-03-31 03:00:00,8.1
2022-03-31 04:00:00,10.086
2022-03-31 05:00:00,11.366
2022-03-31 06:00:00,12.167
2022-03-31 07:00:00,12.647
2022-03-31 08:00:00,12.657
2022-03-31 09:00:00,12.45
2022-03-31 10:00:00,11.984
2022-03-31 11:00:00,11.355
2022-03-31 12:00:00,10.804
2022-03-31 13:00:00,10.55
2022-03-31 14:00:00,10.588
2022-03-31 15:00:00,10.632
2022-03-31 16:00:00,10.292
2022-03-31 17:00:00,8.645
2022-03-31 18:00:00,5.406
2022-03-31 19:00:00,3.418
2022-03-31 20:00:00,2.081
2022-03-31 21:00:00,1.461
2022-03-31 22:00:00,1.575
2022-03-31 23:00:00,2.255
2022-04-01 00:00:00,3.042
2022-04-01 01:00:00,3.577
2022-04-01 02:00:00,3.761
2022-04-01 03:00:00,3.74
2022-04-01 04:00:00,3.634
2022-04-01 05:00:00,3.643
2022-04-01 06:00:00,3.798
2022-04-01 07:00:00,2.394
2022-04-01 08:00:00,1.088
2022-04-01 09:00:00,0.736
2022-04-01 10:00:00,0.746
2022-04-01 11:00:00,0.963
2022-04-01 12:00:00,1.236
2022-04-01 13:00:00,1.557
2022-04-01 14:00:00,1.899
2022-04-01 15:00:00,2.112
2022-04-01 16:00:00,2.338
2022-04-01 17:00:00,2.755
2022-04-01 18:00:00,2.939
2022-04-01 19:00:00,2.61
2022-04-01 20:00:00,2.644
2022-04-01 21:00:00,3.249
2022-04-01 22:00:00,4.299
2022-04-01 23:00:00,4.951000000000001
2022-04-02 00:00:00,4.908
2022-04-02 01:00:00,4.453
2022-04-02 02:00:00,4.226
2022-04-02 03:00:00,4.52
2022-04-02 04:00:00,5.152
2022-04-02 05:00:00,6.11
2022-04-02 06:00:00,6.311
2022-04-02 07:00:00,4.3
2022-04-02 08:00:00,6.0
2022-04-02 09:00:00,7.58
2022-04-02 10:00:00,7.663
2022-04-02 11:00:00,7.548
2022-04-02 12:00:00,7.331
2022-04-02 13:00:00,7.097
2022-04-02 14:00:00,6.924
2022-04-02 15:00:00,6.905
2022-04-02 16:00:00,6.683
2022-04-02 17:00:00,6.861
2022-04-02 18:00:00,8.969
2022-04-02 19:00:00,10.749
2022-04-02 20:00:00,11.57
2022-04-02 21:00:00,11.794
2022-04-02 22:00:00,11.776
2022-04-02 23:00:00,11.552
2022-04-03 00:00:00,11.366
2022-04-03 01:00:00,11.361
2022-04-03 02:00:00,11.347
2022-04-03 03:00:00,11.505
2022-04-03 04:00:00,11.793
2022-04-03 05:00:00,12.014
2022-04-03 06:00:00,11.678
2022-04-03 07:00:00,10.083
2022-04-03 08:00:00,11.838
2022-04-03 09:00:00,12.989
2022-04-03 10:00:00,13.11
2022-04-03 11:00:00,13.255
2022-04-03 12:00:00,13.433
2022-04-03 13:00:00,13.565
2022-04-03 14:00:00,13.614
2022-04-03 15:00:00,13.581
2022-04-03 16:00:00,13.131
2022-04-03 17:00:00,12.487
2022-04-03 18:00:00,12.811
2022-04-03 19:00:00,12.844
2022-04-03 20:00:00,12.776
2022-04-03 21:00:00,12.714
2022-04-03 22:00:00,12.831
2022-04-03 23:00:00,12.933
2022-04-04 00:00:00,12.81
2022-04-04 01:00:00,12.843
2022-04-04 02:00:00,12.927
2022-04-04 03:00:00,12.918
2022-04-04 04:00:00,12.678
2022-04-04 05:00:00,12.465
2022-04-04 06:00:00,12.077
2022-04-04 07:00:00,10.443
2022-04-04 08:00:00,9.806000000000001
2022-04-04 09:00:00,12.618
2022-04-04 10:00:00,12.776
2022-04-04 11:00:00,12.77
2022-04-04 12:00:00,12.804
2022-04-04 13:00:00,12.701
2022-04-04 14:00:00,12.152
2022-04-04 15:00:00,11.017
2022-04-04 16:00:00,9.384
2022-04-04 17:00:00,7.134
2022-04-04 18:00:00,8.246
2022-04-04 19:00:00,11.537
2022-04-04 20:00:00,13.131
2022-04-04 21:00:00,13.256
2022-04-04 22:00:00,13.35
2022-04-04 23:00:00,13.744
2022-04-05 00:00:00,13.638
2022-04-05 01:00:00,13.448
2022-04-05 02:00:00,13.217
2022-04-05 03:00:00,12.899
2022-04-05 04:00:00,12.469
2022-04-05 05:00:00,11.864
2022-04-05 06:00:00,11.878
2022-04-05 07:00:00,12.879
2022-04-05 08:00:00,13.437
2022-04-05 09:00:00,13.528
2022-04-05 10:00:00,13.549
2022-04-05 11:00:00,13.587
2022-04-05 12:00:00,13.555
2022-04-05 13:00:00,13.449
2022-04-05 14:00:00,13.318
2022-04-05 15:00:00,13.118
2022-04-05 16:00:00,12.764
2022-04-05 17:00:00,11.765
2022-04-05 18:00:00,8.345
2022-04-05 19:00:00,4.454
2022-04-05 20:00:00,2.527
2022-04-05 21:00:00,1.268
2022-04-05 22:00:00,0.344
2022-04-05 23:00:00,0.093
2022-04-06 00:00:00,0.105
2022-04-06 01:00:00,0.153
2022-04-06 02:00:00,0.231
2022-04-06 03:00:00,0.398
2022-04-06 04:00:00,0.805
2022-04-06 05:00:00,1.277
2022-04-06 06:00:00,1.778
2022-04-06 07:00:00,3.378
2022-04-06 08:00:00,4.711
2022-04-06 09:00:00,6.233
2022-04-06 10:00:00,7.886
2022-04-06 11:00:00,9.744
2022-04-06 12:00:00,11.178
2022-04-06 13:00:00,12.076
2022-04-06 14:00:00,12.776
2022-04-06 15:00:00,13.183
2022-04-06 16:00:00,13.13
2022-04-06 17:00:00,12.261
2022-04-06 18:00:00,11.069
2022-04-06 19:00:00,10.265
2022-04-06 20:00:00,9.62
2022-04-06 21:00:00,9.885
2022-04-06 22:00:00,10.354
2022-04-06 23:00:00,10.277
2022-04-07 00:00:00,8.832
2022-04-07 01:00:00,8.344
2022-04-07 02:00:00,8.175
2022-04-07 03:00:00,7.628
2022-04-07 04:00:00,6.89
2022-04-07 05:00:00,5.966
2022-04-07 06:00:00,3.799
2022-04-07 07:00:00,3.722
2022-04-07 08:00:00,4.553
2022-04-07 09:00:00,4.823
2022-04-07 10:00:00,4.901
2022-04-07 11:00:00,5.698
2022-04-07 12:00:00,6.983
2022-04-07 13:00:00,8.098
2022-04-07 14:00:00,8.861
2022-04-07 15:00:00,9.035
2022-04-07 16:00:00,8.646
2022-04-07 17:00:00,7.704
2022-04-07 18:00:00,10.065
2022-04-07 19:00:00,11.699
2022-04-07 20:00:00,12.208
2022-04-07 21:00:00,12.345
2022-04-07 22:00:00,12.422
2022-04-07 23:00:00,12.545
2022-04-08 00:00:00,12.707
2022-04-08 01:00:00,12.788
2022-04-08 02:00:00,12.88
2022-04-08 03:00:00,13.001
2022-04-08 04:00:00,13.002
2022-04-08 05:00:00,12.988
2022-04-08 06:00:00,12.65
2022-04-08 07:00:00,11.458
2022-04-08 08:00:00,10.452
2022-04-08 09:00:00,10.659
2022-04-08 10:00:00,11.193
2022-04-08 11:00:00,11.039
2022-04-08 12:00:00,10.613
2022-04-08 13:00:00,10.333
2022-04-08 14:00:00,9.915
2022-04-08 15:00:00,9.166
2022-04-08 16:00:00,9.508
2022-04-08 17:00:00,10.479
2022-04-08 18:00:00,7.704
2022-04-08 19:00:00,6.069
2022-04-08 20:00:00,7.649
2022-04-08 21:00:00,9.391
2022-04-08 22:00:00,9.077
2022-04-08 23:00:00,8.101
2022-04-09 00:00:00,6.57
2022-04-09 01:00:00,4.015
2022-04-09 02:00:00,1.664
2022-04-09 03:00:00,0.498
2022-04-09 04:00:00,0.131
2022-04-09 05:00:00,0.123
2022-04-09 06:00:00,0.791
2022-04-09 07:00:00,1.223
2022-04-09 08:00:00,1.899
2022-04-09 09:00:00,3.53
2022-04-09 10:00:00,5.028
2022-04-09 11:00:00,6.683
2022-04-09 12:00:00,8.175
2022-04-09 13:00:00,9.234
2022-04-09 14:00:00,9.513
2022-04-09 15:00:00,9.118
2022-04-09 16:00:00,9.16
2022-04-09 17:00:00,10.24
2022-04-09 18:00:00,12.416
2022-04-09 19:00:00,13.33
2022-04-09 20:00:00,13.435
2022-04-09 21:00:00,13.565
2022-04-09 22:00:00,13.539
2022-04-09 23:00:00,13.658
2022-04-10 00:00:00,13.542
2022-04-10 01:00:00,13.077
2022-04-10 02:00:00,12.438
2022-04-10 03:00:00,11.946
2022-04-10 04:00:00,11.913
2022-04-10 05:00:00,11.248
2022-04-10 06:00:00,8.566
2022-04-10 07:00:00,7.431
2022-04-10 08:00:00,7.182
2022-04-10 09:00:00,8.175
2022-04-10 10:00:00,7.739
2022-04-10 11:00:00,6.195
2022-04-10 12:00:00,5.98
2022-04-10 13:00:00,5.218
2022-04-10 14:00:00,3.691
2022-04-10 15:00:00,1.816
2022-04-10 16:00:00,0.322
2022-04-10 17:00:00,0.0
2022-04-10 18:00:00,1.019
2022-04-10 19:00:00,3.906
2022-04-10 20:00:00,7.48
2022-04-10 21:00:00,9.339
2022-04-10 22:00:00,9.266
2022-04-10 23:00:00,8.742
2022-04-11 00:00:00,8.456
2022-04-11 01:00:00,5.464
2022-04-11 02:00:00,1.071
2022-04-11 03:00:00,0.5670000000000001
2022-04-11 04:00:00,1.312
2022-04-11 05:00:00,2.969
2022-04-11 06:00:00,3.415
2022-04-11 07:00:00,2.491
2022-04-11 08:00:00,2.563
2022-04-11 09:00:00,4.161
2022-04-11 10:00:00,7.406
2022-04-11 11:00:00,10.27
2022-04-11 12:00:00,11.248
2022-04-11 13:00:00,11.452
2022-04-11 14:00:00,11.627
2022-04-11 15:00:00,11.531
2022-04-11 16:00:00,11.391
2022-04-11 17:00:00,11.035
2022-04-11 18:00:00,9.701
2022-04-11 19:00:00,8.45
2022-04-11 20:00:00,7.401
2022-04-11 21:00:00,6.085
2022-04-11 22:00:00,5.136
2022-04-11 23:00:00,4.002
2022-04-12 00:00:00,2.965
2022-04-12 01:00:00,2.671
2022-04-12 02:00:00,2.634
2022-04-12 03:00:00,3.059
2022-04-12 04:00:00,2.583
2022-04-12 05:00:00,2.018
2022-04-12 06:00:00,1.023
2022-04-12 07:00:00,1.472
2022-04-12 08:00:00,2.352
2022-04-12 09:00:00,2.438
2022-04-12 10:00:00,2.798
2022-04-12 11:00:00,2.767
2022-04-12 12:00:00,2.342
2022-04-12 13:00:00,1.783
2022-04-12 14:00:00,1.464
2022-04-12 15:00:00,1.363
2022-04-12 16:00:00,1.192
2022-04-12 17:00:00,0.971
2022-04-12 18:00:00,1.219
2022-04-12 19:00:00,1.32
2022-04-12 20:00:00,0.961
2022-04-12 21:00:00,0.725
2022-04-12 22:00:00,0.916
2022-04-12 23:00:00,1.564
2022-04-13 00:00:00,2.604
2022-04-13 01:00:00,4.178
2022-04-13 02:00:00,4.911
2022-04-13 03:00:00,4.264
2022-04-13 04:00:00,5.616
2022-04-13 05:00:00,5.806
2022-04-13 06:00:00,5.152
2022-04-13 07:00:00,6.985
2022-04-13 08:00:00,11.22
2022-04-13 09:00:00,13.056
2022-04-13 10:00:00,13.377
2022-04-13 11:00:00,13.371
2022-04-13 12:00:00,13.047
2022-04-13 13:00:00,12.06
2022-04-13 14:00:00,10.049
2022-04-13 15:00:00,7.704
2022-04-13 16:00:00,5.561
2022-04-13 17:00:00,3.024
2022-04-13 18:00:00,1.979
2022-04-13 19:00:00,2.316
2022-04-13 20:00:00,3.36
2022-04-13 21:00:00,4.704
2022-04-13 22:00:00,5.798
2022-04-13 23:00:00,5.028
2022-04-14 00:00:00,3.468
2022-04-14 01:00:00,2.722
2022-04-14 02:00:00,1.472
2022-04-14 03:00:00,0.505
2022-04-14 04:00:00,0.114
2022-04-14 05:00:00,0.239
2022-04-14 06:00:00,1.229
2022-04-14 07:00:00,2.784
2022-04-14 08:00:00,4.74
2022-04-14 09:00:00,7.366
2022-04-14 10:00:00,9.766
2022-04-14 11:00:00,10.57
2022-04-14 12:00:00,10.333
2022-04-14 13:00:00,9.425
2022-04-14 14:00:00,8.295
2022-04-14 15:00:00,7.544
2022-04-14 16:00:00,7.092
2022-04-14 17:00:00,6.503
2022-04-14 18:00:00,6.108
2022-04-14 19:00:00,6.683
2022-04-14 20:00:00,6.909
2022-04-14 21:00:00,6.607
2022-04-14 22:00:00,5.493
2022-04-14 23:00:00,4.331
2022-04-15 00:00:00,4.339
2022-04-15 01:00:00,5.254
2022-04-15 02:00:00,6.674
2022-04-15 03:00:00,7.424
2022-04-15 04:00:00,7.638
2022-04-15 05:00:00,7.899
2022-04-15 06:00:00,7.615
2022-04-15 07:00:00,7.367
2022-04-15 08:00:00,10.204
2022-04-15 09:00:00,12.135
2022-04-15 10:00:00,12.829
2022-04-15 11:00:00,13.185
2022-04-15 12:00:00,13.385
2022-04-15 13:00:00,13.498
2022-04-15 14:00:00,13.545
2022-04-15 15:00:00,13.535
2022-04-15 16:00:00,13.349
2022-04-15 17:00:00,12.278
2022-04-15 18:00:00,11.357
2022-04-15 19:00:00,11.794
2022-04-15 20:00:00,12.243
2022-04-15 21:00:00,12.417
2022-04-15 22:00:00,12.332
2022-04-15 23:00:00,12.077
2022-04-16 00:00:00,11.707
2022-04-16 01:00:00,11.346
2022-04-16 02:00:00,11.728
2022-04-16 03:00:00,10.806
2022-04-16 04:00:00,9.189
2022-04-16 05:00:00,7.784
2022-04-16 06:00:00,5.399
2022-04-16 07:00:00,3.97
2022-04-16 08:00:00,7.004
2022-04-16 09:00:00,10.266
2022-04-16 10:00:00,11.426
2022-04-16 11:00:00,11.656
2022-04-16 12:00:00,11.307
2022-04-16 13:00:00,10.683
2022-04-16 14:00:00,9.812
2022-04-16 15:00:00,8.796
2022-04-16 16:00:00,7.851
2022-04-16 17:00:00,6.509
2022-04-16 18:00:00,5.944
2022-04-16 19:00:00,5.98
2022-04-16 20:00:00,6.755
2022-04-16 21:00:00,8.059
2022-04-16 22:00:00,9.078
2022-04-16 23:00:00,9.262
2022-04-17 00:00:00,8.614
2022-04-17 01:00:00,7.404
2022-04-17 02:00:00,5.944
2022-04-17 03:00:00,4.671
2022-04-17 04:00:00,3.799
2022-04-17 05:00:00,3.231
2022-04-17 06:00:00,1.984
2022-04-17 07:00:00,1.3
2022-04-17 08:00:00,2.546
2022-04-17 09:00:00,2.696
2022-04-17 10:00:00,2.874
2022-04-17 11:00:00,3.248
2022-04-17 12:00:00,3.892
2022-04-17 13:00:00,4.558
2022-04-17 14:00:00,5.002
2022-04-17 15:00:00,5.011
2022-04-17 16:00:00,5.063
2022-04-17 17:00:00,4.957
2022-04-17 18:00:00,4.404
2022-04-17 19:00:00,3.526
2022-04-17 20:00:00,2.293
2022-04-17 21:00:00,1.575
2022-04-17 22:00:00,1.498
2022-04-17 23:00:00,1.734
2022-04-18 00:00:00,1.698
2022-04-18 01:00:00,1.508
2022-04-18 02:00:00,1.077
2022-04-18 03:00:00,0.726
2022-04-18 04:00:00,0.842
2022-04-18 05:00:00,1.453
2022-04-18 06:00:00,2.086
2022-04-18 07:00:00,2.011
2022-04-18 08:00:00,4.908
2022-04-18 09:00:00,6.335
2022-04-18 10:00:00,6.683
2022-04-18 11:00:00,6.931
2022-04-18 12:00:00,7.288
2022-04-18 13:00:00,7.585
2022-04-18 14:00:00,7.73
2022-04-18 15:00:00,7.876
2022-04-18 16:00:00,7.933
2022-04-18 17:00:00,7.355
2022-04-18 18:00:00,8.086
2022-04-18 19:00:00,9.943
2022-04-18 20:00:00,11.459
2022-04-18 21:00:00,12.305
2022-04-18 22:00:00,12.577
2022-04-18 23:00:00,12.653
2022-04-19 00:00:00,12.744
2022-04-19 01:00:00,12.847
2022-04-19 02:00:00,12.74
2022-04-19 03:00:00,12.721
2022-04-19 04:00:00,12.604
2022-04-19 05:00:00,12.424
2022-04-19 06:00:00,11.888
2022-04-19 07:00:00,10.706
2022-04-19 08:00:00,12.278
2022-04-19 09:00:00,12.929
2022-04-19 10:00:00,13.612
2022-04-19 11:00:00,13.786
2022-04-19 12:00:00,13.817
2022-04-19 13:00:00,13.789
2022-04-19 14:00:00,13.757
2022-04-19 15:00:00,13.756
2022-04-19 16:00:00,13.8
2022-04-19 17:00:00,13.8
2022-04-19 18:00:00,13.761
2022-04-19 19:00:00,13.795
2022-04-19 20:00:00,13.773
2022-04-19 21:00:00,13.723
2022-04-19 22:00:00,13.684
2022-04-19 23:00:00,13.65
2022-04-20 00:00:00,13.617
2022-04-20 01:00:00,13.603
2022-04-20 02:00:00,13.594
2022-04-20 03:00:00,13.665
2022-04-20 04:00:00,13.681
2022-04-20 05:00:00,13.548
2022-04-20 06:00:00,12.848
2022-04-20 07:00:00,12.062
2022-04-20 08:00:00,13.603
2022-04-20 09:00:00,13.675
2022-04-20 10:00:00,13.676
2022-04-20 11:00:00,13.725
2022-04-20 12:00:00,13.754
2022-04-20 13:00:00,13.791
2022-04-20 14:00:00,13.817
2022-04-20 15:00:00,13.755
2022-04-20 16:00:00,13.345
2022-04-20 17:00:00,12.752
2022-04-20 18:00:00,12.577
2022-04-20 19:00:00,12.969
2022-04-20 20:00:00,13.485
2022-04-20 21:00:00,13.397
2022-04-20 22:00:00,12.861
2022-04-20 23:00:00,12.516
2022-04-21 00:00:00,10.496
2022-04-21 01:00:00,7.789
2022-04-21 02:00:00,5.419
2022-04-21 03:00:00,5.023
2022-04-21 04:00:00,6.56
2022-04-21 05:00:00,8.692
2022-04-21 06:00:00,10.943
2022-04-21 07:00:00,12.253
2022-04-21 08:00:00,13.032
2022-04-21 09:00:00,13.309
2022-04-21 10:00:00,13.343
2022-04-21 11:00:00,13.263
2022-04-21 12:00:00,13.022
2022-04-21 13:00:00,12.703
2022-04-21 14:00:00,12.385
2022-04-21 15:00:00,12.107
2022-04-21 16:00:00,11.892
2022-04-21 17:00:00,11.345
2022-04-21 18:00:00,9.914
2022-04-21 19:00:00,8.019
2022-04-21 20:00:00,5.98
2022-04-21 21:00:00,5.025
2022-04-21 22:00:00,4.911
2022-04-21 23:00:00,5.418
2022-04-22 00:00:00,5.985
2022-04-22 01:00:00,6.278
2022-04-22 02:00:00,6.394
2022-04-22 03:00:00,6.663
2022-04-22 04:00:00,7.051
2022-04-22 05:00:00,7.168
2022-04-22 06:00:00,4.922
2022-04-22 07:00:00,7.496
2022-04-22 08:00:00,9.426
2022-04-22 09:00:00,8.11
2022-04-22 10:00:00,6.978
2022-04-22 11:00:00,7.393
2022-04-22 12:00:00,9.123
2022-04-22 13:00:00,10.562
2022-04-22 14:00:00,11.193
2022-04-22 15:00:00,11.413
2022-04-22 16:00:00,11.104
2022-04-22 17:00:00,9.381
2022-04-22 18:00:00,6.355
2022-04-22 19:00:00,5.748
2022-04-22 20:00:00,6.781
2022-04-22 21:00:00,8.732
2022-04-22 22:00:00,10.881
2022-04-22 23:00:00,11.966
2022-04-23 00:00:00,12.382
2022-04-23 01:00:00,12.62
2022-04-23 02:00:00,12.703
2022-04-23 03:00:00,13.084
2022-04-23 04:00:00,13.449
2022-04-23 05:00:00,13.553
2022-04-23 06:00:00,13.215
2022-04-23 07:00:00,12.446
2022-04-23 08:00:00,12.688
2022-04-23 09:00:00,12.622
2022-04-23 10:00:00,12.513
2022-04-23 11:00:00,12.658
2022-04-23 12:00:00,13.005
2022-04-23 13:00:00,13.179
2022-04-23 14:00:00,13.09
2022-04-23 15:00:00,12.678
2022-04-23 16:00:00,12.237
2022-04-23 17:00:00,11.776
2022-04-23 18:00:00,10.411
2022-04-23 19:00:00,7.565
2022-04-23 20:00:00,4.943
2022-04-23 21:00:00,4.486
2022-04-23 22:00:00,4.966
2022-04-23 23:00:00,5.534
2022-04-24 00:00:00,5.063
2022-04-24 01:00:00,3.646
2022-04-24 02:00:00,1.943
2022-04-24 03:00:00,0.522
2022-04-24 04:00:00,0.048
2022-04-24 05:00:00,0.056
2022-04-24 06:00:00,0.405
2022-04-24 07:00:00,0.399
2022-04-24 08:00:00,0.635
2022-04-24 09:00:00,1.183
2022-04-24 10:00:00,1.858
2022-04-24 11:00:00,2.979
2022-04-24 12:00:00,5.446
2022-04-24 13:00:00,7.414
2022-04-24 14:00:00,7.465
2022-04-24 15:00:00,5.104
2022-04-24 16:00:00,2.908
2022-04-24 17:00:00,1.942
2022-04-24 18:00:00,2.848
2022-04-24 19:00:00,3.435
2022-04-24 20:00:00,3.432
2022-04-24 21:00:00,4.113
2022-04-24 22:00:00,5.017
2022-04-24 23:00:00,5.428
2022-04-25 00:00:00,5.463
2022-04-25 01:00:00,6.466
2022-04-25 02:00:00,8.724
2022-04-25 03:00:00,10.384
2022-04-25 04:00:00,12.095
2022-04-25 05:00:00,13.318
2022-04-25 06:00:00,13.619
2022-04-25 07:00:00,13.536
2022-04-25 08:00:00,13.693
2022-04-25 09:00:00,13.812
2022-04-25 10:00:00,13.608
2022-04-25 11:00:00,13.555
2022-04-25 12:00:00,13.642
2022-04-25 13:00:00,13.539
2022-04-25 14:00:00,13.325
2022-04-25 15:00:00,13.437
2022-04-25 16:00:00,13.722
2022-04-25 17:00:00,13.792
2022-04-25 18:00:00,13.812
2022-04-25 19:00:00,13.428
2022-04-25 20:00:00,12.671
2022-04-25 21:00:00,11.957
2022-04-25 22:00:00,10.905
2022-04-25 23:00:00,10.849
2022-04-26 00:00:00,10.881
2022-04-26 01:00:00,11.171
2022-04-26 02:00:00,12.22
2022-04-26 03:00:00,12.879
2022-04-26 04:00:00,13.528
2022-04-26 05:00:00,13.718
2022-04-26 06:00:00,13.817
2022-04-26 07:00:00,13.764
2022-04-26 08:00:00,13.684
2022-04-26 09:00:00,13.587
2022-04-26 10:00:00,13.522
2022-04-26 11:00:00,13.475
2022-04-26 12:00:00,13.566
2022-04-26 13:00:00,13.741
2022-04-26 14:00:00,13.818
2022-04-26 15:00:00,13.744
2022-04-26 16:00:00,13.511
2022-04-26 17:00:00,13.122
2022-04-26 18:00:00,11.983
2022-04-26 19:00:00,9.647
2022-04-26 20:00:00,7.256
2022-04-26 21:00:00,5.816
2022-04-26 22:00:00,5.696
2022-04-26 23:00:00,4.921
2022-04-27 00:00:00,4.457
2022-04-27 01:00:00,3.954
2022-04-27 02:00:00,3.064
2022-04-27 03:00:00,2.557
2022-04-27 04:00:00,2.376
2022-04-27 05:00:00,2.213
2022-04-27 06:00:00,1.189
2022-04-27 07:00:00,1.034
2022-04-27 08:00:00,2.286
2022-04-27 09:00:00,3.448
2022-04-27 10:00:00,3.753
2022-04-27 11:00:00,4.049
2022-04-27 12:00:00,4.479
2022-04-27 13:00:00,4.081
2022-04-27 14:00:00,3.998
2022-04-27 15:00:00,3.895
2022-04-27 16:00:00,3.646
2022-04-27 17:00:00,2.647
2022-04-27 18:00:00,1.967
2022-04-27 19:00:00,1.943
2022-04-27 20:00:00,2.027
2022-04-27 21:00:00,3.22
2022-04-27 22:00:00,4.802
2022-04-27 23:00:00,6.07
2022-04-28 00:00:00,6.683
2022-04-28 01:00:00,6.276
2022-04-28 02:00:00,5.74
2022-04-28 03:00:00,4.789
2022-04-28 04:00:00,3.191
2022-04-28 05:00:00,1.59
2022-04-28 06:00:00,0.343
2022-04-28 07:00:00,0.021
2022-04-28 08:00:00,0.0
2022-04-28 09:00:00,0.0
2022-04-28 10:00:00,0.0
2022-04-28 11:00:00,0.0
2022-04-28 12:00:00,0.002
2022-04-28 13:00:00,0.017
2022-04-28 14:00:00,0.063
2022-04-28 15:00:00,0.131
2022-04-28 16:00:00,0.174
2022-04-28 17:00:00,0.08700000000000001
2022-04-28 18:00:00,0.028
2022-04-28 19:00:00,0.139
2022-04-28 20:00:00,0.9580000000000001
2022-04-28 21:00:00,2.597
2022-04-28 22:00:00,3.945
2022-04-28 23:00:00,4.123
2022-04-29 00:00:00,3.73
2022-04-29 01:00:00,4.0
2022-04-29 02:00:00,5.811
2022-04-29 03:00:00,7.23
2022-04-29 04:00:00,6.971
2022-04-29 05:00:00,5.142
2022-04-29 06:00:00,3.846
2022-04-29 07:00:00,4.518
2022-04-29 08:00:00,5.572
2022-04-29 09:00:00,6.995
2022-04-29 10:00:00,8.295
2022-04-29 11:00:00,10.174
2022-04-29 12:00:00,11.621
2022-04-29 13:00:00,12.306
2022-04-29 14:00:00,12.868
2022-04-29 15:00:00,13.156
2022-04-29 16:00:00,13.123
2022-04-29 17:00:00,13.193
2022-04-29 18:00:00,13.278
2022-04-29 19:00:00,12.984
2022-04-29 20:00:00,12.353
2022-04-29 21:00:00,12.263
2022-04-29 22:00:00,12.598
2022-04-29 23:00:00,12.613
2022-04-30 00:00:00,12.62
2022-04-30 01:00:00,12.554
2022-04-30 02:00:00,12.355
2022-04-30 03:00:00,12.02
2022-04-30 04:00:00,11.386
2022-04-30 05:00:00,11.552
2022-04-30 06:00:00,11.567
2022-04-30 07:00:00,13.613
2022-04-30 08:00:00,13.813
2022-04-30 09:00:00,13.797
2022-04-30 10:00:00,13.713
2022-04-30 11:00:00,13.598
2022-04-30 12:00:00,13.489
2022-04-30 13:00:00,13.422
2022-04-30 14:00:00,13.401
2022-04-30 15:00:00,13.361
2022-04-30 16:00:00,13.259
2022-04-30 17:00:00,12.915
2022-04-30 18:00:00,11.826
2022-04-30 19:00:00,11.196
2022-04-30 20:00:00,11.408
2022-04-30 21:00:00,11.426
2022-04-30 22:00:00,10.667
2022-04-30 23:00:00,9.378
2022-05-01 00:00:00,6.895
2022-05-01 01:00:00,5.341
2022-05-01 02:00:00,6.441
2022-05-01 03:00:00,7.254
2022-05-01 04:00:00,7.668
2022-05-01 05:00:00,7.472
2022-05-01 06:00:00,5.699
2022-05-01 07:00:00,7.704
2022-05-01 08:00:00,7.704
2022-05-01 09:00:00,7.188
2022-05-01 10:00:00,6.797
2022-05-01 11:00:00,6.588
2022-05-01 12:00:00,6.321
2022-05-01 13:00:00,6.091
2022-05-01 14:00:00,5.944
2022-05-01 15:00:00,5.819
2022-05-01 16:00:00,5.464
2022-05-01 17:00:00,4.958
2022-05-01 18:00:00,3.757
2022-05-01 19:00:00,2.552
2022-05-01 20:00:00,1.5
2022-05-01 21:00:00,0.797
2022-05-01 22:00:00,0.29
2022-05-01 23:00:00,0.069
2022-05-02 00:00:00,0.019
2022-05-02 01:00:00,0.08
2022-05-02 02:00:00,0.409
2022-05-02 03:00:00,0.997
2022-05-02 04:00:00,1.838
2022-05-02 05:00:00,2.466
2022-05-02 06:00:00,1.808
2022-05-02 07:00:00,0.639
2022-05-02 08:00:00,1.011
2022-05-02 09:00:00,1.445
2022-05-02 10:00:00,1.667
2022-05-02 11:00:00,1.808
2022-05-02 12:00:00,2.125
2022-05-02 13:00:00,2.904
2022-05-02 14:00:00,4.443
2022-05-02 15:00:00,6.43
2022-05-02 16:00:00,7.796
2022-05-02 17:00:00,8.391
2022-05-02 18:00:00,9.679
2022-05-02 19:00:00,11.345
2022-05-02 20:00:00,10.824
2022-05-02 21:00:00,7.101
2022-05-02 22:00:00,8.566
2022-05-02 23:00:00,10.994
2022-05-03 00:00:00,12.014
2022-05-03 01:00:00,12.58
2022-05-03 02:00:00,12.819
2022-05-03 03:00:00,12.652
2022-05-03 04:00:00,12.089
2022-05-03 05:00:00,11.329
2022-05-03 06:00:00,8.96
2022-05-03 07:00:00,6.316
2022-05-03 08:00:00,5.944
2022-05-03 09:00:00,8.414
2022-05-03 10:00:00,8.716
2022-05-03 11:00:00,8.93
2022-05-03 12:00:00,9.929
2022-05-03 13:00:00,11.234
2022-05-03 14:00:00,12.291
2022-05-03 15:00:00,12.923
2022-05-03 16:00:00,13.132
2022-05-03 17:00:00,12.604
2022-05-03 18:00:00,12.283
2022-05-03 19:00:00,12.787
2022-05-03 20:00:00,13.066
2022-05-03 21:00:00,13.259
2022-05-03 22:00:00,13.415
2022-05-03 23:00:00,13.466
2022-05-04 00:00:00,13.499
2022-05-04 01:00:00,13.547
2022-05-04 02:00:00,13.606
2022-05-04 03:00:00,13.587
2022-05-04 04:00:00,13.52
2022-05-04 05:00:00,13.444
2022-05-04 06:00:00,13.149
2022-05-04 07:00:00,11.716
2022-05-04 08:00:00,12.62
2022-05-04 09:00:00,12.691
2022-05-04 10:00:00,12.513
2022-05-04 11:00:00,12.217
2022-05-04 12:00:00,11.669
2022-05-04 13:00:00,10.905
2022-05-04 14:00:00,10.157
2022-05-04 15:00:00,9.786
2022-05-04 16:00:00,9.795
2022-05-04 17:00:00,9.368
2022-05-04 18:00:00,9.463
2022-05-04 19:00:00,9.77
2022-05-04 20:00:00,10.479
2022-05-04 21:00:00,11.58
2022-05-04 22:00:00,12.432
2022-05-04 23:00:00,12.69
2022-05-05 00:00:00,11.284
2022-05-05 01:00:00,6.358
2022-05-05 02:00:00,2.289
2022-05-05 03:00:00,1.517
2022-05-05 04:00:00,2.061
2022-05-05 05:00:00,2.377
2022-05-05 06:00:00,1.5
2022-05-05 07:00:00,2.875
2022-05-05 08:00:00,8.259
2022-05-05 09:00:00,5.764
2022-05-05 10:00:00,5.623
2022-05-05 11:00:00,9.024
2022-05-05 12:00:00,11.066
2022-05-05 13:00:00,12.088
2022-05-05 14:00:00,12.821
2022-05-05 15:00:00,13.211
2022-05-05 16:00:00,13.35
2022-05-05 17:00:00,13.258
2022-05-05 18:00:00,13.164
2022-05-05 19:00:00,12.665
2022-05-05 20:00:00,12.626
2022-05-05 21:00:00,12.62
2022-05-05 22:00:00,12.332
2022-05-05 23:00:00,11.878
2022-05-06 00:00:00,10.901
2022-05-06 01:00:00,8.897
2022-05-06 02:00:00,7.33
2022-05-06 03:00:00,6.394
2022-05-06 04:00:00,6.483
2022-05-06 05:00:00,6.268
2022-05-06 06:00:00,5.52
2022-05-06 07:00:00,7.704
2022-05-06 08:00:00,11.069
2022-05-06 09:00:00,12.102
2022-05-06 10:00:00,12.702
2022-05-06 11:00:00,12.942
2022-05-06 12:00:00,12.799
2022-05-06 13:00:00,12.411
2022-05-06 14:00:00,12.0
2022-05-06 15:00:00,11.756
2022-05-06 16:00:00,11.544
2022-05-06 17:00:00,11.114
2022-05-06 18:00:00,10.085
2022-05-06 19:00:00,9.466
2022-05-06 20:00:00,9.62
2022-05-06 21:00:00,9.544
2022-05-06 22:00:00,9.429
2022-05-06 23:00:00,9.088
2022-05-07 00:00:00,8.281
2022-05-07 01:00:00,6.65
2022-05-07 02:00:00,4.925
2022-05-07 03:00:00,3.222
2022-05-07 04:00:00,2.351
2022-05-07 05:00:00,1.668
2022-05-07 06:00:00,0.517
2022-05-07 07:00:00,0.755
2022-05-07 08:00:00,1.107
2022-05-07 09:00:00,0.98
2022-05-07 10:00:00,0.6920000000000001
2022-05-07 11:00:00,0.309
2022-05-07 12:00:00,0.048
2022-05-07 13:00:00,0.001
2022-05-07 14:00:00,0.0
2022-05-07 15:00:00,0.001
2022-05-07 16:00:00,0.019
2022-05-07 17:00:00,0.171
2022-05-07 18:00:00,1.116
2022-05-07 19:00:00,3.191
2022-05-07 20:00:00,4.921
2022-05-07 21:00:00,6.016
2022-05-07 22:00:00,7.414
2022-05-07 23:00:00,7.802
2022-05-08 00:00:00,6.591
2022-05-08 01:00:00,5.748
2022-05-08 02:00:00,5.028
2022-05-08 03:00:00,4.129
2022-05-08 04:00:00,2.806
2022-05-08 05:00:00,1.639
2022-05-08 06:00:00,0.441
2022-05-08 07:00:00,0.005
2022-05-08 08:00:00,0.017
2022-05-08 09:00:00,0.392
2022-05-08 10:00:00,0.5640000000000001
2022-05-08 11:00:00,0.5680000000000001
2022-05-08 12:00:00,0.399
2022-05-08 13:00:00,0.17
2022-05-08 14:00:00,0.024
2022-05-08 15:00:00,0.001
2022-05-08 16:00:00,0.0
2022-05-08 17:00:00,0.0
2022-05-08 18:00:00,0.006
2022-05-08 19:00:00,0.178
2022-05-08 20:00:00,1.121
2022-05-08 21:00:00,3.524
2022-05-08 22:00:00,6.683
2022-05-08 23:00:00,8.989
2022-05-09 00:00:00,10.114
2022-05-09 01:00:00,10.418
2022-05-09 02:00:00,10.405
2022-05-09 03:00:00,10.675
2022-05-09 04:00:00,10.913
2022-05-09 05:00:00,10.471
2022-05-09 06:00:00,7.941
2022-05-09 07:00:00,9.668
2022-05-09 08:00:00,11.246
2022-05-09 09:00:00,11.03
2022-05-09 10:00:00,11.155
2022-05-09 11:00:00,11.641
2022-05-09 12:00:00,12.101
2022-05-09 13:00:00,12.384
2022-05-09 14:00:00,12.539
2022-05-09 15:00:00,12.618
2022-05-09 16:00:00,12.59
2022-05-09 17:00:00,12.299
2022-05-09 18:00:00,12.038
2022-05-09 19:00:00,12.463
2022-05-09 20:00:00,12.637
2022-05-09 21:00:00,12.493
2022-05-09 22:00:00,11.559
2022-05-09 23:00:00,9.464
2022-05-10 00:00:00,7.425
2022-05-10 01:00:00,5.384
2022-05-10 02:00:00,3.798
2022-05-10 03:00:00,3.905
2022-05-10 04:00:00,4.454
2022-05-10 05:00:00,4.584
2022-05-10 06:00:00,5.0
2022-05-10 07:00:00,5.544
2022-05-10 08:00:00,5.138
2022-05-10 09:00:00,3.664
2022-05-10 10:00:00,2.612
2022-05-10 11:00:00,1.16
2022-05-10 12:00:00,1.738
2022-05-10 13:00:00,3.671
2022-05-10 14:00:00,5.909
2022-05-10 15:00:00,7.532
2022-05-10 16:00:00,8.01
2022-05-10 17:00:00,7.003
2022-05-10 18:00:00,4.262
2022-05-10 19:00:00,1.076
2022-05-10 20:00:00,0.643
2022-05-10 21:00:00,2.267
2022-05-10 22:00:00,4.789
2022-05-10 23:00:00,6.641
2022-05-11 00:00:00,7.615
2022-05-11 01:00:00,7.642
2022-05-11 02:00:00,7.046
2022-05-11 03:00:00,6.358
2022-05-11 04:00:00,5.535
2022-05-11 05:00:00,4.193
2022-05-11 06:00:00,2.487
2022-05-11 07:00:00,4.603
2022-05-11 08:00:00,7.572
2022-05-11 09:00:00,9.514
2022-05-11 10:00:00,10.345
2022-05-11 11:00:00,11.193
2022-05-11 12:00:00,11.775
2022-05-11 13:00:00,11.948
2022-05-11 14:00:00,11.767
2022-05-11 15:00:00,11.45
2022-05-11 16:00:00,10.74
2022-05-11 17:00:00,9.483
2022-05-11 18:00:00,7.366
2022-05-11 19:00:00,5.376
2022-05-11 20:00:00,4.392
2022-05-11 21:00:00,3.35
2022-05-11 22:00:00,2.584
2022-05-11 23:00:00,1.944
2022-05-12 00:00:00,1.643
2022-05-12 01:00:00,1.579
2022-05-12 02:00:00,1.642
2022-05-12 03:00:00,1.777
2022-05-12 04:00:00,1.982
2022-05-12 05:00:00,1.95
2022-05-12 06:00:00,1.291
2022-05-12 07:00:00,3.071
2022-05-12 08:00:00,5.269
2022-05-12 09:00:00,7.67
2022-05-12 10:00:00,9.203
2022-05-12 11:00:00,10.256
2022-05-12 12:00:00,10.943
2022-05-12 13:00:00,11.471
2022-05-12 14:00:00,11.919
2022-05-12 15:00:00,12.026
2022-05-12 16:00:00,11.757
2022-05-12 17:00:00,10.973
2022-05-12 18:00:00,8.722
2022-05-12 19:00:00,6.948
2022-05-12 20:00:00,6.39
2022-05-12 21:00:00,6.43
2022-05-12 22:00:00,6.682
2022-05-12 23:00:00,7.138
2022-05-13 00:00:00,7.485
2022-05-13 01:00:00,7.984
2022-05-13 02:00:00,8.572
2022-05-13 03:00:00,9.474
2022-05-13 04:00:00,11.484
2022-05-13 05:00:00,10.814
2022-05-13 06:00:00,11.238
2022-05-13 07:00:00,12.711
2022-05-13 08:00:00,12.861
2022-05-13 09:00:00,12.949
2022-05-13 10:00:00,13.351
2022-05-13 11:00:00,13.436
2022-05-13 12:00:00,13.415
2022-05-13 13:00:00,13.299
2022-05-13 14:00:00,13.123
2022-05-13 15:00:00,12.966
2022-05-13 16:00:00,12.62
2022-05-13 17:00:00,11.929
2022-05-13 18:00:00,9.986
2022-05-13 19:00:00,7.866
2022-05-13 20:00:00,8.567
2022-05-13 21:00:00,8.853
2022-05-13 22:00:00,8.996
2022-05-13 23:00:00,8.927
2022-05-14 00:00:00,8.94
2022-05-14 01:00:00,8.717
2022-05-14 02:00:00,8.325
2022-05-14 03:00:00,7.158
2022-05-14 04:00:00,5.837
2022-05-14 05:00:00,5.555
2022-05-14 06:00:00,6.568
2022-05-14 07:00:00,8.295
2022-05-14 08:00:00,9.513
2022-05-14 09:00:00,9.619
2022-05-14 10:00:00,9.172
2022-05-14 11:00:00,9.065
2022-05-14 12:00:00,9.149
2022-05-14 13:00:00,9.255
2022-05-14 14:00:00,9.576
2022-05-14 15:00:00,9.964
2022-05-14 16:00:00,10.292
2022-05-14 17:00:00,10.052
2022-05-14 18:00:00,8.038
2022-05-14 19:00:00,6.43
2022-05-14 20:00:00,6.391
2022-05-14 21:00:00,5.9
2022-05-14 22:00:00,5.22
2022-05-14 23:00:00,5.116
2022-05-15 00:00:00,5.784
2022-05-15 01:00:00,6.891
2022-05-15 02:00:00,7.949
2022-05-15 03:00:00,8.732
2022-05-15 04:00:00,9.237
2022-05-15 05:00:00,8.865
2022-05-15 06:00:00,5.8
2022-05-15 07:00:00,5.097
2022-05-15 08:00:00,8.717
2022-05-15 09:00:00,9.715
2022-05-15 10:00:00,10.043
2022-05-15 11:00:00,11.068
2022-05-15 12:00:00,11.939
2022-05-15 13:00:00,12.031
2022-05-15 14:00:00,11.692
2022-05-15 15:00:00,11.552
2022-05-15 16:00:00,11.248
2022-05-15 17:00:00,9.74
2022-05-15 18:00:00,6.647
2022-05-15 19:00:00,5.082
2022-05-15 20:00:00,4.29
2022-05-15 21:00:00,3.714
2022-05-15 22:00:00,3.661
2022-05-15 23:00:00,4.637
2022-05-16 00:00:00,6.034
2022-05-16 01:00:00,6.752
2022-05-16 02:00:00,6.719
2022-05-16 03:00:00,6.358
2022-05-16 04:00:00,5.766
2022-05-16 05:00:00,5.184
2022-05-16 06:00:00,2.848
2022-05-16 07:00:00,2.703
2022-05-16 08:00:00,6.845
2022-05-16 09:00:00,7.395
2022-05-16 10:00:00,6.809
2022-05-16 11:00:00,6.115
2022-05-16 12:00:00,6.317
2022-05-16 13:00:00,7.77
2022-05-16 14:00:00,7.874
2022-05-16 15:00:00,5.337
2022-05-16 16:00:00,2.056
2022-05-16 17:00:00,0.657
2022-05-16 18:00:00,0.792
2022-05-16 19:00:00,0.771
2022-05-16 20:00:00,1.034
2022-05-16 21:00:00,2.044
2022-05-16 22:00:00,2.769
2022-05-16 23:00:00,3.468
2022-05-17 00:00:00,4.11
2022-05-17 01:00:00,4.741
2022-05-17 02:00:00,4.96
2022-05-17 03:00:00,5.346
2022-05-17 04:00:00,5.944
2022-05-17 05:00:00,6.251
2022-05-17 06:00:00,4.637
2022-05-17 07:00:00,1.015
2022-05-17 08:00:00,0.335
2022-05-17 09:00:00,0.457
2022-05-17 10:00:00,1.008
2022-05-17 11:00:00,1.029
2022-05-17 12:00:00,0.8210000000000001
2022-05-17 13:00:00,0.8150000000000001
2022-05-17 14:00:00,1.64
2022-05-17 15:00:00,2.902
2022-05-17 16:00:00,3.064
2022-05-17 17:00:00,2.167
2022-05-17 18:00:00,1.122
2022-05-17 19:00:00,0.362
2022-05-17 20:00:00,0.084
2022-05-17 21:00:00,0.057
2022-05-17 22:00:00,0.152
2022-05-17 23:00:00,0.36
2022-05-18 00:00:00,0.617
2022-05-18 01:00:00,0.781
2022-05-18 02:00:00,0.915
2022-05-18 03:00:00,1.073
2022-05-18 04:00:00,1.353
2022-05-18 05:00:00,1.819
2022-05-18 06:00:00,1.745
2022-05-18 07:00:00,1.206
2022-05-18 08:00:00,2.664
2022-05-18 09:00:00,3.487
2022-05-18 10:00:00,4.045
2022-05-18 11:00:00,4.533
2022-05-18 12:00:00,5.364
2022-05-18 13:00:00,6.881
2022-05-18 14:00:00,8.011
2022-05-18 15:00:00,8.242
2022-05-18 16:00:00,8.253
2022-05-18 17:00:00,7.547
2022-05-18 18:00:00,6.031
2022-05-18 19:00:00,5.091
2022-05-18 20:00:00,5.393
2022-05-18 21:00:00,6.673
2022-05-18 22:00:00,7.932
2022-05-18 23:00:00,8.775
2022-05-19 00:00:00,8.456
2022-05-19 01:00:00,7.704
2022-05-19 02:00:00,7.027
2022-05-19 03:00:00,6.07
2022-05-19 04:00:00,5.215
2022-05-19 05:00:00,5.045
2022-05-19 06:00:00,3.35
2022-05-19 07:00:00,2.715
2022-05-19 08:00:00,6.852
2022-05-19 09:00:00,9.68
2022-05-19 10:00:00,11.112
2022-05-19 11:00:00,11.639
2022-05-19 12:00:00,11.812
2022-05-19 13:00:00,11.758
2022-05-19 14:00:00,11.465
2022-05-19 15:00:00,10.881
2022-05-19 16:00:00,10.013
2022-05-19 17:00:00,8.857
2022-05-19 18:00:00,6.721
2022-05-19 19:00:00,5.123
2022-05-19 20:00:00,3.378
2022-05-19 21:00:00,1.58
2022-05-19 22:00:00,0.443
2022-05-19 23:00:00,0.021
2022-05-20 00:00:00,0.0
2022-05-20 01:00:00,0.005
2022-05-20 02:00:00,0.291
2022-05-20 03:00:00,1.248
2022-05-20 04:00:00,2.715
2022-05-20 05:00:00,4.137
2022-05-20 06:00:00,3.603
2022-05-20 07:00:00,1.663
2022-05-20 08:00:00,2.185
2022-05-20 09:00:00,3.065
2022-05-20 10:00:00,4.072
2022-05-20 11:00:00,4.784
2022-05-20 12:00:00,5.451
2022-05-20 13:00:00,5.803
2022-05-20 14:00:00,5.919
2022-05-20 15:00:00,6.016
2022-05-20 16:00:00,6.52
2022-05-20 17:00:00,6.744
2022-05-20 18:00:00,5.526
2022-05-20 19:00:00,4.258
2022-05-20 20:00:00,2.928
2022-05-20 21:00:00,2.373
2022-05-20 22:00:00,2.6
2022-05-20 23:00:00,2.902
2022-05-21 00:00:00,2.69
2022-05-21 01:00:00,2.375
2022-05-21 02:00:00,2.438
2022-05-21 03:00:00,3.031
2022-05-21 04:00:00,3.915
2022-05-21 05:00:00,5.259
2022-05-21 06:00:00,4.367
2022-05-21 07:00:00,2.324
2022-05-21 08:00:00,3.213
2022-05-21 09:00:00,2.396
2022-05-21 10:00:00,0.726
2022-05-21 11:00:00,1.227
2022-05-21 12:00:00,2.438
2022-05-21 13:00:00,3.157
2022-05-21 14:00:00,3.349
2022-05-21 15:00:00,3.615
2022-05-21 16:00:00,4.242
2022-05-21 17:00:00,5.306
2022-05-21 18:00:00,6.719
2022-05-21 19:00:00,9.024
2022-05-21 20:00:00,10.217
2022-05-21 21:00:00,9.317
2022-05-21 22:00:00,7.497
2022-05-21 23:00:00,5.086
2022-05-22 00:00:00,3.099
2022-05-22 01:00:00,2.363
2022-05-22 02:00:00,2.123
2022-05-22 03:00:00,2.431
2022-05-22 04:00:00,3.32
2022-05-22 05:00:00,4.53
2022-05-22 06:00:00,3.45
2022-05-22 07:00:00,3.149
2022-05-22 08:00:00,1.983
2022-05-22 09:00:00,0.631
2022-05-22 10:00:00,0.334
2022-05-22 11:00:00,0.493
2022-05-22 12:00:00,0.634
2022-05-22 13:00:00,0.753
2022-05-22 14:00:00,1.133
2022-05-22 15:00:00,1.671
2022-05-22 16:00:00,2.509
2022-05-22 17:00:00,2.134
2022-05-22 18:00:00,1.783
2022-05-22 19:00:00,1.638
2022-05-22 20:00:00,1.591
2022-05-22 21:00:00,0.5640000000000001
2022-05-22 22:00:00,0.002
2022-05-22 23:00:00,1.183
2022-05-23 00:00:00,2.234
2022-05-23 01:00:00,0.995
2022-05-23 02:00:00,1.256
2022-05-23 03:00:00,2.062
2022-05-23 04:00:00,2.273
2022-05-23 05:00:00,1.92
2022-05-23 06:00:00,0.738
2022-05-23 07:00:00,0.717
2022-05-23 08:00:00,0.541
2022-05-23 09:00:00,0.113
2022-05-23 10:00:00,0.032
2022-05-23 11:00:00,0.066
2022-05-23 12:00:00,0.275
2022-05-23 13:00:00,0.748
2022-05-23 14:00:00,1.289
2022-05-23 15:00:00,1.78
2022-05-23 16:00:00,2.088
2022-05-23 17:00:00,2.188
2022-05-23 18:00:00,1.942
2022-05-23 19:00:00,2.59
2022-05-23 20:00:00,5.835
2022-05-23 21:00:00,10.169
2022-05-23 22:00:00,11.853
2022-05-23 23:00:00,12.481
2022-05-24 00:00:00,11.873
2022-05-24 01:00:00,9.473
2022-05-24 02:00:00,7.669
2022-05-24 03:00:00,5.522
2022-05-24 04:00:00,3.414
2022-05-24 05:00:00,2.296
2022-05-24 06:00:00,2.549
2022-05-24 07:00:00,4.193
2022-05-24 08:00:00,5.5
2022-05-24 09:00:00,5.747
2022-05-24 10:00:00,6.176
2022-05-24 11:00:00,6.755
2022-05-24 12:00:00,6.719
2022-05-24 13:00:00,7.032
2022-05-24 14:00:00,7.303
2022-05-24 15:00:00,7.615
2022-05-24 16:00:00,9.483
2022-05-24 17:00:00,11.69
2022-05-24 18:00:00,12.158
2022-05-24 19:00:00,10.934
2022-05-24 20:00:00,8.09
2022-05-24 21:00:00,4.781
2022-05-24 22:00:00,2.848
2022-05-24 23:00:00,3.087
2022-05-25 00:00:00,4.67
2022-05-25 01:00:00,4.921
2022-05-25 02:00:00,4.824
2022-05-25 03:00:00,5.028
2022-05-25 04:00:00,6.882
2022-05-25 05:00:00,6.845
2022-05-25 06:00:00,5.658
2022-05-25 07:00:00,8.019
2022-05-25 08:00:00,10.881
2022-05-25 09:00:00,11.178
2022-05-25 10:00:00,11.388
2022-05-25 11:00:00,12.065
2022-05-25 12:00:00,12.596
2022-05-25 13:00:00,12.718
2022-05-25 14:00:00,12.62
2022-05-25 15:00:00,12.291
2022-05-25 16:00:00,11.72
2022-05-25 17:00:00,11.277
2022-05-25 18:00:00,10.002
2022-05-25 19:00:00,9.082
2022-05-25 20:00:00,9.325
2022-05-25 21:00:00,9.824
2022-05-25 22:00:00,10.73
2022-05-25 23:00:00,10.698
2022-05-26 00:00:00,10.516
2022-05-26 01:00:00,10.567
2022-05-26 02:00:00,10.429
2022-05-26 03:00:00,10.156
2022-05-26 04:00:00,10.333
2022-05-26 05:00:00,9.403
2022-05-26 06:00:00,5.811
2022-05-26 07:00:00,8.777
2022-05-26 08:00:00,12.226
2022-05-26 09:00:00,12.099
2022-05-26 10:00:00,11.494
2022-05-26 11:00:00,10.675
2022-05-26 12:00:00,9.754
2022-05-26 13:00:00,9.225
2022-05-26 14:00:00,9.031
2022-05-26 15:00:00,8.735
2022-05-26 16:00:00,8.054
2022-05-26 17:00:00,7.441
2022-05-26 18:00:00,6.323
2022-05-26 19:00:00,6.105
2022-05-26 20:00:00,5.284
2022-05-26 21:00:00,3.709
2022-05-26 22:00:00,2.138
2022-05-26 23:00:00,1.163
2022-05-27 00:00:00,0.778
2022-05-27 01:00:00,0.9380000000000001
2022-05-27 02:00:00,1.999
2022-05-27 03:00:00,4.267
2022-05-27 04:00:00,7.33
2022-05-27 05:00:00,8.898
2022-05-27 06:00:00,6.713
2022-05-27 07:00:00,5.702
2022-05-27 08:00:00,8.979
2022-05-27 09:00:00,11.029
2022-05-27 10:00:00,11.639
2022-05-27 11:00:00,12.233
2022-05-27 12:00:00,12.568
2022-05-27 13:00:00,12.517
2022-05-27 14:00:00,12.208
2022-05-27 15:00:00,11.576
2022-05-27 16:00:00,11.092
2022-05-27 17:00:00,11.092
2022-05-27 18:00:00,10.613
2022-05-27 19:00:00,8.717
2022-05-27 20:00:00,7.133
2022-05-27 21:00:00,6.196
2022-05-27 22:00:00,5.341
2022-05-27 23:00:00,4.953
2022-05-28 00:00:00,6.268
2022-05-28 01:00:00,6.399
2022-05-28 02:00:00,5.405
2022-05-28 03:00:00,4.787
2022-05-28 04:00:00,4.049
2022-05-28 05:00:00,2.17
2022-05-28 06:00:00,0.579
2022-05-28 07:00:00,0.283
2022-05-28 08:00:00,0.094
2022-05-28 09:00:00,0.29
2022-05-28 10:00:00,0.601
2022-05-28 11:00:00,0.44
2022-05-28 12:00:00,0.109
2022-05-28 13:00:00,0.037
2022-05-28 14:00:00,0.307
2022-05-28 15:00:00,2.407
2022-05-28 16:00:00,1.612
2022-05-28 17:00:00,0.205
2022-05-28 18:00:00,3.064
2022-05-28 19:00:00,7.196
2022-05-28 20:00:00,8.448
2022-05-28 21:00:00,8.013
2022-05-28 22:00:00,7.42
2022-05-28 23:00:00,4.643
2022-05-29 00:00:00,1.041
2022-05-29 01:00:00,0.052
2022-05-29 02:00:00,1.718
2022-05-29 03:00:00,5.341
2022-05-29 04:00:00,6.316
2022-05-29 05:00:00,7.895
2022-05-29 06:00:00,8.175
2022-05-29 07:00:00,8.089
2022-05-29 08:00:00,8.648
2022-05-29 09:00:00,9.124
2022-05-29 10:00:00,9.754
2022-05-29 11:00:00,11.155
2022-05-29 12:00:00,12.278
2022-05-29 13:00:00,12.708
2022-05-29 14:00:00,12.986
2022-05-29 15:00:00,13.249
2022-05-29 16:00:00,13.22
2022-05-29 17:00:00,13.012
2022-05-29 18:00:00,12.218
2022-05-29 19:00:00,9.234
2022-05-29 20:00:00,7.087
2022-05-29 21:00:00,7.019
2022-05-29 22:00:00,8.461
2022-05-29 23:00:00,8.865
2022-05-30 00:00:00,7.704
2022-05-30 01:00:00,6.813
2022-05-30 02:00:00,6.43
2022-05-30 03:00:00,6.755
2022-05-30 04:00:00,6.809
2022-05-30 05:00:00,5.946
2022-05-30 06:00:00,8.566
2022-05-30 07:00:00,11.826
2022-05-30 08:00:00,12.278
2022-05-30 09:00:00,12.139
2022-05-30 10:00:00,12.001
2022-05-30 11:00:00,12.192
2022-05-30 12:00:00,12.596
2022-05-30 13:00:00,12.811
2022-05-30 14:00:00,12.843
2022-05-30 15:00:00,12.729
2022-05-30 16:00:00,12.38
2022-05-30 17:00:00,11.189
2022-05-30 18:00:00,8.24
2022-05-30 19:00:00,4.908
2022-05-30 20:00:00,3.282
2022-05-30 21:00:00,1.981
2022-05-30 22:00:00,1.066
2022-05-30 23:00:00,0.928
2022-05-31 00:00:00,1.268
2022-05-31 01:00:00,1.772
2022-05-31 02:00:00,2.086
2022-05-31 03:00:00,2.612
2022-05-31 04:00:00,3.379
2022-05-31 05:00:00,3.471
2022-05-31 06:00:00,1.648
2022-05-31 07:00:00,2.942
2022-05-31 08:00:00,3.452
2022-05-31 09:00:00,3.515
2022-05-31 10:00:00,3.272
2022-05-31 11:00:00,2.82
2022-05-31 12:00:00,2.605
2022-05-31 13:00:00,2.711
2022-05-31 14:00:00,3.11
2022-05-31 15:00:00,3.64
2022-05-31 16:00:00,4.225
2022-05-31 17:00:00,4.557
2022-05-31 18:00:00,3.626
2022-05-31 19:00:00,1.978
2022-05-31 20:00:00,0.834
2022-05-31 21:00:00,1.172
2022-05-31 22:00:00,2.953
2022-05-31 23:00:00,5.341
2022-06-01 00:00:00,6.874
2022-06-01 01:00:00,7.34
2022-06-01 02:00:00,7.33
2022-06-01 03:00:00,7.366
2022-06-01 04:00:00,7.807
2022-06-01 05:00:00,8.295
2022-06-01 06:00:00,5.813
2022-06-01 07:00:00,6.441
2022-06-01 08:00:00,11.311
2022-06-01 09:00:00,12.362
2022-06-01 10:00:00,12.8
2022-06-01 11:00:00,12.947
2022-06-01 12:00:00,13.022
2022-06-01 13:00:00,13.131
2022-06-01 14:00:00,13.153
2022-06-01 15:00:00,13.157
2022-06-01 16:00:00,12.992
2022-06-01 17:00:00,12.548
2022-06-01 18:00:00,10.881
2022-06-01 19:00:00,9.235
2022-06-01 20:00:00,8.037
2022-06-01 21:00:00,6.002
2022-06-01 22:00:00,3.123
2022-06-01 23:00:00,0.8270000000000001
2022-06-02 00:00:00,0.044
2022-06-02 01:00:00,0.0
2022-06-02 02:00:00,0.088
2022-06-02 03:00:00,0.646
2022-06-02 04:00:00,0.839
2022-06-02 05:00:00,0.594
2022-06-02 06:00:00,0.245
2022-06-02 07:00:00,0.084
2022-06-02 08:00:00,0.414
2022-06-02 09:00:00,1.426
2022-06-02 10:00:00,3.043
2022-06-02 11:00:00,5.142
2022-06-02 12:00:00,7.28
2022-06-02 13:00:00,8.93
2022-06-02 14:00:00,9.155
2022-06-02 15:00:00,8.708
2022-06-02 16:00:00,8.257
2022-06-02 17:00:00,7.42
2022-06-02 18:00:00,6.845
2022-06-02 19:00:00,7.577
2022-06-02 20:00:00,8.449
2022-06-02 21:00:00,9.195
2022-06-02 22:00:00,9.88
2022-06-02 23:00:00,11.014
2022-06-03 00:00:00,12.375
2022-06-03 01:00:00,13.045
2022-06-03 02:00:00,13.328
2022-06-03 03:00:00,13.392
2022-06-03 04:00:00,13.52
2022-06-03 05:00:00,13.415
2022-06-03 06:00:00,13.063
2022-06-03 07:00:00,11.804
2022-06-03 08:00:00,11.27
2022-06-03 09:00:00,11.366
2022-06-03 10:00:00,10.002
2022-06-03 11:00:00,9.162
2022-06-03 12:00:00,8.552
2022-06-03 13:00:00,8.193
2022-06-03 14:00:00,8.295
2022-06-03 15:00:00,8.448
2022-06-03 16:00:00,8.175
2022-06-03 17:00:00,5.984
2022-06-03 18:00:00,4.637
2022-06-03 19:00:00,6.142
2022-06-03 20:00:00,8.141
2022-06-03 21:00:00,7.133
2022-06-03 22:00:00,5.534
2022-06-03 23:00:00,4.914
2022-06-04 00:00:00,3.118
2022-06-04 01:00:00,1.435
2022-06-04 02:00:00,0.5670000000000001
2022-06-04 03:00:00,0.07100000000000001
2022-06-04 04:00:00,0.003
2022-06-04 05:00:00,0.163
2022-06-04 06:00:00,0.131
2022-06-04 07:00:00,0.097
2022-06-04 08:00:00,0.349
2022-06-04 09:00:00,0.989
2022-06-04 10:00:00,2.188
2022-06-04 11:00:00,3.192
2022-06-04 12:00:00,3.631
2022-06-04 13:00:00,3.152
2022-06-04 14:00:00,2.037
2022-06-04 15:00:00,1.27
2022-06-04 16:00:00,0.996
2022-06-04 17:00:00,0.607
2022-06-04 18:00:00,0.295
2022-06-04 19:00:00,0.652
2022-06-04 20:00:00,1.556
2022-06-04 21:00:00,2.69
2022-06-04 22:00:00,3.639
2022-06-04 23:00:00,4.637
2022-06-05 00:00:00,5.328
2022-06-05 01:00:00,5.712
2022-06-05 02:00:00,6.679
2022-06-05 03:00:00,8.085
2022-06-05 04:00:00,9.177
2022-06-05 05:00:00,6.958
2022-06-05 06:00:00,5.5
2022-06-05 07:00:00,6.188
2022-06-05 08:00:00,4.274
2022-06-05 09:00:00,2.793
2022-06-05 10:00:00,2.114
2022-06-05 11:00:00,2.132
2022-06-05 12:00:00,2.765
2022-06-05 13:00:00,3.854
2022-06-05 14:00:00,5.219
2022-06-05 15:00:00,6.305
2022-06-05 16:00:00,7.153
2022-06-05 17:00:00,7.841
2022-06-05 18:00:00,8.036
2022-06-05 19:00:00,7.206
2022-06-05 20:00:00,6.632
2022-06-05 21:00:00,7.144
2022-06-05 22:00:00,8.407
2022-06-05 23:00:00,9.2
2022-06-06 00:00:00,9.329
2022-06-06 01:00:00,9.51
2022-06-06 02:00:00,8.998
2022-06-06 03:00:00,9.297
2022-06-06 04:00:00,9.721
2022-06-06 05:00:00,10.333
2022-06-06 06:00:00,11.46
2022-06-06 07:00:00,11.552
2022-06-06 08:00:00,11.284
2022-06-06 09:00:00,10.845
2022-06-06 10:00:00,10.183
2022-06-06 11:00:00,9.384
2022-06-06 12:00:00,8.347
2022-06-06 13:00:00,7.097
2022-06-06 14:00:00,5.948
2022-06-06 15:00:00,5.069
2022-06-06 16:00:00,4.372
2022-06-06 17:00:00,3.639
2022-06-06 18:00:00,2.729
2022-06-06 19:00:00,1.943
2022-06-06 20:00:00,1.404
2022-06-06 21:00:00,0.996
2022-06-06 22:00:00,0.726
2022-06-06 23:00:00,0.452
2022-06-07 00:00:00,0.197
2022-06-07 01:00:00,0.11
2022-06-07 02:00:00,0.177
2022-06-07 03:00:00,0.426
2022-06-07 04:00:00,0.728
2022-06-07 05:00:00,0.903
2022-06-07 06:00:00,0.269
2022-06-07 07:00:00,0.38
2022-06-07 08:00:00,0.429
2022-06-07 09:00:00,0.413
2022-06-07 10:00:00,0.404
2022-06-07 11:00:00,0.504
2022-06-07 12:00:00,0.7020000000000001
2022-06-07 13:00:00,0.794
2022-06-07 14:00:00,0.768
2022-06-07 15:00:00,0.706
2022-06-07 16:00:00,0.67
2022-06-07 17:00:00,0.748
2022-06-07 18:00:00,1.12
2022-06-07 19:00:00,2.171
2022-06-07 20:00:00,2.972
2022-06-07 21:00:00,3.024
2022-06-07 22:00:00,3.046
2022-06-07 23:00:00,3.191
2022-06-08 00:00:00,3.118
2022-06-08 01:00:00,2.639
2022-06-08 02:00:00,1.818
2022-06-08 03:00:00,1.037
2022-06-08 04:00:00,0.483
2022-06-08 05:00:00,0.14
2022-06-08 06:00:00,0.037
2022-06-08 07:00:00,0.094
2022-06-08 08:00:00,0.138
2022-06-08 09:00:00,0.105
2022-06-08 10:00:00,0.036
2022-06-08 11:00:00,0.028
2022-06-08 12:00:00,0.053
2022-06-08 13:00:00,0.153
2022-06-08 14:00:00,0.352
2022-06-08 15:00:00,0.547
2022-06-08 16:00:00,0.58
2022-06-08 17:00:00,0.53
2022-06-08 18:00:00,0.478
2022-06-08 19:00:00,0.529
2022-06-08 20:00:00,0.764
2022-06-08 21:00:00,1.163
2022-06-08 22:00:00,1.704
2022-06-08 23:00:00,1.93
2022-06-09 00:00:00,1.521
2022-06-09 01:00:00,0.984
2022-06-09 02:00:00,0.51
2022-06-09 03:00:00,0.238
2022-06-09 04:00:00,0.127
2022-06-09 05:00:00,0.115
2022-06-09 06:00:00,0.035
2022-06-09 07:00:00,0.036
2022-06-09 08:00:00,0.161
2022-06-09 09:00:00,0.443
2022-06-09 10:00:00,1.06
2022-06-09 11:00:00,1.7
2022-06-09 12:00:00,1.882
2022-06-09 13:00:00,1.755
2022-06-09 14:00:00,1.289
2022-06-09 15:00:00,0.652
2022-06-09 16:00:00,0.272
2022-06-09 17:00:00,0.393
2022-06-09 18:00:00,1.099
2022-06-09 19:00:00,2.993
2022-06-09 20:00:00,5.828
2022-06-09 21:00:00,7.253
2022-06-09 22:00:00,7.509
2022-06-09 23:00:00,7.165
2022-06-10 00:00:00,6.804
2022-06-10 01:00:00,6.981
2022-06-10 02:00:00,6.602
2022-06-10 03:00:00,5.759
2022-06-10 04:00:00,4.823
2022-06-10 05:00:00,2.755
2022-06-10 06:00:00,1.207
2022-06-10 07:00:00,1.08
2022-06-10 08:00:00,0.8180000000000001
2022-06-10 09:00:00,0.77
2022-06-10 10:00:00,0.8300000000000001
2022-06-10 11:00:00,1.345
2022-06-10 12:00:00,1.584
2022-06-10 13:00:00,1.52
2022-06-10 14:00:00,1.705
2022-06-10 15:00:00,2.158
2022-06-10 16:00:00,3.061
2022-06-10 17:00:00,5.097
2022-06-10 18:00:00,8.148
2022-06-10 19:00:00,9.983
2022-06-10 20:00:00,10.515
2022-06-10 21:00:00,10.88
2022-06-10 22:00:00,11.05
2022-06-10 23:00:00,11.481
2022-06-11 00:00:00,9.576
2022-06-11 01:00:00,8.092
2022-06-11 02:00:00,8.175
2022-06-11 03:00:00,8.341
2022-06-11 04:00:00,8.249
2022-06-11 05:00:00,7.097
2022-06-11 06:00:00,5.623
2022-06-11 07:00:00,7.097
2022-06-11 08:00:00,8.832
2022-06-11 09:00:00,9.301
2022-06-11 10:00:00,9.65
2022-06-11 11:00:00,10.195
2022-06-11 12:00:00,11.193
2022-06-11 13:00:00,12.347
2022-06-11 14:00:00,12.811
2022-06-11 15:00:00,9.863
2022-06-11 16:00:00,6.809
2022-06-11 17:00:00,7.435
2022-06-11 18:00:00,9.008
2022-06-11 19:00:00,8.792
2022-06-11 20:00:00,8.741
2022-06-11 21:00:00,8.566
2022-06-11 22:00:00,8.141
2022-06-11 23:00:00,8.004
2022-06-12 00:00:00,8.248
2022-06-12 01:00:00,7.259
2022-06-12 02:00:00,6.467
2022-06-12 03:00:00,6.232
2022-06-12 04:00:00,6.07
2022-06-12 05:00:00,5.517
2022-06-12 06:00:00,5.694
2022-06-12 07:00:00,9.754
2022-06-12 08:00:00,10.926
2022-06-12 09:00:00,11.387
2022-06-12 10:00:00,11.794
2022-06-12 11:00:00,11.876
2022-06-12 12:00:00,11.824
2022-06-12 13:00:00,11.875
2022-06-12 14:00:00,11.935
2022-06-12 15:00:00,11.677
2022-06-12 16:00:00,10.964
2022-06-12 17:00:00,9.939
2022-06-12 18:00:00,8.953
2022-06-12 19:00:00,7.783
2022-06-12 20:00:00,7.765
2022-06-12 21:00:00,7.901
2022-06-12 22:00:00,8.039
2022-06-12 23:00:00,7.544
2022-06-13 00:00:00,7.74
2022-06-13 01:00:00,6.847
2022-06-13 02:00:00,6.647
2022-06-13 03:00:00,6.43
2022-06-13 04:00:00,5.909
2022-06-13 05:00:00,4.145
2022-06-13 06:00:00,4.676
2022-06-13 07:00:00,5.445
2022-06-13 08:00:00,4.826000000000001
2022-06-13 09:00:00,3.851
2022-06-13 10:00:00,2.835
2022-06-13 11:00:00,2.288
2022-06-13 12:00:00,2.116
2022-06-13 13:00:00,2.26
2022-06-13 14:00:00,2.663
2022-06-13 15:00:00,3.262
2022-06-13 16:00:00,3.691
2022-06-13 17:00:00,3.249
2022-06-13 18:00:00,2.11
2022-06-13 19:00:00,1.112
2022-06-13 20:00:00,0.866
2022-06-13 21:00:00,0.884
2022-06-13 22:00:00,0.929
2022-06-13 23:00:00,0.883
2022-06-14 00:00:00,0.8180000000000001
2022-06-14 01:00:00,0.812
2022-06-14 02:00:00,0.9420000000000001
2022-06-14 03:00:00,1.267
2022-06-14 04:00:00,1.599
2022-06-14 05:00:00,1.149
2022-06-14 06:00:00,0.5730000000000001
2022-06-14 07:00:00,0.621
2022-06-14 08:00:00,0.535
2022-06-14 09:00:00,0.185
2022-06-14 10:00:00,0.033
2022-06-14 11:00:00,0.004
2022-06-14 12:00:00,0.0
2022-06-14 13:00:00,0.0
2022-06-14 14:00:00,0.0
2022-06-14 15:00:00,0.0
2022-06-14 16:00:00,0.0
2022-06-14 17:00:00,0.0
2022-06-14 18:00:00,0.002
2022-06-14 19:00:00,0.03
2022-06-14 20:00:00,0.238
2022-06-14 21:00:00,0.644
2022-06-14 22:00:00,1.116
2022-06-14 23:00:00,1.397
2022-06-15 00:00:00,1.264
2022-06-15 01:00:00,1.077
2022-06-15 02:00:00,0.8260000000000001
2022-06-15 03:00:00,0.617
2022-06-15 04:00:00,0.591
2022-06-15 05:00:00,0.615
2022-06-15 06:00:00,0.44
2022-06-15 07:00:00,0.728
2022-06-15 08:00:00,0.9570000000000001
2022-06-15 09:00:00,1.146
2022-06-15 10:00:00,1.208
2022-06-15 11:00:00,1.207
2022-06-15 12:00:00,1.134
2022-06-15 13:00:00,1.246
2022-06-15 14:00:00,1.577
2022-06-15 15:00:00,1.964
2022-06-15 16:00:00,2.204
2022-06-15 17:00:00,2.236
2022-06-15 18:00:00,1.722
2022-06-15 19:00:00,1.192
2022-06-15 20:00:00,0.589
2022-06-15 21:00:00,0.152
2022-06-15 22:00:00,0.011
2022-06-15 23:00:00,0.009000000000000001
2022-06-16 00:00:00,0.085
2022-06-16 01:00:00,0.673
2022-06-16 02:00:00,1.997
2022-06-16 03:00:00,3.494
2022-06-16 04:00:00,4.603
2022-06-16 05:00:00,4.674
2022-06-16 06:00:00,2.109
2022-06-16 07:00:00,0.758
2022-06-16 08:00:00,0.5740000000000001
2022-06-16 09:00:00,0.395
2022-06-16 10:00:00,0.323
2022-06-16 11:00:00,0.266
2022-06-16 12:00:00,0.233
2022-06-16 13:00:00,0.402
2022-06-16 14:00:00,0.664
2022-06-16 15:00:00,0.93
2022-06-16 16:00:00,1.055
2022-06-16 17:00:00,0.5690000000000001
2022-06-16 18:00:00,0.035
2022-06-16 19:00:00,0.038
2022-06-16 20:00:00,0.903
2022-06-16 21:00:00,2.417
2022-06-16 22:00:00,2.755
2022-06-16 23:00:00,2.179
2022-06-17 00:00:00,2.09
2022-06-17 01:00:00,2.149
2022-06-17 02:00:00,1.767
2022-06-17 03:00:00,1.272
2022-06-17 04:00:00,1.353
2022-06-17 05:00:00,1.916
2022-06-17 06:00:00,1.435
2022-06-17 07:00:00,0.9390000000000001
2022-06-17 08:00:00,1.187
2022-06-17 09:00:00,1.191
2022-06-17 10:00:00,0.737
2022-06-17 11:00:00,0.324
2022-06-17 12:00:00,0.188
2022-06-17 13:00:00,0.131
2022-06-17 14:00:00,0.069
2022-06-17 15:00:00,0.008
2022-06-17 16:00:00,0.0
2022-06-17 17:00:00,0.033
2022-06-17 18:00:00,1.7
2022-06-17 19:00:00,4.078
2022-06-17 20:00:00,4.906
2022-06-17 21:00:00,4.302
2022-06-17 22:00:00,3.743
2022-06-17 23:00:00,3.24
2022-06-18 00:00:00,2.664
2022-06-18 01:00:00,1.854
2022-06-18 02:00:00,1.061
2022-06-18 03:00:00,0.475
2022-06-18 04:00:00,0.141
2022-06-18 05:00:00,0.007
2022-06-18 06:00:00,0.008
2022-06-18 07:00:00,0.297
2022-06-18 08:00:00,0.426
2022-06-18 09:00:00,0.165
2022-06-18 10:00:00,0.055
2022-06-18 11:00:00,0.024
2022-06-18 12:00:00,0.002
2022-06-18 13:00:00,0.0
2022-06-18 14:00:00,0.0
2022-06-18 15:00:00,0.0
2022-06-18 16:00:00,0.009000000000000001
2022-06-18 17:00:00,0.052
2022-06-18 18:00:00,0.48
2022-06-18 19:00:00,1.815
2022-06-18 20:00:00,2.851
2022-06-18 21:00:00,3.37
2022-06-18 22:00:00,4.686
2022-06-18 23:00:00,6.298
2022-06-19 00:00:00,6.344
2022-06-19 01:00:00,5.216
2022-06-19 02:00:00,4.518
2022-06-19 03:00:00,4.173
2022-06-19 04:00:00,3.929
2022-06-19 05:00:00,2.755
2022-06-19 06:00:00,1.19
2022-06-19 07:00:00,1.224
2022-06-19 08:00:00,0.707
2022-06-19 09:00:00,0.434
2022-06-19 10:00:00,0.324
2022-06-19 11:00:00,0.368
2022-06-19 12:00:00,0.6920000000000001
2022-06-19 13:00:00,1.577
2022-06-19 14:00:00,2.896
2022-06-19 15:00:00,2.292
2022-06-19 16:00:00,1.613
2022-06-19 17:00:00,2.489
2022-06-19 18:00:00,5.376
2022-06-19 19:00:00,9.827
2022-06-19 20:00:00,11.721
2022-06-19 21:00:00,11.642
2022-06-19 22:00:00,11.262
2022-06-19 23:00:00,10.771
2022-06-20 00:00:00,10.497
2022-06-20 01:00:00,10.733
2022-06-20 02:00:00,10.49
2022-06-20 03:00:00,9.147
2022-06-20 04:00:00,8.295
2022-06-20 05:00:00,5.292
2022-06-20 06:00:00,3.242
2022-06-20 07:00:00,4.55
2022-06-20 08:00:00,7.874
2022-06-20 09:00:00,9.482
2022-06-20 10:00:00,10.713
2022-06-20 11:00:00,11.878
2022-06-20 12:00:00,12.828
2022-06-20 13:00:00,13.153
2022-06-20 14:00:00,13.215
2022-06-20 15:00:00,13.059
2022-06-20 16:00:00,12.593
2022-06-20 17:00:00,11.366
2022-06-20 18:00:00,8.658
2022-06-20 19:00:00,7.033
2022-06-20 20:00:00,6.268
2022-06-20 21:00:00,4.956
2022-06-20 22:00:00,3.556
2022-06-20 23:00:00,1.983
2022-06-21 00:00:00,0.675
2022-06-21 01:00:00,0.119
2022-06-21 02:00:00,0.029
2022-06-21 03:00:00,0.0
2022-06-21 04:00:00,0.166
2022-06-21 05:00:00,0.8180000000000001
2022-06-21 06:00:00,2.227
2022-06-21 07:00:00,2.914
2022-06-21 08:00:00,1.032
2022-06-21 09:00:00,0.327
2022-06-21 10:00:00,0.106
2022-06-21 11:00:00,0.005
2022-06-21 12:00:00,0.0
2022-06-21 13:00:00,0.0
2022-06-21 14:00:00,0.015
2022-06-21 15:00:00,0.189
2022-06-21 16:00:00,0.145
2022-06-21 17:00:00,0.711
2022-06-21 18:00:00,1.267
2022-06-21 19:00:00,0.9520000000000001
2022-06-21 20:00:00,0.436
2022-06-21 21:00:00,0.338
2022-06-21 22:00:00,0.218
2022-06-21 23:00:00,0.935
2022-06-22 00:00:00,3.109
2022-06-22 01:00:00,4.442
2022-06-22 02:00:00,4.119
2022-06-22 03:00:00,3.827
2022-06-22 04:00:00,4.525
2022-06-22 05:00:00,3.426
2022-06-22 06:00:00,1.019
2022-06-22 07:00:00,0.262
2022-06-22 08:00:00,0.029
2022-06-22 09:00:00,0.006
2022-06-22 10:00:00,0.022
2022-06-22 11:00:00,0.148
2022-06-22 12:00:00,0.456
2022-06-22 13:00:00,0.781
2022-06-22 14:00:00,1.02
2022-06-22 15:00:00,1.2
2022-06-22 16:00:00,1.202
2022-06-22 17:00:00,0.87
2022-06-22 18:00:00,0.38
2022-06-22 19:00:00,0.6970000000000001
2022-06-22 20:00:00,1.861
2022-06-22 21:00:00,3.492
2022-06-22 22:00:00,5.499
2022-06-22 23:00:00,6.013
2022-06-23 00:00:00,5.845
2022-06-23 01:00:00,5.973
2022-06-23 02:00:00,6.539
2022-06-23 03:00:00,7.391
2022-06-23 04:00:00,8.14
2022-06-23 05:00:00,7.312
2022-06-23 06:00:00,5.415
2022-06-23 07:00:00,10.715
2022-06-23 08:00:00,11.99
2022-06-23 09:00:00,10.885
2022-06-23 10:00:00,9.83
2022-06-23 11:00:00,9.47
2022-06-23 12:00:00,9.754
2022-06-23 13:00:00,10.338
2022-06-23 14:00:00,10.936
2022-06-23 15:00:00,11.001
2022-06-23 16:00:00,10.881
2022-06-23 17:00:00,11.031
2022-06-23 18:00:00,10.945
2022-06-23 19:00:00,10.453
2022-06-23 20:00:00,9.997
2022-06-23 21:00:00,8.579
2022-06-23 22:00:00,8.517
2022-06-23 23:00:00,8.781
2022-06-24 00:00:00,9.298
2022-06-24 01:00:00,9.328
2022-06-24 02:00:00,9.442
2022-06-24 03:00:00,9.932
2022-06-24 04:00:00,10.333
2022-06-24 05:00:00,9.754
2022-06-24 06:00:00,8.782
2022-06-24 07:00:00,12.449
2022-06-24 08:00:00,12.751
2022-06-24 09:00:00,12.3
2022-06-24 10:00:00,11.753
2022-06-24 11:00:00,11.529
2022-06-24 12:00:00,11.557
2022-06-24 13:00:00,11.659
2022-06-24 14:00:00,11.552
2022-06-24 15:00:00,11.269
2022-06-24 16:00:00,10.88
2022-06-24 17:00:00,9.625
2022-06-24 18:00:00,5.661
2022-06-24 19:00:00,2.274
2022-06-24 20:00:00,0.434
2022-06-24 21:00:00,0.256
2022-06-24 22:00:00,1.064
2022-06-24 23:00:00,2.949
2022-06-25 00:00:00,5.193
2022-06-25 01:00:00,6.039
2022-06-25 02:00:00,6.039
2022-06-25 03:00:00,5.219
2022-06-25 04:00:00,6.43
2022-06-25 05:00:00,7.577
2022-06-25 06:00:00,7.802
2022-06-25 07:00:00,9.168
2022-06-25 08:00:00,9.008
2022-06-25 09:00:00,8.317
2022-06-25 10:00:00,7.747
2022-06-25 11:00:00,7.544
2022-06-25 12:00:00,7.491
2022-06-25 13:00:00,7.544
2022-06-25 14:00:00,7.739
2022-06-25 15:00:00,7.626
2022-06-25 16:00:00,7.037
2022-06-25 17:00:00,6.276
2022-06-25 18:00:00,4.78
2022-06-25 19:00:00,3.408
2022-06-25 20:00:00,2.625
2022-06-25 21:00:00,2.098
2022-06-25 22:00:00,2.088
2022-06-25 23:00:00,2.197
2022-06-26 00:00:00,1.93
2022-06-26 01:00:00,1.167
2022-06-26 02:00:00,0.324
2022-06-26 03:00:00,0.021
2022-06-26 04:00:00,0.005
2022-06-26 05:00:00,0.036
2022-06-26 06:00:00,0.002
2022-06-26 07:00:00,0.103
2022-06-26 08:00:00,0.077
2022-06-26 09:00:00,0.031
2022-06-26 10:00:00,0.024
2022-06-26 11:00:00,0.016
2022-06-26 12:00:00,0.005
2022-06-26 13:00:00,0.003
2022-06-26 14:00:00,0.019
2022-06-26 15:00:00,0.102
2022-06-26 16:00:00,0.45
2022-06-26 17:00:00,1.433
2022-06-26 18:00:00,3.511
2022-06-26 19:00:00,7.202
2022-06-26 20:00:00,8.717
2022-06-26 21:00:00,7.507
2022-06-26 22:00:00,6.924
2022-06-26 23:00:00,6.563
2022-06-27 00:00:00,5.834
2022-06-27 01:00:00,4.654
2022-06-27 02:00:00,3.585
2022-06-27 03:00:00,2.785
2022-06-27 04:00:00,2.117
2022-06-27 05:00:00,1.321
2022-06-27 06:00:00,0.521
2022-06-27 07:00:00,0.556
2022-06-27 08:00:00,1.508
2022-06-27 09:00:00,2.292
2022-06-27 10:00:00,2.48
2022-06-27 11:00:00,2.281
2022-06-27 12:00:00,2.27
2022-06-27 13:00:00,2.55
2022-06-27 14:00:00,2.734
2022-06-27 15:00:00,2.34
2022-06-27 16:00:00,1.556
2022-06-27 17:00:00,0.8150000000000001
2022-06-27 18:00:00,0.379
2022-06-27 19:00:00,0.469
2022-06-27 20:00:00,0.778
2022-06-27 21:00:00,0.89
2022-06-27 22:00:00,1.095
2022-06-27 23:00:00,1.842
2022-06-28 00:00:00,2.471
2022-06-28 01:00:00,2.729
2022-06-28 02:00:00,2.476
2022-06-28 03:00:00,2.133
2022-06-28 04:00:00,1.764
2022-06-28 05:00:00,1.143
2022-06-28 06:00:00,0.726
2022-06-28 07:00:00,0.8160000000000001
2022-06-28 08:00:00,0.668
2022-06-28 09:00:00,0.838
2022-06-28 10:00:00,1.194
2022-06-28 11:00:00,1.407
2022-06-28 12:00:00,1.931
2022-06-28 13:00:00,2.755
2022-06-28 14:00:00,3.476
2022-06-28 15:00:00,3.799
2022-06-28 16:00:00,3.859
2022-06-28 17:00:00,3.536
2022-06-28 18:00:00,2.474
2022-06-28 19:00:00,1.911
2022-06-28 20:00:00,1.199
2022-06-28 21:00:00,0.638
2022-06-28 22:00:00,0.48
2022-06-28 23:00:00,0.5760000000000001
2022-06-29 00:00:00,0.901
2022-06-29 01:00:00,1.338
2022-06-29 02:00:00,1.533
2022-06-29 03:00:00,1.368
2022-06-29 04:00:00,0.918
2022-06-29 05:00:00,0.472
2022-06-29 06:00:00,0.084
2022-06-29 07:00:00,0.015
2022-06-29 08:00:00,0.52
2022-06-29 09:00:00,1.151
2022-06-29 10:00:00,1.481
2022-06-29 11:00:00,1.513
2022-06-29 12:00:00,1.402
2022-06-29 13:00:00,1.184
2022-06-29 14:00:00,0.925
2022-06-29 15:00:00,0.674
2022-06-29 16:00:00,0.517
2022-06-29 17:00:00,0.484
2022-06-29 18:00:00,0.735
2022-06-29 19:00:00,1.554
2022-06-29 20:00:00,2.909
2022-06-29 21:00:00,3.498
2022-06-29 22:00:00,3.369
2022-06-29 23:00:00,2.76
2022-06-30 00:00:00,2.455
2022-06-30 01:00:00,2.488
2022-06-30 02:00:00,2.488
2022-06-30 03:00:00,2.488
2022-06-30 04:00:00,2.373
2022-06-30 05:00:00,1.649
2022-06-30 06:00:00,0.357
2022-06-30 07:00:00,0.0
2022-06-30 08:00:00,0.025
2022-06-30 09:00:00,0.139
2022-06-30 10:00:00,0.395
2022-06-30 11:00:00,0.719
2022-06-30 12:00:00,0.833
2022-06-30 13:00:00,0.78
2022-06-30 14:00:00,0.757
2022-06-30 15:00:00,0.733
2022-06-30 16:00:00,0.781
2022-06-30 17:00:00,1.074
2022-06-30 18:00:00,1.94
2022-06-30 19:00:00,3.752
2022-06-30 20:00:00,5.501
2022-06-30 21:00:00,6.12
2022-06-30 22:00:00,6.322
2022-06-30 23:00:00,6.195
2022-07-01 00:00:00,5.6
2022-07-01 01:00:00,4.823
2022-07-01 02:00:00,4.125
2022-07-01 03:00:00,3.646
2022-07-01 04:00:00,3.192
2022-07-01 05:00:00,1.963
2022-07-01 06:00:00,0.522
2022-07-01 07:00:00,0.202
2022-07-01 08:00:00,0.029
2022-07-01 09:00:00,0.13
2022-07-01 10:00:00,0.31
2022-07-01 11:00:00,0.4
2022-07-01 12:00:00,0.455
2022-07-01 13:00:00,0.577
2022-07-01 14:00:00,0.759
2022-07-01 15:00:00,1.088
2022-07-01 16:00:00,1.532
2022-07-01 17:00:00,2.267
2022-07-01 18:00:00,3.691
2022-07-01 19:00:00,5.363
2022-07-01 20:00:00,5.98
2022-07-01 21:00:00,5.218
2022-07-01 22:00:00,4.858
2022-07-01 23:00:00,4.568
2022-07-02 00:00:00,4.267
2022-07-02 01:00:00,4.049
2022-07-02 02:00:00,4.024
2022-07-02 03:00:00,4.225
2022-07-02 04:00:00,4.539
2022-07-02 05:00:00,3.299
2022-07-02 06:00:00,1.305
2022-07-02 07:00:00,0.984
2022-07-02 08:00:00,0.238
2022-07-02 09:00:00,0.015
2022-07-02 10:00:00,0.006
2022-07-02 11:00:00,0.009000000000000001
2022-07-02 12:00:00,0.024
2022-07-02 13:00:00,0.119
2022-07-02 14:00:00,0.374
2022-07-02 15:00:00,0.758
2022-07-02 16:00:00,1.264
2022-07-02 17:00:00,1.983
2022-07-02 18:00:00,3.019
2022-07-02 19:00:00,5.908
2022-07-02 20:00:00,8.567
2022-07-02 21:00:00,9.123
2022-07-02 22:00:00,8.759
2022-07-02 23:00:00,8.427
2022-07-03 00:00:00,8.358
2022-07-03 01:00:00,8.46
2022-07-03 02:00:00,8.533
2022-07-03 03:00:00,8.621
2022-07-03 04:00:00,8.605
2022-07-03 05:00:00,7.158
2022-07-03 06:00:00,5.128
2022-07-03 07:00:00,5.095
2022-07-03 08:00:00,2.909
2022-07-03 09:00:00,1.017
2022-07-03 10:00:00,0.472
2022-07-03 11:00:00,0.5680000000000001
2022-07-03 12:00:00,0.923
2022-07-03 13:00:00,1.282
2022-07-03 14:00:00,1.675
2022-07-03 15:00:00,2.167
2022-07-03 16:00:00,2.535
2022-07-03 17:00:00,2.597
2022-07-03 18:00:00,2.848
2022-07-03 19:00:00,4.261
2022-07-03 20:00:00,5.276
2022-07-03 21:00:00,5.217
2022-07-03 22:00:00,4.145
2022-07-03 23:00:00,3.906
2022-07-04 00:00:00,4.087
2022-07-04 01:00:00,3.857
2022-07-04 02:00:00,3.465
2022-07-04 03:00:00,3.772
2022-07-04 04:00:00,4.949
2022-07-04 05:00:00,4.729
2022-07-04 06:00:00,4.671
2022-07-04 07:00:00,5.689
2022-07-04 08:00:00,5.028
2022-07-04 09:00:00,5.03
2022-07-04 10:00:00,5.748
2022-07-04 11:00:00,6.358
2022-07-04 12:00:00,6.43
2022-07-04 13:00:00,6.118
2022-07-04 14:00:00,5.618
2022-07-04 15:00:00,4.547
2022-07-04 16:00:00,3.192
2022-07-04 17:00:00,1.613
2022-07-04 18:00:00,0.913
2022-07-04 19:00:00,0.73
2022-07-04 20:00:00,0.605
2022-07-04 21:00:00,0.516
2022-07-04 22:00:00,0.534
2022-07-04 23:00:00,0.709
2022-07-05 00:00:00,1.573
2022-07-05 01:00:00,4.334
2022-07-05 02:00:00,7.032
2022-07-05 03:00:00,7.366
2022-07-05 04:00:00,6.329
2022-07-05 05:00:00,4.431
2022-07-05 06:00:00,2.703
2022-07-05 07:00:00,2.487
2022-07-05 08:00:00,0.652
2022-07-05 09:00:00,0.298
2022-07-05 10:00:00,0.592
2022-07-05 11:00:00,0.912
2022-07-05 12:00:00,1.458
2022-07-05 13:00:00,2.902
2022-07-05 14:00:00,5.089
2022-07-05 15:00:00,7.544
2022-07-05 16:00:00,7.966
2022-07-05 17:00:00,4.865
2022-07-05 18:00:00,2.048
2022-07-05 19:00:00,1.208
2022-07-05 20:00:00,0.632
2022-07-05 21:00:00,0.315
2022-07-05 22:00:00,0.156
2022-07-05 23:00:00,0.291
2022-07-06 00:00:00,0.59
2022-07-06 01:00:00,0.601
2022-07-06 02:00:00,0.903
2022-07-06 03:00:00,1.46
2022-07-06 04:00:00,2.207
2022-07-06 05:00:00,2.644
2022-07-06 06:00:00,2.606
2022-07-06 07:00:00,2.463
2022-07-06 08:00:00,1.516
2022-07-06 09:00:00,1.332
2022-07-06 10:00:00,1.798
2022-07-06 11:00:00,2.487
2022-07-06 12:00:00,3.718
2022-07-06 13:00:00,5.483
2022-07-06 14:00:00,7.151
2022-07-06 15:00:00,8.482
2022-07-06 16:00:00,9.028
2022-07-06 17:00:00,8.416
2022-07-06 18:00:00,6.27
2022-07-06 19:00:00,5.097
2022-07-06 20:00:00,3.867
2022-07-06 21:00:00,3.074
2022-07-06 22:00:00,2.901
2022-07-06 23:00:00,3.324
2022-07-07 00:00:00,3.939
2022-07-07 01:00:00,3.829
2022-07-07 02:00:00,3.256
2022-07-07 03:00:00,2.616
2022-07-07 04:00:00,2.338
2022-07-07 05:00:00,2.379
2022-07-07 06:00:00,1.284
2022-07-07 07:00:00,0.577
2022-07-07 08:00:00,1.04
2022-07-07 09:00:00,0.393
2022-07-07 10:00:00,0.049
2022-07-07 11:00:00,0.017
2022-07-07 12:00:00,0.037
2022-07-07 13:00:00,0.192
2022-07-07 14:00:00,0.749
2022-07-07 15:00:00,1.839
2022-07-07 16:00:00,3.722
2022-07-07 17:00:00,6.066
2022-07-07 18:00:00,7.918
2022-07-07 19:00:00,10.458
2022-07-07 20:00:00,10.88
2022-07-07 21:00:00,8.621
2022-07-07 22:00:00,3.691
2022-07-07 23:00:00,2.525
2022-07-08 00:00:00,6.734
2022-07-08 01:00:00,6.932
2022-07-08 02:00:00,4.953
2022-07-08 03:00:00,7.722
2022-07-08 04:00:00,7.804
2022-07-08 05:00:00,7.259
2022-07-08 06:00:00,7.477
2022-07-08 07:00:00,10.479
2022-07-08 08:00:00,11.656
2022-07-08 09:00:00,12.207
2022-07-08 10:00:00,12.399
2022-07-08 11:00:00,12.641
2022-07-08 12:00:00,12.868
2022-07-08 13:00:00,13.08
2022-07-08 14:00:00,13.142
2022-07-08 15:00:00,12.879
2022-07-08 16:00:00,12.162
2022-07-08 17:00:00,10.814
2022-07-08 18:00:00,8.001
2022-07-08 19:00:00,6.118
2022-07-08 20:00:00,5.626
2022-07-08 21:00:00,4.981
2022-07-08 22:00:00,4.441
2022-07-08 23:00:00,4.081
2022-07-09 00:00:00,3.61
2022-07-09 01:00:00,2.817
2022-07-09 02:00:00,2.104
2022-07-09 03:00:00,1.807
2022-07-09 04:00:00,2.227
2022-07-09 05:00:00,2.229
2022-07-09 06:00:00,1.362
2022-07-09 07:00:00,3.616
2022-07-09 08:00:00,5.063
2022-07-09 09:00:00,5.694
2022-07-09 10:00:00,5.711
2022-07-09 11:00:00,5.607
2022-07-09 12:00:00,5.621
2022-07-09 13:00:00,5.748
2022-07-09 14:00:00,5.981
2022-07-09 15:00:00,5.758
2022-07-09 16:00:00,5.499
2022-07-09 17:00:00,3.749
2022-07-09 18:00:00,2.049
2022-07-09 19:00:00,1.165
2022-07-09 20:00:00,0.265
2022-07-09 21:00:00,0.001
2022-07-09 22:00:00,0.0
2022-07-09 23:00:00,0.015
2022-07-10 00:00:00,0.163
2022-07-10 01:00:00,0.311
2022-07-10 02:00:00,0.499
2022-07-10 03:00:00,1.355
2022-07-10 04:00:00,2.721
2022-07-10 05:00:00,3.249
2022-07-10 06:00:00,1.571
2022-07-10 07:00:00,0.624
2022-07-10 08:00:00,0.194
2022-07-10 09:00:00,0.167
2022-07-10 10:00:00,0.322
2022-07-10 11:00:00,0.63
2022-07-10 12:00:00,0.916
2022-07-10 13:00:00,1.011
2022-07-10 14:00:00,0.929
2022-07-10 15:00:00,0.6890000000000001
2022-07-10 16:00:00,0.472
2022-07-10 17:00:00,0.431
2022-07-10 18:00:00,0.654
2022-07-10 19:00:00,1.078
2022-07-10 20:00:00,1.867
2022-07-10 21:00:00,3.41
2022-07-10 22:00:00,4.271
2022-07-10 23:00:00,3.508
2022-07-11 00:00:00,2.317
2022-07-11 01:00:00,1.315
2022-07-11 02:00:00,0.71
2022-07-11 03:00:00,0.494
2022-07-11 04:00:00,0.414
2022-07-11 05:00:00,0.398
2022-07-11 06:00:00,0.143
2022-07-11 07:00:00,0.145
2022-07-11 08:00:00,0.282
2022-07-11 09:00:00,0.388
2022-07-11 10:00:00,0.768
2022-07-11 11:00:00,1.096
2022-07-11 12:00:00,1.145
2022-07-11 13:00:00,1.239
2022-07-11 14:00:00,1.729
2022-07-11 15:00:00,2.524
2022-07-11 16:00:00,3.379
2022-07-11 17:00:00,4.257
2022-07-11 18:00:00,5.383
2022-07-11 19:00:00,6.205
2022-07-11 20:00:00,6.633
2022-07-11 21:00:00,7.259
2022-07-11 22:00:00,8.443
2022-07-11 23:00:00,8.812
2022-07-12 00:00:00,7.499
2022-07-12 01:00:00,6.7
2022-07-12 02:00:00,5.734
2022-07-12 03:00:00,5.12
2022-07-12 04:00:00,4.922
2022-07-12 05:00:00,3.74
2022-07-12 06:00:00,3.321
2022-07-12 07:00:00,5.396
2022-07-12 08:00:00,5.694
2022-07-12 09:00:00,6.694
2022-07-12 10:00:00,8.898
2022-07-12 11:00:00,10.478
2022-07-12 12:00:00,10.795
2022-07-12 13:00:00,10.292
2022-07-12 14:00:00,9.449
2022-07-12 15:00:00,7.916
2022-07-12 16:00:00,6.196
2022-07-12 17:00:00,4.873
2022-07-12 18:00:00,4.11
2022-07-12 19:00:00,4.944
2022-07-12 20:00:00,5.309
2022-07-12 21:00:00,4.789
2022-07-12 22:00:00,4.171
2022-07-12 23:00:00,3.586
2022-07-13 00:00:00,3.22
2022-07-13 01:00:00,3.354
2022-07-13 02:00:00,3.83
2022-07-13 03:00:00,4.328
2022-07-13 04:00:00,4.487
2022-07-13 05:00:00,2.997
2022-07-13 06:00:00,1.284
2022-07-13 07:00:00,1.737
2022-07-13 08:00:00,2.585
2022-07-13 09:00:00,3.363
2022-07-13 10:00:00,3.829
2022-07-13 11:00:00,4.461
2022-07-13 12:00:00,4.71
2022-07-13 13:00:00,4.275
2022-07-13 14:00:00,4.262
2022-07-13 15:00:00,4.789
2022-07-13 16:00:00,5.4
2022-07-13 17:00:00,5.658
2022-07-13 18:00:00,4.934
2022-07-13 19:00:00,4.339
2022-07-13 20:00:00,4.002
2022-07-13 21:00:00,3.499
2022-07-13 22:00:00,3.009
2022-07-13 23:00:00,2.948
2022-07-14 00:00:00,3.389
2022-07-14 01:00:00,4.372
2022-07-14 02:00:00,5.535
2022-07-14 03:00:00,6.505
2022-07-14 04:00:00,7.032
2022-07-14 05:00:00,6.105
2022-07-14 06:00:00,4.081
2022-07-14 07:00:00,7.436
2022-07-14 08:00:00,8.474
2022-07-14 09:00:00,8.14
2022-07-14 10:00:00,8.247
2022-07-14 11:00:00,8.774000000000001
2022-07-14 12:00:00,9.191
2022-07-14 13:00:00,9.544
2022-07-14 14:00:00,9.65
2022-07-14 15:00:00,9.62
2022-07-14 16:00:00,9.514
2022-07-14 17:00:00,8.993
2022-07-14 18:00:00,7.699
2022-07-14 19:00:00,7.435
2022-07-14 20:00:00,7.259
2022-07-14 21:00:00,6.581
2022-07-14 22:00:00,5.641
2022-07-14 23:00:00,4.4
2022-07-15 00:00:00,3.586
2022-07-15 01:00:00,3.339
2022-07-15 02:00:00,3.047
2022-07-15 03:00:00,3.248
2022-07-15 04:00:00,4.405
2022-07-15 05:00:00,3.939
2022-07-15 06:00:00,3.566
2022-07-15 07:00:00,8.689
2022-07-15 08:00:00,9.831
2022-07-15 09:00:00,9.458
2022-07-15 10:00:00,8.981
2022-07-15 11:00:00,8.717
2022-07-15 12:00:00,8.295
2022-07-15 13:00:00,7.902
2022-07-15 14:00:00,7.455
2022-07-15 15:00:00,6.732
2022-07-15 16:00:00,5.868
2022-07-15 17:00:00,4.914
2022-07-15 18:00:00,3.359
2022-07-15 19:00:00,2.499
2022-07-15 20:00:00,1.867
2022-07-15 21:00:00,1.461
2022-07-15 22:00:00,1.639
2022-07-15 23:00:00,2.192
2022-07-16 00:00:00,2.664
2022-07-16 01:00:00,2.538
2022-07-16 02:00:00,1.952
2022-07-16 03:00:00,1.345
2022-07-16 04:00:00,1.143
2022-07-16 05:00:00,0.9380000000000001
2022-07-16 06:00:00,0.43
2022-07-16 07:00:00,0.195
2022-07-16 08:00:00,0.277
2022-07-16 09:00:00,0.332
2022-07-16 10:00:00,0.188
2022-07-16 11:00:00,0.089
2022-07-16 12:00:00,0.191
2022-07-16 13:00:00,0.45
2022-07-16 14:00:00,0.488
2022-07-16 15:00:00,0.115
2022-07-16 16:00:00,0.0
2022-07-16 17:00:00,0.001
2022-07-16 18:00:00,1.001
2022-07-16 19:00:00,5.43
2022-07-16 20:00:00,8.448
2022-07-16 21:00:00,8.881
2022-07-16 22:00:00,9.646
2022-07-16 23:00:00,9.338
2022-07-17 00:00:00,7.602
2022-07-17 01:00:00,5.52
2022-07-17 02:00:00,3.073
2022-07-17 03:00:00,1.506
2022-07-17 04:00:00,0.579
2022-07-17 05:00:00,0.296
2022-07-17 06:00:00,0.495
2022-07-17 07:00:00,2.474
2022-07-17 08:00:00,5.754
2022-07-17 09:00:00,7.52
2022-07-17 10:00:00,7.58
2022-07-17 11:00:00,7.463
2022-07-17 12:00:00,7.14
2022-07-17 13:00:00,6.524
2022-07-17 14:00:00,6.22
2022-07-17 15:00:00,6.89
2022-07-17 16:00:00,7.956
2022-07-17 17:00:00,8.412
2022-07-17 18:00:00,7.366
2022-07-17 19:00:00,7.018
2022-07-17 20:00:00,6.63
2022-07-17 21:00:00,5.987
2022-07-17 22:00:00,5.159
2022-07-17 23:00:00,3.754
2022-07-18 00:00:00,3.153
2022-07-18 01:00:00,2.994
2022-07-18 02:00:00,3.4
2022-07-18 03:00:00,3.663
2022-07-18 04:00:00,3.895
2022-07-18 05:00:00,3.511
2022-07-18 06:00:00,4.444
2022-07-18 07:00:00,6.754
2022-07-18 08:00:00,8.626
2022-07-18 09:00:00,8.553
2022-07-18 10:00:00,8.156
2022-07-18 11:00:00,8.175
2022-07-18 12:00:00,8.48
2022-07-18 13:00:00,8.898
2022-07-18 14:00:00,9.199
2022-07-18 15:00:00,9.266
2022-07-18 16:00:00,8.865
2022-07-18 17:00:00,8.011
2022-07-18 18:00:00,6.231
2022-07-18 19:00:00,3.938
2022-07-18 20:00:00,2.627
2022-07-18 21:00:00,1.409
2022-07-18 22:00:00,0.933
2022-07-18 23:00:00,1.237
2022-07-19 00:00:00,2.026
2022-07-19 01:00:00,2.927
2022-07-19 02:00:00,3.722
2022-07-19 03:00:00,4.306
2022-07-19 04:00:00,4.637
2022-07-19 05:00:00,3.324
2022-07-19 06:00:00,2.444
2022-07-19 07:00:00,2.711
2022-07-19 08:00:00,1.673
2022-07-19 09:00:00,0.846
2022-07-19 10:00:00,0.475
2022-07-19 11:00:00,0.406
2022-07-19 12:00:00,0.442
2022-07-19 13:00:00,0.506
2022-07-19 14:00:00,0.659
2022-07-19 15:00:00,0.858
2022-07-19 16:00:00,0.9430000000000001
2022-07-19 17:00:00,0.776
2022-07-19 18:00:00,0.846
2022-07-19 19:00:00,1.614
2022-07-19 20:00:00,2.49
2022-07-19 21:00:00,3.093
2022-07-19 22:00:00,3.431
2022-07-19 23:00:00,3.349
2022-07-20 00:00:00,2.969
2022-07-20 01:00:00,2.525
2022-07-20 02:00:00,2.085
2022-07-20 03:00:00,1.568
2022-07-20 04:00:00,1.117
2022-07-20 05:00:00,0.652
2022-07-20 06:00:00,0.132
2022-07-20 07:00:00,0.013
2022-07-20 08:00:00,0.037
2022-07-20 09:00:00,0.067
2022-07-20 10:00:00,0.081
2022-07-20 11:00:00,0.11
2022-07-20 12:00:00,0.163
2022-07-20 13:00:00,0.278
2022-07-20 14:00:00,0.458
2022-07-20 15:00:00,0.715
2022-07-20 16:00:00,0.966
2022-07-20 17:00:00,1.142
2022-07-20 18:00:00,1.411
2022-07-20 19:00:00,2.041
2022-07-20 20:00:00,2.21
2022-07-20 21:00:00,1.673
2022-07-20 22:00:00,1.224
2022-07-20 23:00:00,1.188
2022-07-21 00:00:00,1.148
2022-07-21 01:00:00,0.774
2022-07-21 02:00:00,0.47
2022-07-21 03:00:00,0.312
2022-07-21 04:00:00,0.11
2022-07-21 05:00:00,0.019
2022-07-21 06:00:00,0.0
2022-07-21 07:00:00,0.001
2022-07-21 08:00:00,0.137
2022-07-21 09:00:00,0.067
2022-07-21 10:00:00,0.048
2022-07-21 11:00:00,0.101
2022-07-21 12:00:00,0.231
2022-07-21 13:00:00,0.347
2022-07-21 14:00:00,0.47
2022-07-21 15:00:00,0.593
2022-07-21 16:00:00,0.758
2022-07-21 17:00:00,1.091
2022-07-21 18:00:00,1.773
2022-07-21 19:00:00,3.212
2022-07-21 20:00:00,4.032
2022-07-21 21:00:00,4.339
2022-07-21 22:00:00,4.759
2022-07-21 23:00:00,4.87
2022-07-22 00:00:00,4.68
2022-07-22 01:00:00,4.386
2022-07-22 02:00:00,4.035
2022-07-22 03:00:00,4.0
2022-07-22 04:00:00,4.487
2022-07-22 05:00:00,4.193
2022-07-22 06:00:00,2.098
2022-07-22 07:00:00,2.246
2022-07-22 08:00:00,1.448
2022-07-22 09:00:00,1.086
2022-07-22 10:00:00,1.036
2022-07-22 11:00:00,1.018
2022-07-22 12:00:00,1.032
2022-07-22 13:00:00,1.275
2022-07-22 14:00:00,2.106
2022-07-22 15:00:00,3.555
2022-07-22 16:00:00,4.302
2022-07-22 17:00:00,3.722
2022-07-22 18:00:00,2.591
2022-07-22 19:00:00,0.996
2022-07-22 20:00:00,0.235
2022-07-22 21:00:00,0.033
2022-07-22 22:00:00,0.049
2022-07-22 23:00:00,0.14
2022-07-23 00:00:00,0.241
2022-07-23 01:00:00,0.336
2022-07-23 02:00:00,0.322
2022-07-23 03:00:00,0.129
2022-07-23 04:00:00,0.04
2022-07-23 05:00:00,0.088
2022-07-23 06:00:00,0.236
2022-07-23 07:00:00,0.672
2022-07-23 08:00:00,0.839
2022-07-23 09:00:00,0.596
2022-07-23 10:00:00,0.263
2022-07-23 11:00:00,0.028
2022-07-23 12:00:00,0.004
2022-07-23 13:00:00,0.004
2022-07-23 14:00:00,0.005
2022-07-23 15:00:00,0.007
2022-07-23 16:00:00,0.004
2022-07-23 17:00:00,0.0
2022-07-23 18:00:00,0.005
2022-07-23 19:00:00,1.375
2022-07-23 20:00:00,4.182
2022-07-23 21:00:00,4.908
2022-07-23 22:00:00,4.352
2022-07-23 23:00:00,3.617
2022-07-24 00:00:00,3.476
2022-07-24 01:00:00,3.918
2022-07-24 02:00:00,4.613
2022-07-24 03:00:00,4.711
2022-07-24 04:00:00,4.225
2022-07-24 05:00:00,3.077
2022-07-24 06:00:00,0.894
2022-07-24 07:00:00,0.114
2022-07-24 08:00:00,0.007
2022-07-24 09:00:00,0.003
2022-07-24 10:00:00,0.005
2022-07-24 11:00:00,0.035
2022-07-24 12:00:00,0.189
2022-07-24 13:00:00,0.418
2022-07-24 14:00:00,0.543
2022-07-24 15:00:00,0.639
2022-07-24 16:00:00,0.873
2022-07-24 17:00:00,1.986
2022-07-24 18:00:00,5.15
2022-07-24 19:00:00,7.744
2022-07-24 20:00:00,8.057
2022-07-24 21:00:00,8.537
2022-07-24 22:00:00,8.356
2022-07-24 23:00:00,9.409
2022-07-25 00:00:00,8.482
2022-07-25 01:00:00,7.813
2022-07-25 02:00:00,8.332
2022-07-25 03:00:00,9.297
2022-07-25 04:00:00,9.272
2022-07-25 05:00:00,8.698
2022-07-25 06:00:00,7.433
2022-07-25 07:00:00,4.914
2022-07-25 08:00:00,3.9
2022-07-25 09:00:00,4.159
2022-07-25 10:00:00,6.044
2022-07-25 11:00:00,7.65
2022-07-25 12:00:00,7.642
2022-07-25 13:00:00,7.955
2022-07-25 14:00:00,9.944
2022-07-25 15:00:00,12.332
2022-07-25 16:00:00,12.507
2022-07-25 17:00:00,11.077
2022-07-25 18:00:00,8.914
2022-07-25 19:00:00,6.922
2022-07-25 20:00:00,6.947
2022-07-25 21:00:00,8.37
2022-07-25 22:00:00,9.028
2022-07-25 23:00:00,9.266
2022-07-26 00:00:00,8.765
2022-07-26 01:00:00,7.77
2022-07-26 02:00:00,7.166
2022-07-26 03:00:00,7.152
2022-07-26 04:00:00,7.872
2022-07-26 05:00:00,7.846
2022-07-26 06:00:00,7.754
2022-07-26 07:00:00,9.914
2022-07-26 08:00:00,5.848
2022-07-26 09:00:00,4.291
2022-07-26 10:00:00,5.772
2022-07-26 11:00:00,7.438
2022-07-26 12:00:00,9.328
2022-07-26 13:00:00,10.653
2022-07-26 14:00:00,10.979
2022-07-26 15:00:00,10.235
2022-07-26 16:00:00,9.143
2022-07-26 17:00:00,8.722
2022-07-26 18:00:00,7.813
2022-07-26 19:00:00,7.457
2022-07-26 20:00:00,7.764
2022-07-26 21:00:00,8.611
2022-07-26 22:00:00,8.331
2022-07-26 23:00:00,7.962
2022-07-27 00:00:00,7.618
2022-07-27 01:00:00,7.485
2022-07-27 02:00:00,6.881
2022-07-27 03:00:00,7.762
2022-07-27 04:00:00,6.769
2022-07-27 05:00:00,4.454
2022-07-27 06:00:00,2.69
2022-07-27 07:00:00,2.11
2022-07-27 08:00:00,0.915
2022-07-27 09:00:00,0.243
2022-07-27 10:00:00,0.272
2022-07-27 11:00:00,0.438
2022-07-27 12:00:00,0.664
2022-07-27 13:00:00,0.683
2022-07-27 14:00:00,1.496
2022-07-27 15:00:00,2.336
2022-07-27 16:00:00,2.996
2022-07-27 17:00:00,3.847
2022-07-27 18:00:00,5.716
2022-07-27 19:00:00,7.133
2022-07-27 20:00:00,6.807
2022-07-27 21:00:00,5.783
2022-07-27 22:00:00,5.394
2022-07-27 23:00:00,5.254
2022-07-28 00:00:00,5.306
2022-07-28 01:00:00,4.424
2022-07-28 02:00:00,3.863
2022-07-28 03:00:00,3.719
2022-07-28 04:00:00,3.645
2022-07-28 05:00:00,3.494
2022-07-28 06:00:00,1.986
2022-07-28 07:00:00,0.875
2022-07-28 08:00:00,0.594
2022-07-28 09:00:00,0.389
2022-07-28 10:00:00,0.208
2022-07-28 11:00:00,0.146
2022-07-28 12:00:00,0.136
2022-07-28 13:00:00,0.151
2022-07-28 14:00:00,0.133
2022-07-28 15:00:00,0.084
2022-07-28 16:00:00,0.083
2022-07-28 17:00:00,0.618
2022-07-28 18:00:00,4.113
2022-07-28 19:00:00,8.378
2022-07-28 20:00:00,8.972
2022-07-28 21:00:00,8.52
2022-07-28 22:00:00,8.08
2022-07-28 23:00:00,7.704
2022-07-29 00:00:00,7.368
2022-07-29 01:00:00,7.133
2022-07-29 02:00:00,7.138
2022-07-29 03:00:00,7.047
2022-07-29 04:00:00,7.349
2022-07-29 05:00:00,7.878
2022-07-29 06:00:00,5.42
2022-07-29 07:00:00,2.805
2022-07-29 08:00:00,4.517
2022-07-29 09:00:00,3.249
2022-07-29 10:00:00,2.383
2022-07-29 11:00:00,2.664
2022-07-29 12:00:00,3.838
2022-07-29 13:00:00,5.57
2022-07-29 14:00:00,6.971
2022-07-29 15:00:00,8.25
2022-07-29 16:00:00,9.649000000000001
2022-07-29 17:00:00,9.914
2022-07-29 18:00:00,8.178
2022-07-29 19:00:00,7.234
2022-07-29 20:00:00,7.499
2022-07-29 21:00:00,7.663
2022-07-29 22:00:00,7.163
2022-07-29 23:00:00,6.638
2022-07-30 00:00:00,6.555
2022-07-30 01:00:00,6.381
2022-07-30 02:00:00,6.971
2022-07-30 03:00:00,7.198
2022-07-30 04:00:00,7.355
2022-07-30 05:00:00,7.704
2022-07-30 06:00:00,6.188
2022-07-30 07:00:00,4.858
2022-07-30 08:00:00,5.375
2022-07-30 09:00:00,5.306
2022-07-30 10:00:00,4.639
2022-07-30 11:00:00,4.001
2022-07-30 12:00:00,4.002
2022-07-30 13:00:00,4.258
2022-07-30 14:00:00,3.872
2022-07-30 15:00:00,2.18
2022-07-30 16:00:00,0.63
2022-07-30 17:00:00,0.393
2022-07-30 18:00:00,1.104
2022-07-30 19:00:00,3.191
2022-07-30 20:00:00,5.453
2022-07-30 21:00:00,7.133
2022-07-30 22:00:00,8.753
2022-07-30 23:00:00,9.824
2022-07-31 00:00:00,10.215
2022-07-31 01:00:00,9.943
2022-07-31 02:00:00,10.246
2022-07-31 03:00:00,10.245
2022-07-31 04:00:00,9.943
2022-07-31 05:00:00,9.155
2022-07-31 06:00:00,7.581
2022-07-31 07:00:00,8.093
2022-07-31 08:00:00,7.83
2022-07-31 09:00:00,5.456
2022-07-31 10:00:00,3.693
2022-07-31 11:00:00,2.664
2022-07-31 12:00:00,2.119
2022-07-31 13:00:00,1.814
2022-07-31 14:00:00,1.656
2022-07-31 15:00:00,1.658
2022-07-31 16:00:00,1.613
2022-07-31 17:00:00,1.413
2022-07-31 18:00:00,1.294
2022-07-31 19:00:00,1.704
2022-07-31 20:00:00,1.848
2022-07-31 21:00:00,1.859
2022-07-31 22:00:00,2.901
2022-07-31 23:00:00,5.097
2022-08-01 00:00:00,5.673
2022-08-01 01:00:00,4.287
2022-08-01 02:00:00,2.94
2022-08-01 03:00:00,2.172
2022-08-01 04:00:00,2.141
2022-08-01 05:00:00,2.314
2022-08-01 06:00:00,1.99
2022-08-01 07:00:00,0.797
2022-08-01 08:00:00,0.149
2022-08-01 09:00:00,0.179
2022-08-01 10:00:00,0.099
2022-08-01 11:00:00,0.012
2022-08-01 12:00:00,0.0
2022-08-01 13:00:00,0.0
2022-08-01 14:00:00,0.0
2022-08-01 15:00:00,0.0
2022-08-01 16:00:00,0.023
2022-08-01 17:00:00,0.405
2022-08-01 18:00:00,2.648
2022-08-01 19:00:00,8.076
2022-08-01 20:00:00,11.217
2022-08-01 21:00:00,11.787
2022-08-01 22:00:00,11.438
2022-08-01 23:00:00,10.341
2022-08-02 00:00:00,9.544
2022-08-02 01:00:00,8.938
2022-08-02 02:00:00,8.295
2022-08-02 03:00:00,7.889
2022-08-02 04:00:00,8.051
2022-08-02 05:00:00,5.965
2022-08-02 06:00:00,2.462
2022-08-02 07:00:00,1.186
2022-08-02 08:00:00,2.401
2022-08-02 09:00:00,1.732
2022-08-02 10:00:00,0.996
2022-08-02 11:00:00,0.9530000000000001
2022-08-02 12:00:00,1.115
2022-08-02 13:00:00,1.181
2022-08-02 14:00:00,1.137
2022-08-02 15:00:00,1.061
2022-08-02 16:00:00,1.01
2022-08-02 17:00:00,0.619
2022-08-02 18:00:00,0.132
2022-08-02 19:00:00,0.256
2022-08-02 20:00:00,1.412
2022-08-02 21:00:00,4.15
2022-08-02 22:00:00,6.016
2022-08-02 23:00:00,5.909
2022-08-03 00:00:00,5.266
2022-08-03 01:00:00,4.753
2022-08-03 02:00:00,4.405
2022-08-03 03:00:00,4.55
2022-08-03 04:00:00,5.104
2022-08-03 05:00:00,4.043
2022-08-03 06:00:00,2.462
2022-08-03 07:00:00,1.148
2022-08-03 08:00:00,0.744
2022-08-03 09:00:00,0.346
2022-08-03 10:00:00,0.317
2022-08-03 11:00:00,0.387
2022-08-03 12:00:00,0.385
2022-08-03 13:00:00,0.275
2022-08-03 14:00:00,0.158
2022-08-03 15:00:00,0.099
2022-08-03 16:00:00,0.068
2022-08-03 17:00:00,0.08
2022-08-03 18:00:00,0.518
2022-08-03 19:00:00,3.452
2022-08-03 20:00:00,7.575
2022-08-03 21:00:00,8.663
2022-08-03 22:00:00,8.235
2022-08-03 23:00:00,7.274
2022-08-04 00:00:00,6.112
2022-08-04 01:00:00,5.22
2022-08-04 02:00:00,4.776
2022-08-04 03:00:00,4.637
2022-08-04 04:00:00,5.108
2022-08-04 05:00:00,5.097
2022-08-04 06:00:00,3.834
2022-08-04 07:00:00,4.454
2022-08-04 08:00:00,8.375
2022-08-04 09:00:00,8.214
2022-08-04 10:00:00,5.748
2022-08-04 11:00:00,5.961
2022-08-04 12:00:00,7.937
2022-08-04 13:00:00,8.256
2022-08-04 14:00:00,7.146
2022-08-04 15:00:00,4.371
2022-08-04 16:00:00,3.024
2022-08-04 17:00:00,3.508
2022-08-04 18:00:00,3.799
2022-08-04 19:00:00,6.318
2022-08-04 20:00:00,7.813
2022-08-04 21:00:00,7.763
2022-08-04 22:00:00,7.47
2022-08-04 23:00:00,6.406
2022-08-05 00:00:00,4.559
2022-08-05 01:00:00,3.585
2022-08-05 02:00:00,3.191
2022-08-05 03:00:00,3.024
2022-08-05 04:00:00,3.184
2022-08-05 05:00:00,3.191
2022-08-05 06:00:00,2.417
2022-08-05 07:00:00,4.604
2022-08-05 08:00:00,5.998
2022-08-05 09:00:00,5.341
2022-08-05 10:00:00,4.52
2022-08-05 11:00:00,4.001
2022-08-05 12:00:00,3.667
2022-08-05 13:00:00,3.457
2022-08-05 14:00:00,3.636
2022-08-05 15:00:00,3.829
2022-08-05 16:00:00,3.401
2022-08-05 17:00:00,1.983
2022-08-05 18:00:00,0.655
2022-08-05 19:00:00,0.372
2022-08-05 20:00:00,0.536
2022-08-05 21:00:00,1.154
2022-08-05 22:00:00,2.184
2022-08-05 23:00:00,3.09
2022-08-06 00:00:00,3.595
2022-08-06 01:00:00,2.913
2022-08-06 02:00:00,3.321
2022-08-06 03:00:00,4.647
2022-08-06 04:00:00,4.111
2022-08-06 05:00:00,3.692
2022-08-06 06:00:00,1.447
2022-08-06 07:00:00,0.36
2022-08-06 08:00:00,0.874
2022-08-06 09:00:00,2.475
2022-08-06 10:00:00,3.084
2022-08-06 11:00:00,3.983
2022-08-06 12:00:00,3.349
2022-08-06 13:00:00,2.032
2022-08-06 14:00:00,1.824
2022-08-06 15:00:00,2.039
2022-08-06 16:00:00,1.841
2022-08-06 17:00:00,1.412
2022-08-06 18:00:00,1.315
2022-08-06 19:00:00,2.755
2022-08-06 20:00:00,5.13
2022-08-06 21:00:00,7.133
2022-08-06 22:00:00,7.158
2022-08-06 23:00:00,5.783
2022-08-07 00:00:00,4.549
2022-08-07 01:00:00,4.473
2022-08-07 02:00:00,4.206
2022-08-07 03:00:00,2.9
2022-08-07 04:00:00,2.037
2022-08-07 05:00:00,3.452
2022-08-07 06:00:00,5.944
2022-08-07 07:00:00,4.348
2022-08-07 08:00:00,3.161
2022-08-07 09:00:00,4.199
2022-08-07 10:00:00,5.086
2022-08-07 11:00:00,5.702
2022-08-07 12:00:00,6.341
2022-08-07 13:00:00,6.749
2022-08-07 14:00:00,7.086
2022-08-07 15:00:00,6.845
2022-08-07 16:00:00,6.358
2022-08-07 17:00:00,6.106
2022-08-07 18:00:00,5.334
2022-08-07 19:00:00,5.211
2022-08-07 20:00:00,5.218
2022-08-07 21:00:00,4.679
2022-08-07 22:00:00,3.97
2022-08-07 23:00:00,3.215
2022-08-08 00:00:00,2.549
2022-08-08 01:00:00,2.005
2022-08-08 02:00:00,1.673
2022-08-08 03:00:00,1.458
2022-08-08 04:00:00,1.505
2022-08-08 05:00:00,1.998
2022-08-08 06:00:00,1.245
2022-08-08 07:00:00,2.083
2022-08-08 08:00:00,3.415
2022-08-08 09:00:00,4.379
2022-08-08 10:00:00,5.184
2022-08-08 11:00:00,5.58
2022-08-08 12:00:00,5.54
2022-08-08 13:00:00,5.518
2022-08-08 14:00:00,5.672
2022-08-08 15:00:00,5.619
2022-08-08 16:00:00,5.254
2022-08-08 17:00:00,4.38
2022-08-08 18:00:00,2.901
2022-08-08 19:00:00,1.598
2022-08-08 20:00:00,0.523
2022-08-08 21:00:00,0.215
2022-08-08 22:00:00,0.652
2022-08-08 23:00:00,2.196
2022-08-09 00:00:00,4.258
2022-08-09 01:00:00,5.527
2022-08-09 02:00:00,6.047
2022-08-09 03:00:00,6.143
2022-08-09 04:00:00,5.974
2022-08-09 05:00:00,5.135
2022-08-09 06:00:00,2.424
2022-08-09 07:00:00,1.742
2022-08-09 08:00:00,3.168
2022-08-09 09:00:00,3.971
2022-08-09 10:00:00,4.989
2022-08-09 11:00:00,6.055
2022-08-09 12:00:00,6.719
2022-08-09 13:00:00,6.917
2022-08-09 14:00:00,6.594
2022-08-09 15:00:00,6.038
2022-08-09 16:00:00,5.829
2022-08-09 17:00:00,4.929
2022-08-09 18:00:00,3.461
2022-08-09 19:00:00,2.783
2022-08-09 20:00:00,2.086
2022-08-09 21:00:00,1.943
2022-08-09 22:00:00,2.327
2022-08-09 23:00:00,2.316
2022-08-10 00:00:00,1.902
2022-08-10 01:00:00,1.587
2022-08-10 02:00:00,1.29
2022-08-10 03:00:00,1.62
2022-08-10 04:00:00,2.549
2022-08-10 05:00:00,4.086
2022-08-10 06:00:00,3.324
2022-08-10 07:00:00,2.075
2022-08-10 08:00:00,2.524
2022-08-10 09:00:00,3.407
2022-08-10 10:00:00,4.549
2022-08-10 11:00:00,4.822
2022-08-10 12:00:00,4.382
2022-08-10 13:00:00,4.081
2022-08-10 14:00:00,3.077
2022-08-10 15:00:00,2.05
2022-08-10 16:00:00,2.117
2022-08-10 17:00:00,3.829
2022-08-10 18:00:00,3.349
2022-08-10 19:00:00,1.044
2022-08-10 20:00:00,0.058
2022-08-10 21:00:00,0.002
2022-08-10 22:00:00,0.0
2022-08-10 23:00:00,0.0
2022-08-11 00:00:00,0.0
2022-08-11 01:00:00,0.006
2022-08-11 02:00:00,0.036
2022-08-11 03:00:00,0.162
2022-08-11 04:00:00,0.653
2022-08-11 05:00:00,1.152
2022-08-11 06:00:00,0.614
2022-08-11 07:00:00,0.488
2022-08-11 08:00:00,0.645
2022-08-11 09:00:00,0.738
2022-08-11 10:00:00,0.758
2022-08-11 11:00:00,0.902
2022-08-11 12:00:00,1.268
2022-08-11 13:00:00,1.469
2022-08-11 14:00:00,1.673
2022-08-11 15:00:00,1.898
2022-08-11 16:00:00,2.007
2022-08-11 17:00:00,1.947
2022-08-11 18:00:00,2.811
2022-08-11 19:00:00,5.014
2022-08-11 20:00:00,4.967
2022-08-11 21:00:00,3.831
2022-08-11 22:00:00,2.755
2022-08-11 23:00:00,1.958
2022-08-12 00:00:00,1.353
2022-08-12 01:00:00,0.901
2022-08-12 02:00:00,0.708
2022-08-12 03:00:00,0.5760000000000001
2022-08-12 04:00:00,0.453
2022-08-12 05:00:00,0.026
2022-08-12 06:00:00,0.084
2022-08-12 07:00:00,0.005
2022-08-12 08:00:00,0.001
2022-08-12 09:00:00,0.06
2022-08-12 10:00:00,0.189
2022-08-12 11:00:00,0.186
2022-08-12 12:00:00,0.21
2022-08-12 13:00:00,0.326
2022-08-12 14:00:00,0.135
2022-08-12 15:00:00,0.05
2022-08-12 16:00:00,0.029
2022-08-12 17:00:00,0.042
2022-08-12 18:00:00,0.162
2022-08-12 19:00:00,0.41
2022-08-12 20:00:00,0.599
2022-08-12 21:00:00,0.667
2022-08-12 22:00:00,0.708
2022-08-12 23:00:00,0.524
2022-08-13 00:00:00,0.44
2022-08-13 01:00:00,0.2
2022-08-13 02:00:00,0.12
2022-08-13 03:00:00,0.191
2022-08-13 04:00:00,0.365
2022-08-13 05:00:00,0.493
2022-08-13 06:00:00,0.28
2022-08-13 07:00:00,0.032
2022-08-13 08:00:00,0.058
2022-08-13 09:00:00,0.114
2022-08-13 10:00:00,0.206
2022-08-13 11:00:00,0.345
2022-08-13 12:00:00,0.424
2022-08-13 13:00:00,0.358
2022-08-13 14:00:00,0.379
2022-08-13 15:00:00,0.312
2022-08-13 16:00:00,0.28
2022-08-13 17:00:00,0.405
2022-08-13 18:00:00,1.234
2022-08-13 19:00:00,2.49
2022-08-13 20:00:00,4.113
2022-08-13 21:00:00,5.379
2022-08-13 22:00:00,6.297
2022-08-13 23:00:00,7.109
2022-08-14 00:00:00,6.845
2022-08-14 01:00:00,5.299
2022-08-14 02:00:00,4.732
2022-08-14 03:00:00,4.789
2022-08-14 04:00:00,4.405
2022-08-14 05:00:00,5.312
2022-08-14 06:00:00,5.102
2022-08-14 07:00:00,5.464
2022-08-14 08:00:00,7.622
2022-08-14 09:00:00,8.757
2022-08-14 10:00:00,8.471
2022-08-14 11:00:00,8.795
2022-08-14 12:00:00,9.518
2022-08-14 13:00:00,9.237
2022-08-14 14:00:00,8.141
2022-08-14 15:00:00,6.389
2022-08-14 16:00:00,4.193
2022-08-14 17:00:00,2.638
2022-08-14 18:00:00,2.525
2022-08-14 19:00:00,1.328
2022-08-14 20:00:00,0.161
2022-08-14 21:00:00,0.996
2022-08-14 22:00:00,4.189
2022-08-14 23:00:00,5.469
2022-08-15 00:00:00,5.517
2022-08-15 01:00:00,5.535
2022-08-15 02:00:00,6.053
2022-08-15 03:00:00,7.615
2022-08-15 04:00:00,8.566
2022-08-15 05:00:00,9.383
2022-08-15 06:00:00,10.018
2022-08-15 07:00:00,11.051
2022-08-15 08:00:00,10.717
2022-08-15 09:00:00,9.943
2022-08-15 10:00:00,8.966
2022-08-15 11:00:00,9.132
2022-08-15 12:00:00,9.986
2022-08-15 13:00:00,10.147
2022-08-15 14:00:00,9.298
2022-08-15 15:00:00,7.965
2022-08-15 16:00:00,5.989
2022-08-15 17:00:00,4.135
2022-08-15 18:00:00,2.438
2022-08-15 19:00:00,1.838
2022-08-15 20:00:00,1.073
2022-08-15 21:00:00,0.44
2022-08-15 22:00:00,0.354
2022-08-15 23:00:00,0.6000000000000001
2022-08-16 00:00:00,1.119
2022-08-16 01:00:00,1.757
2022-08-16 02:00:00,2.244
2022-08-16 03:00:00,2.438
2022-08-16 04:00:00,2.33
2022-08-16 05:00:00,1.815
2022-08-16 06:00:00,0.475
2022-08-16 07:00:00,0.019
2022-08-16 08:00:00,0.001
2022-08-16 09:00:00,0.0
2022-08-16 10:00:00,0.0
2022-08-16 11:00:00,0.004
2022-08-16 12:00:00,0.015
2022-08-16 13:00:00,0.023
2022-08-16 14:00:00,0.025
2022-08-16 15:00:00,0.021
2022-08-16 16:00:00,0.015
2022-08-16 17:00:00,0.012
2022-08-16 18:00:00,0.012
2022-08-16 19:00:00,0.116
2022-08-16 20:00:00,0.8270000000000001
2022-08-16 21:00:00,2.131
2022-08-16 22:00:00,3.526
2022-08-16 23:00:00,4.564
2022-08-17 00:00:00,4.985
2022-08-17 01:00:00,4.908
2022-08-17 02:00:00,4.603
2022-08-17 03:00:00,4.3
2022-08-17 04:00:00,3.953
2022-08-17 05:00:00,3.799
2022-08-17 06:00:00,2.786
2022-08-17 07:00:00,0.908
2022-08-17 08:00:00,0.588
2022-08-17 09:00:00,0.608
2022-08-17 10:00:00,0.764
2022-08-17 11:00:00,1.086
2022-08-17 12:00:00,1.515
2022-08-17 13:00:00,2.095
2022-08-17 14:00:00,2.736
2022-08-17 15:00:00,3.586
2022-08-17 16:00:00,4.339
2022-08-17 17:00:00,4.289
2022-08-17 18:00:00,6.268
2022-08-17 19:00:00,9.266
2022-08-17 20:00:00,10.517
2022-08-17 21:00:00,10.66
2022-08-17 22:00:00,10.697
2022-08-17 23:00:00,10.74
2022-08-18 00:00:00,9.388
2022-08-18 01:00:00,8.753
2022-08-18 02:00:00,7.366
2022-08-18 03:00:00,3.615
2022-08-18 04:00:00,2.066
2022-08-18 05:00:00,1.402
2022-08-18 06:00:00,1.029
2022-08-18 07:00:00,0.525
2022-08-18 08:00:00,0.058
2022-08-18 09:00:00,0.001
2022-08-18 10:00:00,0.022
2022-08-18 11:00:00,0.44
2022-08-18 12:00:00,0.918
2022-08-18 13:00:00,1.186
2022-08-18 14:00:00,1.262
2022-08-18 15:00:00,1.268
2022-08-18 16:00:00,1.039
2022-08-18 17:00:00,0.658
2022-08-18 18:00:00,0.246
2022-08-18 19:00:00,0.111
2022-08-18 20:00:00,0.34
2022-08-18 21:00:00,0.458
2022-08-18 22:00:00,0.159
2022-08-18 23:00:00,0.001
2022-08-19 00:00:00,1.308
2022-08-19 01:00:00,6.889
2022-08-19 02:00:00,10.421
2022-08-19 03:00:00,10.182
2022-08-19 04:00:00,9.31
2022-08-19 05:00:00,8.773
2022-08-19 06:00:00,8.962
2022-08-19 07:00:00,8.459
2022-08-19 08:00:00,7.402
2022-08-19 09:00:00,6.316
2022-08-19 10:00:00,6.239
2022-08-19 11:00:00,6.917
2022-08-19 12:00:00,7.85
2022-08-19 13:00:00,8.621
2022-08-19 14:00:00,8.764
2022-08-19 15:00:00,8.516
2022-08-19 16:00:00,8.058
2022-08-19 17:00:00,6.128
2022-08-19 18:00:00,3.748
2022-08-19 19:00:00,2.523
2022-08-19 20:00:00,1.778
2022-08-19 21:00:00,1.425
2022-08-19 22:00:00,1.087
2022-08-19 23:00:00,0.893
2022-08-20 00:00:00,0.918
2022-08-20 01:00:00,1.081
2022-08-20 02:00:00,1.282
2022-08-20 03:00:00,1.635
2022-08-20 04:00:00,2.259
2022-08-20 05:00:00,3.192
2022-08-20 06:00:00,3.646
2022-08-20 07:00:00,1.808
2022-08-20 08:00:00,3.452
2022-08-20 09:00:00,5.063
2022-08-20 10:00:00,6.923
2022-08-20 11:00:00,9.373
2022-08-20 12:00:00,11.225
2022-08-20 13:00:00,11.89
2022-08-20 14:00:00,12.077
2022-08-20 15:00:00,11.872
2022-08-20 16:00:00,9.917
2022-08-20 17:00:00,8.251
2022-08-20 18:00:00,8.559
2022-08-20 19:00:00,9.041
2022-08-20 20:00:00,9.39
2022-08-20 21:00:00,9.754
2022-08-20 22:00:00,9.434
2022-08-20 23:00:00,8.643
2022-08-21 00:00:00,8.216
2022-08-21 01:00:00,8.708
2022-08-21 02:00:00,9.931000000000001
2022-08-21 03:00:00,10.333
2022-08-21 04:00:00,9.578
2022-08-21 05:00:00,8.06
2022-08-21 06:00:00,6.016
2022-08-21 07:00:00,5.659
2022-08-21 08:00:00,4.93
2022-08-21 09:00:00,2.917
2022-08-21 10:00:00,2.027
2022-08-21 11:00:00,2.226
2022-08-21 12:00:00,3.693
2022-08-21 13:00:00,6.267
2022-08-21 14:00:00,7.795
2022-08-21 15:00:00,7.494
2022-08-21 16:00:00,4.639
2022-08-21 17:00:00,2.284
2022-08-21 18:00:00,2.314
2022-08-21 19:00:00,3.234
2022-08-21 20:00:00,2.744
2022-08-21 21:00:00,2.524
2022-08-21 22:00:00,2.969
2022-08-21 23:00:00,3.605
2022-08-22 00:00:00,5.05
2022-08-22 01:00:00,6.809
2022-08-22 02:00:00,7.375
2022-08-22 03:00:00,8.019
2022-08-22 04:00:00,8.238
2022-08-22 05:00:00,8.151
2022-08-22 06:00:00,9.585
2022-08-22 07:00:00,10.929
2022-08-22 08:00:00,11.313
2022-08-22 09:00:00,11.672
2022-08-22 10:00:00,12.309
2022-08-22 11:00:00,12.802
2022-08-22 12:00:00,13.001
2022-08-22 13:00:00,13.08
2022-08-22 14:00:00,12.997
2022-08-22 15:00:00,12.842
2022-08-22 16:00:00,12.497
2022-08-22 17:00:00,11.722
2022-08-22 18:00:00,10.054
2022-08-22 19:00:00,9.513
2022-08-22 20:00:00,8.86
2022-08-22 21:00:00,8.516
2022-08-22 22:00:00,8.415
2022-08-22 23:00:00,8.367
2022-08-23 00:00:00,8.31
2022-08-23 01:00:00,8.348
2022-08-23 02:00:00,8.364
2022-08-23 03:00:00,7.882
2022-08-23 04:00:00,7.704
2022-08-23 05:00:00,7.133
2022-08-23 06:00:00,3.752
2022-08-23 07:00:00,4.449
2022-08-23 08:00:00,8.441
2022-08-23 09:00:00,7.465
2022-08-23 10:00:00,6.07
2022-08-23 11:00:00,4.671
2022-08-23 12:00:00,3.378
2022-08-23 13:00:00,2.351
2022-08-23 14:00:00,1.935
2022-08-23 15:00:00,1.548
2022-08-23 16:00:00,1.241
2022-08-23 17:00:00,0.775
2022-08-23 18:00:00,0.289
2022-08-23 19:00:00,0.023
2022-08-23 20:00:00,0.0
2022-08-23 21:00:00,0.0
2022-08-23 22:00:00,0.028
2022-08-23 23:00:00,0.374
2022-08-24 00:00:00,1.079
2022-08-24 01:00:00,1.832
2022-08-24 02:00:00,2.489
2022-08-24 03:00:00,3.12
2022-08-24 04:00:00,3.419
2022-08-24 05:00:00,3.378
2022-08-24 06:00:00,2.644
2022-08-24 07:00:00,1.009
2022-08-24 08:00:00,1.075
2022-08-24 09:00:00,1.11
2022-08-24 10:00:00,1.343
2022-08-24 11:00:00,1.59
2022-08-24 12:00:00,2.084
2022-08-24 13:00:00,2.686
2022-08-24 14:00:00,3.422
2022-08-24 15:00:00,4.193
2022-08-24 16:00:00,4.755
2022-08-24 17:00:00,4.755
2022-08-24 18:00:00,4.152
2022-08-24 19:00:00,4.262
2022-08-24 20:00:00,4.313
2022-08-24 21:00:00,5.464
2022-08-24 22:00:00,6.683
2022-08-24 23:00:00,7.295
2022-08-25 00:00:00,6.466
2022-08-25 01:00:00,6.391
2022-08-25 02:00:00,6.711
2022-08-25 03:00:00,6.957
2022-08-25 04:00:00,6.557
2022-08-25 05:00:00,5.198
2022-08-25 06:00:00,3.914
2022-08-25 07:00:00,5.097
2022-08-25 08:00:00,6.492
2022-08-25 09:00:00,8.419
2022-08-25 10:00:00,9.514
2022-08-25 11:00:00,10.332
2022-08-25 12:00:00,11.022
2022-08-25 13:00:00,11.412
2022-08-25 14:00:00,11.551
2022-08-25 15:00:00,11.387
2022-08-25 16:00:00,10.935
2022-08-25 17:00:00,9.617
2022-08-25 18:00:00,6.993
2022-08-25 19:00:00,4.372
2022-08-25 20:00:00,2.438
2022-08-25 21:00:00,1.784
2022-08-25 22:00:00,1.956
2022-08-25 23:00:00,3.103
2022-08-26 00:00:00,3.404
2022-08-26 01:00:00,1.58
2022-08-26 02:00:00,2.206
2022-08-26 03:00:00,3.798
2022-08-26 04:00:00,4.908
2022-08-26 05:00:00,5.659
2022-08-26 06:00:00,7.447
2022-08-26 07:00:00,9.339
2022-08-26 08:00:00,10.535
2022-08-26 09:00:00,11.201
2022-08-26 10:00:00,11.831
2022-08-26 11:00:00,12.298
2022-08-26 12:00:00,12.591
2022-08-26 13:00:00,13.019
2022-08-26 14:00:00,13.472
2022-08-26 15:00:00,13.646
2022-08-26 16:00:00,13.628
2022-08-26 17:00:00,13.325
2022-08-26 18:00:00,12.081
2022-08-26 19:00:00,10.222
2022-08-26 20:00:00,8.566
2022-08-26 21:00:00,7.692
2022-08-26 22:00:00,7.451
2022-08-26 23:00:00,7.58
2022-08-27 00:00:00,7.739
2022-08-27 01:00:00,7.849
2022-08-27 02:00:00,7.747
2022-08-27 03:00:00,7.391
2022-08-27 04:00:00,7.001
2022-08-27 05:00:00,6.513
2022-08-27 06:00:00,3.646
2022-08-27 07:00:00,1.556
2022-08-27 08:00:00,4.671
2022-08-27 09:00:00,4.372
2022-08-27 10:00:00,3.452
2022-08-27 11:00:00,2.726
2022-08-27 12:00:00,2.393
2022-08-27 13:00:00,2.138
2022-08-27 14:00:00,1.969
2022-08-27 15:00:00,1.942
2022-08-27 16:00:00,1.585
2022-08-27 17:00:00,1.167
2022-08-27 18:00:00,0.577
2022-08-27 19:00:00,0.206
2022-08-27 20:00:00,0.854
2022-08-27 21:00:00,3.066
2022-08-27 22:00:00,5.57
2022-08-27 23:00:00,6.232
2022-08-28 00:00:00,5.886
2022-08-28 01:00:00,5.709
2022-08-28 02:00:00,5.751
2022-08-28 03:00:00,5.623
2022-08-28 04:00:00,5.57
2022-08-28 05:00:00,5.348
2022-08-28 06:00:00,4.245
2022-08-28 07:00:00,2.013
2022-08-28 08:00:00,2.08
2022-08-28 09:00:00,4.733
2022-08-28 10:00:00,6.268
2022-08-28 11:00:00,8.019
2022-08-28 12:00:00,8.449
2022-08-28 13:00:00,6.971
2022-08-28 14:00:00,4.908
2022-08-28 15:00:00,3.476
2022-08-28 16:00:00,2.69
2022-08-28 17:00:00,2.388
2022-08-28 18:00:00,3.052
2022-08-28 19:00:00,3.722
2022-08-28 20:00:00,3.32
2022-08-28 21:00:00,2.493
2022-08-28 22:00:00,1.753
2022-08-28 23:00:00,1.087
2022-08-29 00:00:00,0.577
2022-08-29 01:00:00,0.269
2022-08-29 02:00:00,0.115
2022-08-29 03:00:00,0.028
2022-08-29 04:00:00,0.038
2022-08-29 05:00:00,0.16
2022-08-29 06:00:00,0.227
2022-08-29 07:00:00,0.27
2022-08-29 08:00:00,0.282
2022-08-29 09:00:00,0.374
2022-08-29 10:00:00,0.612
2022-08-29 11:00:00,0.778
2022-08-29 12:00:00,0.777
2022-08-29 13:00:00,0.709
2022-08-29 14:00:00,0.535
2022-08-29 15:00:00,0.296
2022-08-29 16:00:00,0.111
2022-08-29 17:00:00,0.028
2022-08-29 18:00:00,0.003
2022-08-29 19:00:00,0.0
2022-08-29 20:00:00,0.001
2022-08-29 21:00:00,0.059
2022-08-29 22:00:00,0.43
2022-08-29 23:00:00,1.059
2022-08-30 00:00:00,1.917
2022-08-30 01:00:00,3.018
2022-08-30 02:00:00,3.942
2022-08-30 03:00:00,4.671
2022-08-30 04:00:00,5.341
2022-08-30 05:00:00,6.007
2022-08-30 06:00:00,4.892
2022-08-30 07:00:00,2.341
2022-08-30 08:00:00,3.717
2022-08-30 09:00:00,3.894
2022-08-30 10:00:00,2.874
2022-08-30 11:00:00,1.954
2022-08-30 12:00:00,1.781
2022-08-30 13:00:00,2.056
2022-08-30 14:00:00,2.755
2022-08-30 15:00:00,3.465
2022-08-30 16:00:00,3.675
2022-08-30 17:00:00,2.852
2022-08-30 18:00:00,2.218
2022-08-30 19:00:00,1.613
2022-08-30 20:00:00,0.852
2022-08-30 21:00:00,0.337
2022-08-30 22:00:00,0.103
2022-08-30 23:00:00,0.026
2022-08-31 00:00:00,0.056
2022-08-31 01:00:00,0.458
2022-08-31 02:00:00,1.47
2022-08-31 03:00:00,2.755
2022-08-31 04:00:00,3.784
2022-08-31 05:00:00,4.454
2022-08-31 06:00:00,3.408
2022-08-31 07:00:00,1.297
2022-08-31 08:00:00,4.244
2022-08-31 09:00:00,6.07
2022-08-31 10:00:00,7.33
2022-08-31 11:00:00,8.865
2022-08-31 12:00:00,10.441
2022-08-31 13:00:00,11.715
2022-08-31 14:00:00,12.47
2022-08-31 15:00:00,12.677
2022-08-31 16:00:00,12.077
2022-08-31 17:00:00,10.39
2022-08-31 18:00:00,8.067
2022-08-31 19:00:00,6.09
2022-08-31 20:00:00,5.381
2022-08-31 21:00:00,4.823
2022-08-31 22:00:00,4.193
2022-08-31 23:00:00,3.029
2022-09-01 00:00:00,1.852
2022-09-01 01:00:00,1.338
2022-09-01 02:00:00,1.556
2022-09-01 03:00:00,2.188
2022-09-01 04:00:00,2.848
2022-09-01 05:00:00,3.378
2022-09-01 06:00:00,3.408
2022-09-01 07:00:00,1.367
2022-09-01 08:00:00,0.661
2022-09-01 09:00:00,0.408
2022-09-01 10:00:00,0.616
2022-09-01 11:00:00,1.15
2022-09-01 12:00:00,1.851
2022-09-01 13:00:00,2.502
2022-09-01 14:00:00,2.95
2022-09-01 15:00:00,3.02
2022-09-01 16:00:00,2.599
2022-09-01 17:00:00,1.799
2022-09-01 18:00:00,1.118
2022-09-01 19:00:00,0.85
2022-09-01 20:00:00,1.171
2022-09-01 21:00:00,1.934
2022-09-01 22:00:00,2.754
2022-09-01 23:00:00,3.436
2022-09-02 00:00:00,4.081
2022-09-02 01:00:00,4.637
2022-09-02 02:00:00,5.03
2022-09-02 03:00:00,5.306
2022-09-02 04:00:00,5.499
2022-09-02 05:00:00,5.513
2022-09-02 06:00:00,4.945
2022-09-02 07:00:00,2.178
2022-09-02 08:00:00,0.405
2022-09-02 09:00:00,0.263
2022-09-02 10:00:00,0.506
2022-09-02 11:00:00,0.889
2022-09-02 12:00:00,1.151
2022-09-02 13:00:00,1.272
2022-09-02 14:00:00,1.248
2022-09-02 15:00:00,1.072
2022-09-02 16:00:00,0.8180000000000001
2022-09-02 17:00:00,0.493
2022-09-02 18:00:00,0.163
2022-09-02 19:00:00,0.097
2022-09-02 20:00:00,0.53
2022-09-02 21:00:00,2.078
2022-09-02 22:00:00,4.036
2022-09-02 23:00:00,5.403
2022-09-03 00:00:00,6.466
2022-09-03 01:00:00,7.846
2022-09-03 02:00:00,9.074
2022-09-03 03:00:00,9.642
2022-09-03 04:00:00,9.895
2022-09-03 05:00:00,9.754
2022-09-03 06:00:00,7.788
2022-09-03 07:00:00,4.105
2022-09-03 08:00:00,3.273
2022-09-03 09:00:00,3.835
2022-09-03 10:00:00,2.828
2022-09-03 11:00:00,3.374
2022-09-03 12:00:00,4.494
2022-09-03 13:00:00,4.827
2022-09-03 14:00:00,3.586
2022-09-03 15:00:00,1.996
2022-09-03 16:00:00,1.683
2022-09-03 17:00:00,3.024
2022-09-03 18:00:00,5.45
2022-09-03 19:00:00,5.823
2022-09-03 20:00:00,5.069
2022-09-03 21:00:00,5.623
2022-09-03 22:00:00,7.149
2022-09-03 23:00:00,8.361
2022-09-04 00:00:00,8.098
2022-09-04 01:00:00,8.019
2022-09-04 02:00:00,7.172
2022-09-04 03:00:00,6.843
2022-09-04 04:00:00,6.868
2022-09-04 05:00:00,6.618
2022-09-04 06:00:00,5.623
2022-09-04 07:00:00,4.719
2022-09-04 08:00:00,7.774
2022-09-04 09:00:00,7.9
2022-09-04 10:00:00,7.259
2022-09-04 11:00:00,6.806
2022-09-04 12:00:00,6.917
2022-09-04 13:00:00,7.08
2022-09-04 14:00:00,6.739
2022-09-04 15:00:00,5.982
2022-09-04 16:00:00,5.514
2022-09-04 17:00:00,5.253
2022-09-04 18:00:00,8.207
2022-09-04 19:00:00,12.164
2022-09-04 20:00:00,13.089
2022-09-04 21:00:00,11.999
2022-09-04 22:00:00,11.602
2022-09-04 23:00:00,12.263
2022-09-05 00:00:00,11.483
2022-09-05 01:00:00,10.29
2022-09-05 02:00:00,8.789
2022-09-05 03:00:00,7.842
2022-09-05 04:00:00,7.817
2022-09-05 05:00:00,7.637
2022-09-05 06:00:00,6.702
2022-09-05 07:00:00,11.592
2022-09-05 08:00:00,12.998
2022-09-05 09:00:00,13.294
2022-09-05 10:00:00,13.352
2022-09-05 11:00:00,13.504
2022-09-05 12:00:00,13.694
2022-09-05 13:00:00,13.795
2022-09-05 14:00:00,13.817
2022-09-05 15:00:00,13.815
2022-09-05 16:00:00,13.814
2022-09-05 17:00:00,13.693
2022-09-05 18:00:00,13.233
2022-09-05 19:00:00,12.556
2022-09-05 20:00:00,12.152
2022-09-05 21:00:00,11.767
2022-09-05 22:00:00,10.836
2022-09-05 23:00:00,9.914
2022-09-06 00:00:00,9.62
2022-09-06 01:00:00,9.45
2022-09-06 02:00:00,10.067
2022-09-06 03:00:00,10.964
2022-09-06 04:00:00,11.483
2022-09-06 05:00:00,11.133
2022-09-06 06:00:00,11.735
2022-09-06 07:00:00,12.918
2022-09-06 08:00:00,12.947
2022-09-06 09:00:00,12.824
2022-09-06 10:00:00,12.861
2022-09-06 11:00:00,13.079
2022-09-06 12:00:00,13.528
2022-09-06 13:00:00,13.778
2022-09-06 14:00:00,13.817
2022-09-06 15:00:00,13.804
2022-09-06 16:00:00,13.608
2022-09-06 17:00:00,12.332
2022-09-06 18:00:00,9.754
2022-09-06 19:00:00,7.311
2022-09-06 20:00:00,5.569
2022-09-06 21:00:00,3.93
2022-09-06 22:00:00,3.048
2022-09-06 23:00:00,3.575
2022-09-07 00:00:00,5.259
2022-09-07 01:00:00,7.237
2022-09-07 02:00:00,8.785
2022-09-07 03:00:00,9.718
2022-09-07 04:00:00,10.038
2022-09-07 05:00:00,10.113
2022-09-07 06:00:00,8.823
2022-09-07 07:00:00,5.623
2022-09-07 08:00:00,7.023
2022-09-07 09:00:00,10.772
2022-09-07 10:00:00,10.668
2022-09-07 11:00:00,10.238
2022-09-07 12:00:00,9.656
2022-09-07 13:00:00,8.93
2022-09-07 14:00:00,8.258
2022-09-07 15:00:00,7.709
2022-09-07 16:00:00,6.796
2022-09-07 17:00:00,4.789
2022-09-07 18:00:00,4.372
2022-09-07 19:00:00,5.028
2022-09-07 20:00:00,6.289
2022-09-07 21:00:00,7.54
2022-09-07 22:00:00,8.415
2022-09-07 23:00:00,9.145
2022-09-08 00:00:00,9.725
2022-09-08 01:00:00,10.057
2022-09-08 02:00:00,10.266
2022-09-08 03:00:00,10.418
2022-09-08 04:00:00,10.57
2022-09-08 05:00:00,10.821
2022-09-08 06:00:00,10.265
2022-09-08 07:00:00,6.612
2022-09-08 08:00:00,3.99
2022-09-08 09:00:00,5.722
2022-09-08 10:00:00,7.097
2022-09-08 11:00:00,6.646
2022-09-08 12:00:00,6.016
2022-09-08 13:00:00,5.499
2022-09-08 14:00:00,4.976
2022-09-08 15:00:00,4.262
2022-09-08 16:00:00,3.057
2022-09-08 17:00:00,1.529
2022-09-08 18:00:00,0.6910000000000001
2022-09-08 19:00:00,0.209
2022-09-08 20:00:00,0.029
2022-09-08 21:00:00,0.009000000000000001
2022-09-08 22:00:00,0.05
2022-09-08 23:00:00,0.164
2022-09-09 00:00:00,0.335
2022-09-09 01:00:00,0.5670000000000001
2022-09-09 02:00:00,0.765
2022-09-09 03:00:00,0.904
2022-09-09 04:00:00,0.996
2022-09-09 05:00:00,0.963
2022-09-09 06:00:00,0.878
2022-09-09 07:00:00,0.534
2022-09-09 08:00:00,0.076
2022-09-09 09:00:00,0.111
2022-09-09 10:00:00,0.257
2022-09-09 11:00:00,0.257
2022-09-09 12:00:00,0.215
2022-09-09 13:00:00,0.187
2022-09-09 14:00:00,0.183
2022-09-09 15:00:00,0.178
2022-09-09 16:00:00,0.194
2022-09-09 17:00:00,0.421
2022-09-09 18:00:00,1.62
2022-09-09 19:00:00,5.097
2022-09-09 20:00:00,9.031
2022-09-09 21:00:00,10.383
2022-09-09 22:00:00,10.045
2022-09-09 23:00:00,9.266
2022-09-10 00:00:00,8.252
2022-09-10 01:00:00,7.33
2022-09-10 02:00:00,6.559
2022-09-10 03:00:00,6.268
2022-09-10 04:00:00,6.267
2022-09-10 05:00:00,6.016
2022-09-10 06:00:00,5.015
2022-09-10 07:00:00,2.326
2022-09-10 08:00:00,0.544
2022-09-10 09:00:00,0.551
2022-09-10 10:00:00,0.056
2022-09-10 11:00:00,0.017
2022-09-10 12:00:00,0.067
2022-09-10 13:00:00,0.203
2022-09-10 14:00:00,0.446
2022-09-10 15:00:00,0.843
2022-09-10 16:00:00,1.815
2022-09-10 17:00:00,3.752
2022-09-10 18:00:00,6.358
2022-09-10 19:00:00,7.704
2022-09-10 20:00:00,7.453
2022-09-10 21:00:00,6.358
2022-09-10 22:00:00,5.391
2022-09-10 23:00:00,4.908
2022-09-11 00:00:00,4.911
2022-09-11 01:00:00,4.976
2022-09-11 02:00:00,4.839
2022-09-11 03:00:00,4.519
2022-09-11 04:00:00,4.113
2022-09-11 05:00:00,3.615
2022-09-11 06:00:00,2.755
2022-09-11 07:00:00,0.8180000000000001
2022-09-11 08:00:00,0.058
2022-09-11 09:00:00,0.0
2022-09-11 10:00:00,0.003
2022-09-11 11:00:00,0.002
2022-09-11 12:00:00,0.0
2022-09-11 13:00:00,0.0
2022-09-11 14:00:00,0.0
2022-09-11 15:00:00,0.0
2022-09-11 16:00:00,0.0
2022-09-11 17:00:00,0.0
2022-09-11 18:00:00,0.0
2022-09-11 19:00:00,0.094
2022-09-11 20:00:00,0.5640000000000001
2022-09-11 21:00:00,1.039
2022-09-11 22:00:00,1.208
2022-09-11 23:00:00,1.229
2022-09-12 00:00:00,1.472
2022-09-12 01:00:00,2.042
2022-09-12 02:00:00,2.875
2022-09-12 03:00:00,4.003
2022-09-12 04:00:00,5.231
2022-09-12 05:00:00,6.075
2022-09-12 06:00:00,4.908
2022-09-12 07:00:00,2.177
2022-09-12 08:00:00,1.723
2022-09-12 09:00:00,2.146
2022-09-12 10:00:00,2.463
2022-09-12 11:00:00,2.336
2022-09-12 12:00:00,1.948
2022-09-12 13:00:00,1.585
2022-09-12 14:00:00,1.368
2022-09-12 15:00:00,1.444
2022-09-12 16:00:00,1.981
2022-09-12 17:00:00,3.506
2022-09-12 18:00:00,7.133
2022-09-12 19:00:00,8.802
2022-09-12 20:00:00,7.802
2022-09-12 21:00:00,6.186
2022-09-12 22:00:00,5.268
2022-09-12 23:00:00,4.384
2022-09-13 00:00:00,3.691
2022-09-13 01:00:00,3.707
2022-09-13 02:00:00,4.671
2022-09-13 03:00:00,6.132
2022-09-13 04:00:00,6.971
2022-09-13 05:00:00,6.666
2022-09-13 06:00:00,5.674
2022-09-13 07:00:00,5.184
2022-09-13 08:00:00,4.572
2022-09-13 09:00:00,3.472
2022-09-13 10:00:00,2.277
2022-09-13 11:00:00,1.518
2022-09-13 12:00:00,1.136
2022-09-13 13:00:00,0.893
2022-09-13 14:00:00,0.677
2022-09-13 15:00:00,0.5760000000000001
2022-09-13 16:00:00,0.848
2022-09-13 17:00:00,3.567
2022-09-13 18:00:00,8.451
2022-09-13 19:00:00,9.544
2022-09-13 20:00:00,9.544
2022-09-13 21:00:00,9.351
2022-09-13 22:00:00,9.032
2022-09-13 23:00:00,8.401
2022-09-14 00:00:00,7.615
2022-09-14 01:00:00,6.845
2022-09-14 02:00:00,6.226
2022-09-14 03:00:00,5.623
2022-09-14 04:00:00,5.029
2022-09-14 05:00:00,4.69
2022-09-14 06:00:00,3.863
2022-09-14 07:00:00,1.3
2022-09-14 08:00:00,0.208
2022-09-14 09:00:00,0.0
2022-09-14 10:00:00,0.001
2022-09-14 11:00:00,0.129
2022-09-14 12:00:00,0.491
2022-09-14 13:00:00,0.626
2022-09-14 14:00:00,0.677
2022-09-14 15:00:00,0.996
2022-09-14 16:00:00,1.954
2022-09-14 17:00:00,5.173
2022-09-14 18:00:00,9.65
2022-09-14 19:00:00,10.171
2022-09-14 20:00:00,9.309
2022-09-14 21:00:00,8.527
2022-09-14 22:00:00,8.333
2022-09-14 23:00:00,8.345
2022-09-15 00:00:00,7.985
2022-09-15 01:00:00,7.14
2022-09-15 02:00:00,5.802
2022-09-15 03:00:00,4.244
2022-09-15 04:00:00,2.824
2022-09-15 05:00:00,1.88
2022-09-15 06:00:00,1.435
2022-09-15 07:00:00,0.652
2022-09-15 08:00:00,0.32
2022-09-15 09:00:00,0.138
2022-09-15 10:00:00,0.025
2022-09-15 11:00:00,0.011
2022-09-15 12:00:00,0.014
2022-09-15 13:00:00,0.026
2022-09-15 14:00:00,0.041
2022-09-15 15:00:00,0.037
2022-09-15 16:00:00,0.024
2022-09-15 17:00:00,0.048
2022-09-15 18:00:00,1.033
2022-09-15 19:00:00,4.769
2022-09-15 20:00:00,8.133
2022-09-15 21:00:00,9.026
2022-09-15 22:00:00,8.784
2022-09-15 23:00:00,8.403
2022-09-16 00:00:00,8.024
2022-09-16 01:00:00,7.227
2022-09-16 02:00:00,6.136
2022-09-16 03:00:00,5.019
2022-09-16 04:00:00,4.254
2022-09-16 05:00:00,4.088
2022-09-16 06:00:00,3.849
2022-09-16 07:00:00,4.487
2022-09-16 08:00:00,5.768
2022-09-16 09:00:00,5.908
2022-09-16 10:00:00,5.446
2022-09-16 11:00:00,4.193
2022-09-16 12:00:00,2.664
2022-09-16 13:00:00,1.449
2022-09-16 14:00:00,0.687
2022-09-16 15:00:00,0.37
2022-09-16 16:00:00,0.445
2022-09-16 17:00:00,2.524
2022-09-16 18:00:00,8.242
2022-09-16 19:00:00,9.841
2022-09-16 20:00:00,9.574
2022-09-16 21:00:00,9.428
2022-09-16 22:00:00,9.515
2022-09-16 23:00:00,9.514
2022-09-17 00:00:00,9.234
2022-09-17 01:00:00,8.415
2022-09-17 02:00:00,7.704
2022-09-17 03:00:00,7.131
2022-09-17 04:00:00,6.971
2022-09-17 05:00:00,7.801
2022-09-17 06:00:00,9.266
2022-09-17 07:00:00,7.755
2022-09-17 08:00:00,11.171
2022-09-17 09:00:00,12.574
2022-09-17 10:00:00,13.258
2022-09-17 11:00:00,13.567
2022-09-17 12:00:00,13.705
2022-09-17 13:00:00,13.753
2022-09-17 14:00:00,13.736
2022-09-17 15:00:00,13.687
2022-09-17 16:00:00,13.588
2022-09-17 17:00:00,13.216
2022-09-17 18:00:00,12.401
2022-09-17 19:00:00,11.461
2022-09-17 20:00:00,9.974
2022-09-17 21:00:00,9.159
2022-09-17 22:00:00,8.793
2022-09-17 23:00:00,8.499
2022-09-18 00:00:00,7.919
2022-09-18 01:00:00,7.518
2022-09-18 02:00:00,7.392
2022-09-18 03:00:00,7.464
2022-09-18 04:00:00,7.646
2022-09-18 05:00:00,7.704
2022-09-18 06:00:00,6.845
2022-09-18 07:00:00,8.351
2022-09-18 08:00:00,11.45
2022-09-18 09:00:00,12.298
2022-09-18 10:00:00,12.757
2022-09-18 11:00:00,12.902
2022-09-18 12:00:00,12.875
2022-09-18 13:00:00,12.765
2022-09-18 14:00:00,12.632
2022-09-18 15:00:00,12.428
2022-09-18 16:00:00,12.071
2022-09-18 17:00:00,11.004
2022-09-18 18:00:00,9.623
2022-09-18 19:00:00,8.874
2022-09-18 20:00:00,8.488
2022-09-18 21:00:00,8.1
2022-09-18 22:00:00,7.757
2022-09-18 23:00:00,7.259
2022-09-19 00:00:00,6.508
2022-09-19 01:00:00,5.57
2022-09-19 02:00:00,4.755
2022-09-19 03:00:00,4.428
2022-09-19 04:00:00,4.899
2022-09-19 05:00:00,5.783
2022-09-19 06:00:00,5.755
2022-09-19 07:00:00,4.258
2022-09-19 08:00:00,10.197
2022-09-19 09:00:00,11.436
2022-09-19 10:00:00,12.049
2022-09-19 11:00:00,12.287
2022-09-19 12:00:00,12.04
2022-09-19 13:00:00,11.311
2022-09-19 14:00:00,10.207
2022-09-19 15:00:00,8.72
2022-09-19 16:00:00,7.281
2022-09-19 17:00:00,6.106
2022-09-19 18:00:00,6.52
2022-09-19 19:00:00,6.363
2022-09-19 20:00:00,5.499
2022-09-19 21:00:00,4.52
2022-09-19 22:00:00,3.322
2022-09-19 23:00:00,2.06
2022-09-20 00:00:00,1.056
2022-09-20 01:00:00,0.635
2022-09-20 02:00:00,1.612
2022-09-20 03:00:00,4.113
2022-09-20 04:00:00,6.878
2022-09-20 05:00:00,8.502
2022-09-20 06:00:00,8.482
2022-09-20 07:00:00,4.487
2022-09-20 08:00:00,6.196
2022-09-20 09:00:00,10.144
2022-09-20 10:00:00,10.206
2022-09-20 11:00:00,10.242
2022-09-20 12:00:00,10.37
2022-09-20 13:00:00,10.479
2022-09-20 14:00:00,10.458
2022-09-20 15:00:00,10.143
2022-09-20 16:00:00,9.259
2022-09-20 17:00:00,7.162
2022-09-20 18:00:00,6.038
2022-09-20 19:00:00,5.061
2022-09-20 20:00:00,5.452
2022-09-20 21:00:00,7.229
2022-09-20 22:00:00,9.266
2022-09-20 23:00:00,10.496
2022-09-21 00:00:00,11.027
2022-09-21 01:00:00,11.112
2022-09-21 02:00:00,11.04
2022-09-21 03:00:00,10.881
2022-09-21 04:00:00,10.845
2022-09-21 05:00:00,10.921
2022-09-21 06:00:00,10.583
2022-09-21 07:00:00,8.309
2022-09-21 08:00:00,9.084
2022-09-21 09:00:00,12.631
2022-09-21 10:00:00,12.538
2022-09-21 11:00:00,12.478
2022-09-21 12:00:00,12.492
2022-09-21 13:00:00,12.548
2022-09-21 14:00:00,12.513
2022-09-21 15:00:00,12.152
2022-09-21 16:00:00,11.045
2022-09-21 17:00:00,8.628
2022-09-21 18:00:00,8.564
2022-09-21 19:00:00,9.463
2022-09-21 20:00:00,10.141
2022-09-21 21:00:00,10.479
2022-09-21 22:00:00,10.293
2022-09-21 23:00:00,8.765
2022-09-22 00:00:00,6.338
2022-09-22 01:00:00,4.109
2022-09-22 02:00:00,3.802
2022-09-22 03:00:00,4.518
2022-09-22 04:00:00,5.035
2022-09-22 05:00:00,6.016
2022-09-22 06:00:00,6.703
2022-09-22 07:00:00,7.93
2022-09-22 08:00:00,8.101
2022-09-22 09:00:00,7.504
2022-09-22 10:00:00,7.085
2022-09-22 11:00:00,6.271
2022-09-22 12:00:00,4.611
2022-09-22 13:00:00,3.379
2022-09-22 14:00:00,3.191
2022-09-22 15:00:00,4.193
2022-09-22 16:00:00,6.466
2022-09-22 17:00:00,7.448
2022-09-22 18:00:00,6.922
2022-09-22 19:00:00,7.384
2022-09-22 20:00:00,8.717
2022-09-22 21:00:00,9.793
2022-09-22 22:00:00,10.572
2022-09-22 23:00:00,11.388
2022-09-23 00:00:00,11.719
2022-09-23 01:00:00,11.879
2022-09-23 02:00:00,12.151
2022-09-23 03:00:00,12.209
2022-09-23 04:00:00,12.192
2022-09-23 05:00:00,11.891
2022-09-23 06:00:00,11.858
2022-09-23 07:00:00,12.245
2022-09-23 08:00:00,12.469
2022-09-23 09:00:00,13.511
2022-09-23 10:00:00,13.537
2022-09-23 11:00:00,13.385
2022-09-23 12:00:00,13.204
2022-09-23 13:00:00,12.97
2022-09-23 14:00:00,12.66
2022-09-23 15:00:00,12.194
2022-09-23 16:00:00,11.248
2022-09-23 17:00:00,8.518
2022-09-23 18:00:00,6.795
2022-09-23 19:00:00,5.376
2022-09-23 20:00:00,4.339
2022-09-23 21:00:00,4.022
2022-09-23 22:00:00,4.631
2022-09-23 23:00:00,5.869
2022-09-24 00:00:00,7.336
2022-09-24 01:00:00,8.482
2022-09-24 02:00:00,9.266
2022-09-24 03:00:00,9.852
2022-09-24 04:00:00,10.315
2022-09-24 05:00:00,10.595
2022-09-24 06:00:00,10.333
2022-09-24 07:00:00,7.128
2022-09-24 08:00:00,4.136
2022-09-24 09:00:00,8.219
2022-09-24 10:00:00,8.887
2022-09-24 11:00:00,8.199
2022-09-24 12:00:00,8.22
2022-09-24 13:00:00,8.584
2022-09-24 14:00:00,8.892
2022-09-24 15:00:00,8.817
2022-09-24 16:00:00,7.701000000000001
2022-09-24 17:00:00,6.695
2022-09-24 18:00:00,7.161
2022-09-24 19:00:00,7.755
2022-09-24 20:00:00,8.744
2022-09-24 21:00:00,10.089
2022-09-24 22:00:00,11.306
2022-09-24 23:00:00,11.819
2022-09-25 00:00:00,11.929
2022-09-25 01:00:00,11.84
2022-09-25 02:00:00,11.654
2022-09-25 03:00:00,11.483
2022-09-25 04:00:00,11.115
2022-09-25 05:00:00,10.539
2022-09-25 06:00:00,9.604
2022-09-25 07:00:00,7.58
2022-09-25 08:00:00,7.295
2022-09-25 09:00:00,7.437
2022-09-25 10:00:00,8.006
2022-09-25 11:00:00,8.141
2022-09-25 12:00:00,8.345
2022-09-25 13:00:00,8.808
2022-09-25 14:00:00,8.585
2022-09-25 15:00:00,7.563
2022-09-25 16:00:00,5.504
2022-09-25 17:00:00,2.318
2022-09-25 18:00:00,0.51
2022-09-25 19:00:00,0.018
2022-09-25 20:00:00,0.0
2022-09-25 21:00:00,0.045
2022-09-25 22:00:00,0.529
2022-09-25 23:00:00,1.482
2022-09-26 00:00:00,2.627
2022-09-26 01:00:00,3.804
2022-09-26 02:00:00,5.384
2022-09-26 03:00:00,7.133
2022-09-26 04:00:00,8.187
2022-09-26 05:00:00,7.285
2022-09-26 06:00:00,4.704
2022-09-26 07:00:00,1.114
2022-09-26 08:00:00,0.374
2022-09-26 09:00:00,0.296
2022-09-26 10:00:00,1.453
2022-09-26 11:00:00,5.529
2022-09-26 12:00:00,6.531
2022-09-26 13:00:00,6.809
2022-09-26 14:00:00,6.181
2022-09-26 15:00:00,4.844
2022-09-26 16:00:00,3.087
2022-09-26 17:00:00,1.373
2022-09-26 18:00:00,0.187
2022-09-26 19:00:00,0.002
2022-09-26 20:00:00,0.017
2022-09-26 21:00:00,0.624
2022-09-26 22:00:00,2.307
2022-09-26 23:00:00,4.332
2022-09-27 00:00:00,5.98
2022-09-27 01:00:00,7.295
2022-09-27 02:00:00,8.53
2022-09-27 03:00:00,9.544
2022-09-27 04:00:00,10.23
2022-09-27 05:00:00,10.63
2022-09-27 06:00:00,10.913
2022-09-27 07:00:00,9.194
2022-09-27 08:00:00,5.154
2022-09-27 09:00:00,5.027
2022-09-27 10:00:00,11.104
2022-09-27 11:00:00,12.098
2022-09-27 12:00:00,12.535
2022-09-27 13:00:00,12.639
2022-09-27 14:00:00,12.574
2022-09-27 15:00:00,12.289
2022-09-27 16:00:00,11.248
2022-09-27 17:00:00,10.725
2022-09-27 18:00:00,11.512
2022-09-27 19:00:00,11.983
2022-09-27 20:00:00,12.368
2022-09-27 21:00:00,12.599
2022-09-27 22:00:00,12.638
2022-09-27 23:00:00,12.502
2022-09-28 00:00:00,12.362
2022-09-28 01:00:00,12.289
2022-09-28 02:00:00,12.077
2022-09-28 03:00:00,11.44
2022-09-28 04:00:00,10.106
2022-09-28 05:00:00,10.141
2022-09-28 06:00:00,10.339
2022-09-28 07:00:00,7.783
2022-09-28 08:00:00,6.721
2022-09-28 09:00:00,7.984
2022-09-28 10:00:00,7.521
2022-09-28 11:00:00,6.551
2022-09-28 12:00:00,5.659
2022-09-28 13:00:00,5.144
2022-09-28 14:00:00,4.659
2022-09-28 15:00:00,4.001
2022-09-28 16:00:00,2.487
2022-09-28 17:00:00,0.8290000000000001
2022-09-28 18:00:00,0.785
2022-09-28 19:00:00,4.371
2022-09-28 20:00:00,9.226
2022-09-28 21:00:00,11.076
2022-09-28 22:00:00,11.449
2022-09-28 23:00:00,11.455
2022-09-29 00:00:00,11.512
2022-09-29 01:00:00,11.705
2022-09-29 02:00:00,11.093
2022-09-29 03:00:00,10.771
2022-09-29 04:00:00,10.905
2022-09-29 05:00:00,10.674
2022-09-29 06:00:00,9.943
2022-09-29 07:00:00,6.524
2022-09-29 08:00:00,4.966
2022-09-29 09:00:00,4.339
2022-09-29 10:00:00,3.456
2022-09-29 11:00:00,3.029
2022-09-29 12:00:00,3.172
2022-09-29 13:00:00,3.304
2022-09-29 14:00:00,2.729
2022-09-29 15:00:00,1.583
2022-09-29 16:00:00,0.39
2022-09-29 17:00:00,0.076
2022-09-29 18:00:00,0.219
2022-09-29 19:00:00,1.087
2022-09-29 20:00:00,3.862
2022-09-29 21:00:00,8.566
2022-09-29 22:00:00,10.629
2022-09-29 23:00:00,10.964
2022-09-30 00:00:00,11.193
2022-09-30 01:00:00,11.957
2022-09-30 02:00:00,12.691
2022-09-30 03:00:00,12.966
2022-09-30 04:00:00,13.076
2022-09-30 05:00:00,13.22
2022-09-30 06:00:00,13.449
2022-09-30 07:00:00,12.969
2022-09-30 08:00:00,13.114
2022-09-30 09:00:00,13.614
2022-09-30 10:00:00,13.76
2022-09-30 11:00:00,13.747
2022-09-30 12:00:00,13.628
2022-09-30 13:00:00,13.408
2022-09-30 14:00:00,13.1
2022-09-30 15:00:00,12.543
2022-09-30 16:00:00,11.114
2022-09-30 17:00:00,8.333
2022-09-30 18:00:00,6.762
2022-09-30 19:00:00,4.637
2022-09-30 20:00:00,2.188
2022-09-30 21:00:00,0.735
2022-09-30 22:00:00,0.138
2022-09-30 23:00:00,0.012
2022-10-01 00:00:00,0.01
2022-10-01 01:00:00,0.474
2022-10-01 02:00:00,2.639
2022-10-01 03:00:00,4.676
2022-10-01 04:00:00,5.531
2022-10-01 05:00:00,7.42
2022-10-01 06:00:00,8.418
2022-10-01 07:00:00,8.979
2022-10-01 08:00:00,11.042
2022-10-01 09:00:00,11.693
2022-10-01 10:00:00,11.567
2022-10-01 11:00:00,11.552
2022-10-01 12:00:00,11.838
2022-10-01 13:00:00,12.192
2022-10-01 14:00:00,12.524
2022-10-01 15:00:00,12.75
2022-10-01 16:00:00,12.67
2022-10-01 17:00:00,12.776
2022-10-01 18:00:00,12.935
2022-10-01 19:00:00,12.945
2022-10-01 20:00:00,12.998
2022-10-01 21:00:00,12.991
2022-10-01 22:00:00,12.37
2022-10-01 23:00:00,12.036
2022-10-02 00:00:00,11.656
2022-10-02 01:00:00,10.848
2022-10-02 02:00:00,9.155
2022-10-02 03:00:00,7.455
2022-10-02 04:00:00,5.063
2022-10-02 05:00:00,2.805
2022-10-02 06:00:00,1.448
2022-10-02 07:00:00,1.036
2022-10-02 08:00:00,0.994
2022-10-02 09:00:00,0.47
2022-10-02 10:00:00,0.07
2022-10-02 11:00:00,0.0
2022-10-02 12:00:00,0.004
2022-10-02 13:00:00,0.003
2022-10-02 14:00:00,0.002
2022-10-02 15:00:00,0.129
2022-10-02 16:00:00,5.063
2022-10-02 17:00:00,9.2
2022-10-02 18:00:00,8.943
2022-10-02 19:00:00,7.192
2022-10-02 20:00:00,7.209
2022-10-02 21:00:00,9.234
2022-10-02 22:00:00,10.039
2022-10-02 23:00:00,10.131
2022-10-03 00:00:00,10.569
2022-10-03 01:00:00,11.13
2022-10-03 02:00:00,11.507
2022-10-03 03:00:00,11.711
2022-10-03 04:00:00,11.181
2022-10-03 05:00:00,10.507
2022-10-03 06:00:00,10.018
2022-10-03 07:00:00,10.795
2022-10-03 08:00:00,11.464
2022-10-03 09:00:00,11.552
2022-10-03 10:00:00,11.858
2022-10-03 11:00:00,12.001
2022-10-03 12:00:00,12.118
2022-10-03 13:00:00,12.413
2022-10-03 14:00:00,12.799
2022-10-03 15:00:00,12.905
2022-10-03 16:00:00,12.788
2022-10-03 17:00:00,11.812
2022-10-03 18:00:00,10.379
2022-10-03 19:00:00,9.029
2022-10-03 20:00:00,7.615
2022-10-03 21:00:00,6.947
2022-10-03 22:00:00,6.271
2022-10-03 23:00:00,5.694
2022-10-04 00:00:00,5.139
2022-10-04 01:00:00,4.789
2022-10-04 02:00:00,4.554
2022-10-04 03:00:00,4.405
2022-10-04 04:00:00,4.258
2022-10-04 05:00:00,3.983
2022-10-04 06:00:00,3.598
2022-10-04 07:00:00,3.779
2022-10-04 08:00:00,7.154
2022-10-04 09:00:00,8.369
2022-10-04 10:00:00,8.312
2022-10-04 11:00:00,7.969
2022-10-04 12:00:00,7.644
2022-10-04 13:00:00,7.497
2022-10-04 14:00:00,7.482
2022-10-04 15:00:00,7.45
2022-10-04 16:00:00,7.004
2022-10-04 17:00:00,4.867
2022-10-04 18:00:00,3.065
2022-10-04 19:00:00,1.781
2022-10-04 20:00:00,0.9380000000000001
2022-10-04 21:00:00,0.431
2022-10-04 22:00:00,0.181
2022-10-04 23:00:00,0.313
2022-10-05 00:00:00,1.217
2022-10-05 01:00:00,3.057
2022-10-05 02:00:00,5.415
2022-10-05 03:00:00,6.552
2022-10-05 04:00:00,6.917
2022-10-05 05:00:00,6.928
2022-10-05 06:00:00,7.003
2022-10-05 07:00:00,4.837
2022-10-05 08:00:00,7.651
2022-10-05 09:00:00,9.114
2022-10-05 10:00:00,8.498
2022-10-05 11:00:00,8.356
2022-10-05 12:00:00,8.415
2022-10-05 13:00:00,8.321
2022-10-05 14:00:00,8.046
2022-10-05 15:00:00,7.544
2022-10-05 16:00:00,6.345
2022-10-05 17:00:00,4.339
2022-10-05 18:00:00,3.248
2022-10-05 19:00:00,1.72
2022-10-05 20:00:00,0.595
2022-10-05 21:00:00,0.101
2022-10-05 22:00:00,0.002
2022-10-05 23:00:00,0.0
2022-10-06 00:00:00,0.0
2022-10-06 01:00:00,0.004
2022-10-06 02:00:00,0.043
2022-10-06 03:00:00,0.224
2022-10-06 04:00:00,0.508
2022-10-06 05:00:00,0.8180000000000001
2022-10-06 06:00:00,1.007
2022-10-06 07:00:00,0.588
2022-10-06 08:00:00,0.859
2022-10-06 09:00:00,1.343
2022-10-06 10:00:00,1.563
2022-10-06 11:00:00,1.712
2022-10-06 12:00:00,1.972
2022-10-06 13:00:00,2.463
2022-10-06 14:00:00,2.765
2022-10-06 15:00:00,2.639
2022-10-06 16:00:00,2.018
2022-10-06 17:00:00,1.705
2022-10-06 18:00:00,2.996
2022-10-06 19:00:00,5.621
2022-10-06 20:00:00,7.892
2022-10-06 21:00:00,9.047
2022-10-06 22:00:00,9.939
2022-10-06 23:00:00,10.377
2022-10-07 00:00:00,10.384
2022-10-07 01:00:00,10.113
2022-10-07 02:00:00,9.514
2022-10-07 03:00:00,8.482
2022-10-07 04:00:00,7.702
2022-10-07 05:00:00,7.165
2022-10-07 06:00:00,6.574
2022-10-07 07:00:00,3.577
2022-10-07 08:00:00,1.424
2022-10-07 09:00:00,1.071
2022-10-07 10:00:00,0.928
2022-10-07 11:00:00,1.309
2022-10-07 12:00:00,1.309
2022-10-07 13:00:00,1.026
2022-10-07 14:00:00,0.67
2022-10-07 15:00:00,0.295
2022-10-07 16:00:00,0.043
2022-10-07 17:00:00,0.483
2022-10-07 18:00:00,2.76
2022-10-07 19:00:00,5.658
2022-10-07 20:00:00,7.393
2022-10-07 21:00:00,8.644
2022-10-07 22:00:00,9.156
2022-10-07 23:00:00,8.93
2022-10-08 00:00:00,8.333
2022-10-08 01:00:00,7.777
2022-10-08 02:00:00,7.791
2022-10-08 03:00:00,7.454
2022-10-08 04:00:00,5.341
2022-10-08 05:00:00,4.789
2022-10-08 06:00:00,5.097
2022-10-08 07:00:00,4.02
2022-10-08 08:00:00,2.922
2022-10-08 09:00:00,4.53
2022-10-08 10:00:00,8.175
2022-10-08 11:00:00,11.204
2022-10-08 12:00:00,12.477
2022-10-08 13:00:00,12.741
2022-10-08 14:00:00,12.206
2022-10-08 15:00:00,11.024
2022-10-08 16:00:00,8.963
2022-10-08 17:00:00,5.774
2022-10-08 18:00:00,3.22
2022-10-08 19:00:00,1.226
2022-10-08 20:00:00,0.227
2022-10-08 21:00:00,0.036
2022-10-08 22:00:00,0.038
2022-10-08 23:00:00,0.339
2022-10-09 00:00:00,1.094
2022-10-09 01:00:00,1.595
2022-10-09 02:00:00,1.994
2022-10-09 03:00:00,3.378
2022-10-09 04:00:00,5.694
2022-10-09 05:00:00,7.18
2022-10-09 06:00:00,7.96
2022-10-09 07:00:00,9.574
2022-10-09 08:00:00,10.7
2022-10-09 09:00:00,10.739
2022-10-09 10:00:00,10.059
2022-10-09 11:00:00,8.961
2022-10-09 12:00:00,8.607
2022-10-09 13:00:00,8.832
2022-10-09 14:00:00,9.408
2022-10-09 15:00:00,10.293
2022-10-09 16:00:00,10.764
2022-10-09 17:00:00,9.706
2022-10-09 18:00:00,9.774000000000001
2022-10-09 19:00:00,10.536
2022-10-09 20:00:00,10.649
2022-10-09 21:00:00,10.172
2022-10-09 22:00:00,9.664
2022-10-09 23:00:00,9.171
2022-10-10 00:00:00,8.746
2022-10-10 01:00:00,7.896
2022-10-10 02:00:00,7.815
2022-10-10 03:00:00,7.729
2022-10-10 04:00:00,7.198
2022-10-10 05:00:00,6.933
2022-10-10 06:00:00,6.47
2022-10-10 07:00:00,5.097
2022-10-10 08:00:00,8.048
2022-10-10 09:00:00,9.38
2022-10-10 10:00:00,8.305
2022-10-10 11:00:00,7.176
2022-10-10 12:00:00,6.358
2022-10-10 13:00:00,6.125
2022-10-10 14:00:00,6.475
2022-10-10 15:00:00,6.979
2022-10-10 16:00:00,6.702
2022-10-10 17:00:00,5.867
2022-10-10 18:00:00,5.227
2022-10-10 19:00:00,4.535
2022-10-10 20:00:00,4.404
2022-10-10 21:00:00,4.823
2022-10-10 22:00:00,5.717
2022-10-10 23:00:00,6.881
2022-10-11 00:00:00,7.783
2022-10-11 01:00:00,8.255
2022-10-11 02:00:00,8.51
2022-10-11 03:00:00,8.595
2022-10-11 04:00:00,8.642
2022-10-11 05:00:00,8.63
2022-10-11 06:00:00,8.48
2022-10-11 07:00:00,6.181
2022-10-11 08:00:00,3.192
2022-10-11 09:00:00,4.225
2022-10-11 10:00:00,4.583
2022-10-11 11:00:00,4.225
2022-10-11 12:00:00,4.789
2022-10-11 13:00:00,5.709
2022-10-11 14:00:00,6.428
2022-10-11 15:00:00,6.169
2022-10-11 16:00:00,4.921
2022-10-11 17:00:00,4.881
2022-10-11 18:00:00,5.369
2022-10-11 19:00:00,6.076
2022-10-11 20:00:00,6.536
2022-10-11 21:00:00,6.845
2022-10-11 22:00:00,7.366
2022-10-11 23:00:00,8.206
2022-10-12 00:00:00,9.123
2022-10-12 01:00:00,9.581
2022-10-12 02:00:00,9.68
2022-10-12 03:00:00,9.659
2022-10-12 04:00:00,9.695
2022-10-12 05:00:00,9.822
2022-10-12 06:00:00,9.949
2022-10-12 07:00:00,8.686
2022-10-12 08:00:00,4.914
2022-10-12 09:00:00,3.229
2022-10-12 10:00:00,5.57
2022-10-12 11:00:00,7.909
2022-10-12 12:00:00,8.996
2022-10-12 13:00:00,8.85
2022-10-12 14:00:00,7.723
2022-10-12 15:00:00,7.097
2022-10-12 16:00:00,7.58
2022-10-12 17:00:00,7.763
2022-10-12 18:00:00,8.002
2022-10-12 19:00:00,8.516
2022-10-12 20:00:00,9.039
2022-10-12 21:00:00,9.721
2022-10-12 22:00:00,10.03
2022-10-12 23:00:00,10.452
2022-10-13 00:00:00,10.385
2022-10-13 01:00:00,10.291
2022-10-13 02:00:00,9.887
2022-10-13 03:00:00,9.295
2022-10-13 04:00:00,8.733
2022-10-13 05:00:00,8.451
2022-10-13 06:00:00,8.162
2022-10-13 07:00:00,5.89
2022-10-13 08:00:00,2.901
2022-10-13 09:00:00,4.374
2022-10-13 10:00:00,6.36
2022-10-13 11:00:00,6.917
2022-10-13 12:00:00,6.647
2022-10-13 13:00:00,6.232
2022-10-13 14:00:00,5.702
2022-10-13 15:00:00,5.278
2022-10-13 16:00:00,4.02
2022-10-13 17:00:00,2.962
2022-10-13 18:00:00,2.726
2022-10-13 19:00:00,2.999
2022-10-13 20:00:00,3.586
2022-10-13 21:00:00,4.193
2022-10-13 22:00:00,4.487
2022-10-13 23:00:00,4.437
2022-10-14 00:00:00,4.315
2022-10-14 01:00:00,4.275
2022-10-14 02:00:00,4.637
2022-10-14 03:00:00,5.477
2022-10-14 04:00:00,6.358
2022-10-14 05:00:00,7.51
2022-10-14 06:00:00,8.865
2022-10-14 07:00:00,8.932
2022-10-14 08:00:00,5.747
2022-10-14 09:00:00,6.881
2022-10-14 10:00:00,9.431
2022-10-14 11:00:00,10.543
2022-10-14 12:00:00,10.971
2022-10-14 13:00:00,11.299
2022-10-14 14:00:00,11.756
2022-10-14 15:00:00,11.974
2022-10-14 16:00:00,10.964
2022-10-14 17:00:00,9.428
2022-10-14 18:00:00,9.875
2022-10-14 19:00:00,10.531
2022-10-14 20:00:00,10.822
2022-10-14 21:00:00,10.073
2022-10-14 22:00:00,8.752
2022-10-14 23:00:00,7.616
2022-10-15 00:00:00,6.64
2022-10-15 01:00:00,5.104
2022-10-15 02:00:00,3.474
2022-10-15 03:00:00,2.401
2022-10-15 04:00:00,1.919
2022-10-15 05:00:00,1.815
2022-10-15 06:00:00,1.896
2022-10-15 07:00:00,1.445
2022-10-15 08:00:00,1.125
2022-10-15 09:00:00,1.587
2022-10-15 10:00:00,1.457
2022-10-15 11:00:00,1.89
2022-10-15 12:00:00,2.79
2022-10-15 13:00:00,4.006
2022-10-15 14:00:00,5.36
2022-10-15 15:00:00,6.719
2022-10-15 16:00:00,7.759
2022-10-15 17:00:00,8.14
2022-10-15 18:00:00,8.611
2022-10-15 19:00:00,7.917
2022-10-15 20:00:00,7.849
2022-10-15 21:00:00,8.832
2022-10-15 22:00:00,9.234
2022-10-15 23:00:00,9.541
2022-10-16 00:00:00,9.45
2022-10-16 01:00:00,9.306
2022-10-16 02:00:00,8.777
2022-10-16 03:00:00,7.215
2022-10-16 04:00:00,7.259
2022-10-16 05:00:00,7.409
2022-10-16 06:00:00,7.448
2022-10-16 07:00:00,6.43
2022-10-16 08:00:00,10.855
2022-10-16 09:00:00,12.429
2022-10-16 10:00:00,13.112
2022-10-16 11:00:00,13.366
2022-10-16 12:00:00,13.444
2022-10-16 13:00:00,13.499
2022-10-16 14:00:00,13.518
2022-10-16 15:00:00,13.453
2022-10-16 16:00:00,13.234
2022-10-16 17:00:00,12.62
2022-10-16 18:00:00,11.775
2022-10-16 19:00:00,10.779
2022-10-16 20:00:00,9.965
2022-10-16 21:00:00,8.897
2022-10-16 22:00:00,8.525
2022-10-16 23:00:00,8.206
2022-10-17 00:00:00,8.054
2022-10-17 01:00:00,8.054
2022-10-17 02:00:00,7.819
2022-10-17 03:00:00,7.739
2022-10-17 04:00:00,7.82
2022-10-17 05:00:00,7.976
2022-10-17 06:00:00,8.019
2022-10-17 07:00:00,8.779
2022-10-17 08:00:00,11.898
2022-10-17 09:00:00,13.034
2022-10-17 10:00:00,13.057
2022-10-17 11:00:00,12.82
2022-10-17 12:00:00,12.499
2022-10-17 13:00:00,12.188
2022-10-17 14:00:00,11.7
2022-10-17 15:00:00,10.86
2022-10-17 16:00:00,8.592
2022-10-17 17:00:00,5.917
2022-10-17 18:00:00,5.121
2022-10-17 19:00:00,4.479
2022-10-17 20:00:00,3.938
2022-10-17 21:00:00,3.686
2022-10-17 22:00:00,3.84
2022-10-17 23:00:00,4.112
2022-10-18 00:00:00,4.447
2022-10-18 01:00:00,4.659
2022-10-18 02:00:00,4.454
2022-10-18 03:00:00,4.113
2022-10-18 04:00:00,3.97
2022-10-18 05:00:00,4.405
2022-10-18 06:00:00,5.084
2022-10-18 07:00:00,4.372
2022-10-18 08:00:00,4.113
2022-10-18 09:00:00,7.424
2022-10-18 10:00:00,8.606
2022-10-18 11:00:00,8.832
2022-10-18 12:00:00,8.897
2022-10-18 13:00:00,9.016
2022-10-18 14:00:00,8.953
2022-10-18 15:00:00,8.235
2022-10-18 16:00:00,6.599
2022-10-18 17:00:00,5.751
2022-10-18 18:00:00,4.833
2022-10-18 19:00:00,4.823
2022-10-18 20:00:00,5.489
2022-10-18 21:00:00,6.536
2022-10-18 22:00:00,7.594
2022-10-18 23:00:00,8.649000000000001
2022-10-19 00:00:00,9.523
2022-10-19 01:00:00,10.125
2022-10-19 02:00:00,10.408
2022-10-19 03:00:00,10.28
2022-10-19 04:00:00,9.804
2022-10-19 05:00:00,9.649000000000001
2022-10-19 06:00:00,10.468
2022-10-19 07:00:00,10.222
2022-10-19 08:00:00,7.487
2022-10-19 09:00:00,5.747
2022-10-19 10:00:00,9.355
2022-10-19 11:00:00,10.228
2022-10-19 12:00:00,9.792
2022-10-19 13:00:00,9.155
2022-10-19 14:00:00,8.173
2022-10-19 15:00:00,5.944
2022-10-19 16:00:00,5.114
2022-10-19 17:00:00,5.659
2022-10-19 18:00:00,6.07
2022-10-19 19:00:00,6.361
2022-10-19 20:00:00,6.683
2022-10-19 21:00:00,7.041
2022-10-19 22:00:00,8.453
2022-10-19 23:00:00,10.265
2022-10-20 00:00:00,11.281
2022-10-20 01:00:00,11.579
2022-10-20 02:00:00,11.734
2022-10-20 03:00:00,11.686
2022-10-20 04:00:00,11.704
2022-10-20 05:00:00,11.974
2022-10-20 06:00:00,12.135
2022-10-20 07:00:00,11.677
2022-10-20 08:00:00,9.796
2022-10-20 09:00:00,7.905
2022-10-20 10:00:00,11.464
2022-10-20 11:00:00,11.802
2022-10-20 12:00:00,11.821
2022-10-20 13:00:00,11.956
2022-10-20 14:00:00,11.921
2022-10-20 15:00:00,11.523
2022-10-20 16:00:00,11.011
2022-10-20 17:00:00,11.756
2022-10-20 18:00:00,12.56
2022-10-20 19:00:00,12.58
2022-10-20 20:00:00,12.413
2022-10-20 21:00:00,12.27
2022-10-20 22:00:00,12.042
2022-10-20 23:00:00,11.983
2022-10-21 00:00:00,11.354
2022-10-21 01:00:00,10.743
2022-10-21 02:00:00,10.143
2022-10-21 03:00:00,9.309
2022-10-21 04:00:00,8.342
2022-10-21 05:00:00,7.642
2022-10-21 06:00:00,7.157
2022-10-21 07:00:00,6.856
2022-10-21 08:00:00,7.719
2022-10-21 09:00:00,7.142
2022-10-21 10:00:00,5.798
2022-10-21 11:00:00,4.789
2022-10-21 12:00:00,4.372
2022-10-21 13:00:00,4.192
2022-10-21 14:00:00,3.856
2022-10-21 15:00:00,3.11
2022-10-21 16:00:00,1.815
2022-10-21 17:00:00,0.9500000000000001
2022-10-21 18:00:00,0.785
2022-10-21 19:00:00,0.8180000000000001
2022-10-21 20:00:00,0.444
2022-10-21 21:00:00,0.155
2022-10-21 22:00:00,0.098
2022-10-21 23:00:00,0.304
2022-10-22 00:00:00,0.97
2022-10-22 01:00:00,1.646
2022-10-22 02:00:00,1.636
2022-10-22 03:00:00,1.952
2022-10-22 04:00:00,2.845
2022-10-22 05:00:00,3.32
2022-10-22 06:00:00,3.968
2022-10-22 07:00:00,3.995
2022-10-22 08:00:00,4.281
2022-10-22 09:00:00,7.008
2022-10-22 10:00:00,7.929
2022-10-22 11:00:00,8.324
2022-10-22 12:00:00,8.93
2022-10-22 13:00:00,9.68
2022-10-22 14:00:00,10.113
2022-10-22 15:00:00,10.177
2022-10-22 16:00:00,9.25
2022-10-22 17:00:00,8.624
2022-10-22 18:00:00,8.482
2022-10-22 19:00:00,8.528
2022-10-22 20:00:00,8.613
2022-10-22 21:00:00,9.471
2022-10-22 22:00:00,9.04
2022-10-22 23:00:00,7.984
2022-10-23 00:00:00,6.887
2022-10-23 01:00:00,5.805
2022-10-23 02:00:00,4.637
2022-10-23 03:00:00,3.832
2022-10-23 04:00:00,3.746
2022-10-23 05:00:00,3.752
2022-10-23 06:00:00,3.691
2022-10-23 07:00:00,2.7
2022-10-23 08:00:00,1.633
2022-10-23 09:00:00,4.917
2022-10-23 10:00:00,6.761
2022-10-23 11:00:00,6.881
2022-10-23 12:00:00,6.757
2022-10-23 13:00:00,6.724
2022-10-23 14:00:00,6.631
2022-10-23 15:00:00,5.98
2022-10-23 16:00:00,3.895
2022-10-23 17:00:00,2.083
2022-10-23 18:00:00,1.338
2022-10-23 19:00:00,1.209
2022-10-23 20:00:00,0.994
2022-10-23 21:00:00,0.8190000000000001
2022-10-23 22:00:00,1.121
2022-10-23 23:00:00,1.76
2022-10-24 00:00:00,2.51
2022-10-24 01:00:00,3.324
2022-10-24 02:00:00,4.983
2022-10-24 03:00:00,6.753
2022-10-24 04:00:00,7.687
2022-10-24 05:00:00,8.247
2022-10-24 06:00:00,8.525
2022-10-24 07:00:00,7.615
2022-10-24 08:00:00,4.272
2022-10-24 09:00:00,2.753
2022-10-24 10:00:00,6.971
2022-10-24 11:00:00,7.04
2022-10-24 12:00:00,6.522
2022-10-24 13:00:00,6.196
2022-10-24 14:00:00,5.623
2022-10-24 15:00:00,4.049
2022-10-24 16:00:00,3.046
2022-10-24 17:00:00,3.716
2022-10-24 18:00:00,5.498
2022-10-24 19:00:00,7.259
2022-10-24 20:00:00,8.362
2022-10-24 21:00:00,9.393
2022-10-24 22:00:00,10.607
2022-10-24 23:00:00,11.526
2022-10-25 00:00:00,11.862
2022-10-25 01:00:00,11.984
2022-10-25 02:00:00,12.11
2022-10-25 03:00:00,12.208
2022-10-25 04:00:00,12.263
2022-10-25 05:00:00,12.198
2022-10-25 06:00:00,12.109
2022-10-25 07:00:00,11.636
2022-10-25 08:00:00,9.455
2022-10-25 09:00:00,6.559
2022-10-25 10:00:00,7.339
2022-10-25 11:00:00,8.767
2022-10-25 12:00:00,9.266
2022-10-25 13:00:00,9.427
2022-10-25 14:00:00,8.516
2022-10-25 15:00:00,5.909
2022-10-25 16:00:00,4.129
2022-10-25 17:00:00,4.193
2022-10-25 18:00:00,4.564
2022-10-25 19:00:00,4.454
2022-10-25 20:00:00,4.788
2022-10-25 21:00:00,5.404
2022-10-25 22:00:00,5.535
2022-10-25 23:00:00,5.581
2022-10-26 00:00:00,6.07
2022-10-26 01:00:00,6.755
2022-10-26 02:00:00,8.872
2022-10-26 03:00:00,8.918
2022-10-26 04:00:00,8.715
2022-10-26 05:00:00,7.808
2022-10-26 06:00:00,7.615
2022-10-26 07:00:00,8.135
2022-10-26 08:00:00,10.292
2022-10-26 09:00:00,11.17
2022-10-26 10:00:00,10.964
2022-10-26 11:00:00,10.479
2022-10-26 12:00:00,9.8
2022-10-26 13:00:00,9.235
2022-10-26 14:00:00,8.764
2022-10-26 15:00:00,8.362
2022-10-26 16:00:00,7.64
2022-10-26 17:00:00,7.253
2022-10-26 18:00:00,7.186
2022-10-26 19:00:00,6.281
2022-10-26 20:00:00,4.982
2022-10-26 21:00:00,3.653
2022-10-26 22:00:00,2.319
2022-10-26 23:00:00,1.313
2022-10-27 00:00:00,0.748
2022-10-27 01:00:00,0.506
2022-10-27 02:00:00,0.396
2022-10-27 03:00:00,0.327
2022-10-27 04:00:00,0.272
2022-10-27 05:00:00,0.18
2022-10-27 06:00:00,0.084
2022-10-27 07:00:00,0.013
2022-10-27 08:00:00,0.013
2022-10-27 09:00:00,0.019
2022-10-27 10:00:00,0.024
2022-10-27 11:00:00,0.051
2022-10-27 12:00:00,0.123
2022-10-27 13:00:00,0.318
2022-10-27 14:00:00,0.594
2022-10-27 15:00:00,0.9490000000000001
2022-10-27 16:00:00,1.776
2022-10-27 17:00:00,3.519
2022-10-27 18:00:00,5.446
2022-10-27 19:00:00,6.394
2022-10-27 20:00:00,6.519
2022-10-27 21:00:00,6.358
2022-10-27 22:00:00,6.082
2022-10-27 23:00:00,5.783
2022-10-28 00:00:00,5.063
2022-10-28 01:00:00,4.081
2022-10-28 02:00:00,2.744
2022-10-28 03:00:00,1.896
2022-10-28 04:00:00,1.508
2022-10-28 05:00:00,1.3
2022-10-28 06:00:00,1.358
2022-10-28 07:00:00,1.134
2022-10-28 08:00:00,0.47
2022-10-28 09:00:00,0.24
2022-10-28 10:00:00,0.088
2022-10-28 11:00:00,0.064
2022-10-28 12:00:00,0.07200000000000001
2022-10-28 13:00:00,0.106
2022-10-28 14:00:00,0.133
2022-10-28 15:00:00,0.09
2022-10-28 16:00:00,0.022
2022-10-28 17:00:00,0.003
2022-10-28 18:00:00,0.014
2022-10-28 19:00:00,0.318
2022-10-28 20:00:00,1.757
2022-10-28 21:00:00,3.874
2022-10-28 22:00:00,5.485
2022-10-28 23:00:00,5.747
2022-10-29 00:00:00,4.895
2022-10-29 01:00:00,3.691
2022-10-29 02:00:00,2.319
2022-10-29 03:00:00,1.673
2022-10-29 04:00:00,1.135
2022-10-29 05:00:00,0.781
2022-10-29 06:00:00,0.803
2022-10-29 07:00:00,1.208
2022-10-29 08:00:00,1.209
2022-10-29 09:00:00,0.759
2022-10-29 10:00:00,0.915
2022-10-29 11:00:00,1.018
2022-10-29 12:00:00,0.996
2022-10-29 13:00:00,1.027
2022-10-29 14:00:00,1.088
2022-10-29 15:00:00,1.274
2022-10-29 16:00:00,2.77
2022-10-29 17:00:00,6.178
2022-10-29 18:00:00,8.76
2022-10-29 19:00:00,8.898
2022-10-29 20:00:00,8.141
2022-10-29 21:00:00,7.247
2022-10-29 22:00:00,6.085
2022-10-29 23:00:00,5.062
2022-10-30 00:00:00,4.356
2022-10-30 01:00:00,4.275
2022-10-30 02:00:00,4.67
2022-10-30 03:00:00,4.872
2022-10-30 04:00:00,4.785
2022-10-30 05:00:00,4.52
2022-10-30 06:00:00,4.687
2022-10-30 07:00:00,4.952
2022-10-30 08:00:00,4.971
2022-10-30 09:00:00,6.016
2022-10-30 10:00:00,6.719
2022-10-30 11:00:00,8.088
2022-10-30 12:00:00,9.116
2022-10-30 13:00:00,9.574
2022-10-30 14:00:00,9.81
2022-10-30 15:00:00,9.21
2022-10-30 16:00:00,8.012
2022-10-30 17:00:00,9.265
2022-10-30 18:00:00,10.881
2022-10-30 19:00:00,11.461
2022-10-30 20:00:00,11.859
2022-10-30 21:00:00,11.641
2022-10-30 22:00:00,10.881
2022-10-30 23:00:00,11.177
2022-10-31 00:00:00,12.228
2022-10-31 01:00:00,12.651
2022-10-31 02:00:00,12.985
2022-10-31 03:00:00,13.193
2022-10-31 04:00:00,13.621
2022-10-31 05:00:00,13.744
2022-10-31 06:00:00,13.621
2022-10-31 07:00:00,13.156
2022-10-31 08:00:00,13.19
2022-10-31 09:00:00,13.385
2022-10-31 10:00:00,13.362
2022-10-31 11:00:00,13.477
2022-10-31 12:00:00,13.642
2022-10-31 13:00:00,13.721
2022-10-31 14:00:00,13.72
2022-10-31 15:00:00,13.686
2022-10-31 16:00:00,13.554
2022-10-31 17:00:00,13.215
2022-10-31 18:00:00,12.933
2022-10-31 19:00:00,12.811
2022-10-31 20:00:00,12.702
2022-10-31 21:00:00,12.535
2022-10-31 22:00:00,12.149
2022-10-31 23:00:00,11.47
2022-11-01 00:00:00,10.479
2022-11-01 01:00:00,7.927
2022-11-01 02:00:00,6.715
2022-11-01 03:00:00,6.52
2022-11-01 04:00:00,5.98
2022-11-01 05:00:00,5.552
2022-11-01 06:00:00,5.242
2022-11-01 07:00:00,4.863
2022-11-01 08:00:00,7.615
2022-11-01 09:00:00,9.297
2022-11-01 10:00:00,9.265
2022-11-01 11:00:00,8.797
2022-11-01 12:00:00,8.322
2022-11-01 13:00:00,7.658
2022-11-01 14:00:00,6.809
2022-11-01 15:00:00,5.464
2022-11-01 16:00:00,3.122
2022-11-01 17:00:00,1.578
2022-11-01 18:00:00,0.774
2022-11-01 19:00:00,0.392
2022-11-01 20:00:00,0.27
2022-11-01 21:00:00,0.204
2022-11-01 22:00:00,0.228
2022-11-01 23:00:00,0.372
2022-11-02 00:00:00,0.758
2022-11-02 01:00:00,1.438
2022-11-02 02:00:00,1.949
2022-11-02 03:00:00,1.952
2022-11-02 04:00:00,1.854
2022-11-02 05:00:00,1.581
2022-11-02 06:00:00,1.507
2022-11-02 07:00:00,1.835
2022-11-02 08:00:00,2.512
2022-11-02 09:00:00,2.783
2022-11-02 10:00:00,2.997
2022-11-02 11:00:00,3.207
2022-11-02 12:00:00,3.586
2022-11-02 13:00:00,4.339
2022-11-02 14:00:00,5.129
2022-11-02 15:00:00,5.748
2022-11-02 16:00:00,5.798
2022-11-02 17:00:00,4.789
2022-11-02 18:00:00,3.755
2022-11-02 19:00:00,3.03
2022-11-02 20:00:00,4.419
2022-11-02 21:00:00,5.33
2022-11-02 22:00:00,5.623
2022-11-02 23:00:00,5.568
2022-11-03 00:00:00,5.542
2022-11-03 01:00:00,5.448
2022-11-03 02:00:00,5.534
2022-11-03 03:00:00,6.148
2022-11-03 04:00:00,6.536
2022-11-03 05:00:00,6.561
2022-11-03 06:00:00,6.606
2022-11-03 07:00:00,6.807
2022-11-03 08:00:00,8.845
2022-11-03 09:00:00,11.686
2022-11-03 10:00:00,12.384
2022-11-03 11:00:00,12.682
2022-11-03 12:00:00,12.843
2022-11-03 13:00:00,12.935
2022-11-03 14:00:00,12.923
2022-11-03 15:00:00,12.744
2022-11-03 16:00:00,11.862
2022-11-03 17:00:00,10.388
2022-11-03 18:00:00,8.923
2022-11-03 19:00:00,8.754
2022-11-03 20:00:00,9.241
2022-11-03 21:00:00,9.686
2022-11-03 22:00:00,10.025
2022-11-03 23:00:00,10.05
2022-11-04 00:00:00,9.885
2022-11-04 01:00:00,9.683
2022-11-04 02:00:00,9.546
2022-11-04 03:00:00,9.473
2022-11-04 04:00:00,9.426
2022-11-04 05:00:00,9.4
2022-11-04 06:00:00,9.574
2022-11-04 07:00:00,9.514
2022-11-04 08:00:00,7.821
2022-11-04 09:00:00,10.141
2022-11-04 10:00:00,12.383
2022-11-04 11:00:00,12.642
2022-11-04 12:00:00,12.553
2022-11-04 13:00:00,12.512
2022-11-04 14:00:00,12.574
2022-11-04 15:00:00,12.451
2022-11-04 16:00:00,11.599
2022-11-04 17:00:00,11.12
2022-11-04 18:00:00,11.039
2022-11-04 19:00:00,11.892
2022-11-04 20:00:00,11.66
2022-11-04 21:00:00,11.091
2022-11-04 22:00:00,11.025
2022-11-04 23:00:00,10.619
2022-11-05 00:00:00,10.281
2022-11-05 01:00:00,9.83
2022-11-05 02:00:00,9.171
2022-11-05 03:00:00,8.482
2022-11-05 04:00:00,7.813
2022-11-05 05:00:00,7.504
2022-11-05 06:00:00,7.279
2022-11-05 07:00:00,6.52
2022-11-05 08:00:00,3.958
2022-11-05 09:00:00,3.657
2022-11-05 10:00:00,5.412
2022-11-05 11:00:00,6.232
2022-11-05 12:00:00,5.838
2022-11-05 13:00:00,5.359
2022-11-05 14:00:00,5.219
2022-11-05 15:00:00,5.127
2022-11-05 16:00:00,3.962
2022-11-05 17:00:00,3.455
2022-11-05 18:00:00,4.14
2022-11-05 19:00:00,5.533
2022-11-05 20:00:00,6.867
2022-11-05 21:00:00,7.86
2022-11-05 22:00:00,8.482
2022-11-05 23:00:00,8.589
2022-11-06 00:00:00,7.908
2022-11-06 01:00:00,7.017
2022-11-06 02:00:00,6.196
2022-11-06 03:00:00,5.535
2022-11-06 04:00:00,4.938
2022-11-06 05:00:00,4.5
2022-11-06 06:00:00,4.171
2022-11-06 07:00:00,3.798
2022-11-06 08:00:00,2.273
2022-11-06 09:00:00,0.996
2022-11-06 10:00:00,1.903
2022-11-06 11:00:00,2.79
2022-11-06 12:00:00,3.32
2022-11-06 13:00:00,3.578
2022-11-06 14:00:00,3.538
2022-11-06 15:00:00,3.23
2022-11-06 16:00:00,3.049
2022-11-06 17:00:00,3.057
2022-11-06 18:00:00,2.765
2022-11-06 19:00:00,2.664
2022-11-06 20:00:00,2.672
2022-11-06 21:00:00,2.874
2022-11-06 22:00:00,3.045
2022-11-06 23:00:00,3.063
2022-11-07 00:00:00,2.832
2022-11-07 01:00:00,2.621
2022-11-07 02:00:00,2.997
2022-11-07 03:00:00,4.081
2022-11-07 04:00:00,5.298
2022-11-07 05:00:00,5.609
2022-11-07 06:00:00,5.123
2022-11-07 07:00:00,5.487
2022-11-07 08:00:00,4.267
2022-11-07 09:00:00,7.533
2022-11-07 10:00:00,10.513
2022-11-07 11:00:00,11.223
2022-11-07 12:00:00,11.427
2022-11-07 13:00:00,11.331
2022-11-07 14:00:00,11.003
2022-11-07 15:00:00,10.06
2022-11-07 16:00:00,8.22
2022-11-07 17:00:00,8.566
2022-11-07 18:00:00,9.64
2022-11-07 19:00:00,9.95
2022-11-07 20:00:00,9.816
2022-11-07 21:00:00,9.693
2022-11-07 22:00:00,9.666
2022-11-07 23:00:00,9.455
2022-11-08 00:00:00,9.131
2022-11-08 01:00:00,9.282
2022-11-08 02:00:00,9.756
2022-11-08 03:00:00,10.238
2022-11-08 04:00:00,10.583
2022-11-08 05:00:00,10.771
2022-11-08 06:00:00,10.892
2022-11-08 07:00:00,10.836
2022-11-08 08:00:00,9.239
2022-11-08 09:00:00,7.342
2022-11-08 10:00:00,9.65
2022-11-08 11:00:00,10.292
2022-11-08 12:00:00,10.772
2022-11-08 13:00:00,10.751
2022-11-08 14:00:00,10.49
2022-11-08 15:00:00,9.583
2022-11-08 16:00:00,10.529
2022-11-08 17:00:00,11.757
2022-11-08 18:00:00,12.112
2022-11-08 19:00:00,12.185
2022-11-08 20:00:00,12.168
2022-11-08 21:00:00,12.12
2022-11-08 22:00:00,12.06
2022-11-08 23:00:00,11.921
2022-11-09 00:00:00,11.587
2022-11-09 01:00:00,11.138
2022-11-09 02:00:00,10.623
2022-11-09 03:00:00,9.986
2022-11-09 04:00:00,9.097
2022-11-09 05:00:00,8.6
2022-11-09 06:00:00,8.283
2022-11-09 07:00:00,7.171
2022-11-09 08:00:00,4.0
2022-11-09 09:00:00,2.034
2022-11-09 10:00:00,1.606
2022-11-09 11:00:00,2.264
2022-11-09 12:00:00,2.328
2022-11-09 13:00:00,1.638
2022-11-09 14:00:00,1.455
2022-11-09 15:00:00,1.428
2022-11-09 16:00:00,0.996
2022-11-09 17:00:00,0.469
2022-11-09 18:00:00,0.234
2022-11-09 19:00:00,0.223
2022-11-09 20:00:00,0.726
2022-11-09 21:00:00,0.893
2022-11-09 22:00:00,0.887
2022-11-09 23:00:00,1.2
2022-11-10 00:00:00,1.689
2022-11-10 01:00:00,2.196
2022-11-10 02:00:00,2.969
2022-11-10 03:00:00,3.428
2022-11-10 04:00:00,3.22
2022-11-10 05:00:00,2.848
2022-11-10 06:00:00,2.512
2022-11-10 07:00:00,2.311
2022-11-10 08:00:00,1.951
2022-11-10 09:00:00,1.958
2022-11-10 10:00:00,2.612
2022-11-10 11:00:00,3.71
2022-11-10 12:00:00,4.371
2022-11-10 13:00:00,4.335
2022-11-10 14:00:00,4.001
2022-11-10 15:00:00,4.413
2022-11-10 16:00:00,6.713
2022-11-10 17:00:00,9.167
2022-11-10 18:00:00,10.57
2022-11-10 19:00:00,10.815
2022-11-10 20:00:00,10.726
2022-11-10 21:00:00,11.091
2022-11-10 22:00:00,12.269
2022-11-10 23:00:00,12.83
2022-11-11 00:00:00,11.559
2022-11-11 01:00:00,10.988
2022-11-11 02:00:00,10.82
2022-11-11 03:00:00,10.533
2022-11-11 04:00:00,10.16
2022-11-11 05:00:00,9.745
2022-11-11 06:00:00,9.069
2022-11-11 07:00:00,7.615
2022-11-11 08:00:00,5.623
2022-11-11 09:00:00,5.306
2022-11-11 10:00:00,4.002
2022-11-11 11:00:00,2.59
2022-11-11 12:00:00,2.338
2022-11-11 13:00:00,2.664
2022-11-11 14:00:00,2.873
2022-11-11 15:00:00,3.592
2022-11-11 16:00:00,5.076
2022-11-11 17:00:00,7.438
2022-11-11 18:00:00,8.232
2022-11-11 19:00:00,8.134
2022-11-11 20:00:00,7.938
2022-11-11 21:00:00,8.275
2022-11-11 22:00:00,8.717
2022-11-11 23:00:00,8.897
2022-11-12 00:00:00,9.192
2022-11-12 01:00:00,9.619
2022-11-12 02:00:00,9.776
2022-11-12 03:00:00,9.943
2022-11-12 04:00:00,9.885
2022-11-12 05:00:00,9.266
2022-11-12 06:00:00,8.427
2022-11-12 07:00:00,8.163
2022-11-12 08:00:00,8.141
2022-11-12 09:00:00,8.363
2022-11-12 10:00:00,8.14
2022-11-12 11:00:00,7.757
2022-11-12 12:00:00,7.311
2022-11-12 13:00:00,7.295
2022-11-12 14:00:00,7.538
2022-11-12 15:00:00,7.835
2022-11-12 16:00:00,7.548
2022-11-12 17:00:00,5.253
2022-11-12 18:00:00,3.379
2022-11-12 19:00:00,2.282
2022-11-12 20:00:00,1.673
2022-11-12 21:00:00,1.586
2022-11-12 22:00:00,1.946
2022-11-12 23:00:00,2.589
2022-11-13 00:00:00,3.065
2022-11-13 01:00:00,3.288
2022-11-13 02:00:00,3.671
2022-11-13 03:00:00,4.201
2022-11-13 04:00:00,4.637
2022-11-13 05:00:00,4.524
2022-11-13 06:00:00,4.303
2022-11-13 07:00:00,4.288
2022-11-13 08:00:00,3.742
2022-11-13 09:00:00,5.184
2022-11-13 10:00:00,5.094
2022-11-13 11:00:00,5.48
2022-11-13 12:00:00,6.647
2022-11-13 13:00:00,7.833
2022-11-13 14:00:00,8.652
2022-11-13 15:00:00,8.742
2022-11-13 16:00:00,6.712
2022-11-13 17:00:00,5.944
2022-11-13 18:00:00,6.305
2022-11-13 19:00:00,7.255
2022-11-13 20:00:00,8.191
2022-11-13 21:00:00,9.075
2022-11-13 22:00:00,9.843
2022-11-13 23:00:00,10.332
2022-11-14 00:00:00,10.628
2022-11-14 01:00:00,10.67
2022-11-14 02:00:00,10.392
2022-11-14 03:00:00,9.943
2022-11-14 04:00:00,9.403
2022-11-14 05:00:00,8.986
2022-11-14 06:00:00,8.448
2022-11-14 07:00:00,7.77
2022-11-14 08:00:00,6.113
2022-11-14 09:00:00,5.413
2022-11-14 10:00:00,6.925
2022-11-14 11:00:00,7.848
2022-11-14 12:00:00,8.567
2022-11-14 13:00:00,8.716
2022-11-14 14:00:00,8.235
2022-11-14 15:00:00,6.917
2022-11-14 16:00:00,4.755
2022-11-14 17:00:00,4.388
2022-11-14 18:00:00,4.949
2022-11-14 19:00:00,6.291
2022-11-14 20:00:00,7.393
2022-11-14 21:00:00,7.58
2022-11-14 22:00:00,7.58
2022-11-14 23:00:00,7.428
2022-11-15 00:00:00,7.352
2022-11-15 01:00:00,7.219
2022-11-15 02:00:00,6.917
2022-11-15 03:00:00,6.52
2022-11-15 04:00:00,6.256
2022-11-15 05:00:00,6.321
2022-11-15 06:00:00,6.375
2022-11-15 07:00:00,6.358
2022-11-15 08:00:00,5.219
2022-11-15 09:00:00,5.062
2022-11-15 10:00:00,6.771
2022-11-15 11:00:00,8.697
2022-11-15 12:00:00,9.514
2022-11-15 13:00:00,9.915
2022-11-15 14:00:00,9.949
2022-11-15 15:00:00,9.253
2022-11-15 16:00:00,7.154
2022-11-15 17:00:00,6.661
2022-11-15 18:00:00,7.366
2022-11-15 19:00:00,8.175
2022-11-15 20:00:00,8.576
2022-11-15 21:00:00,8.707
2022-11-15 22:00:00,8.658
2022-11-15 23:00:00,8.671
2022-11-16 00:00:00,8.717
2022-11-16 01:00:00,8.717
2022-11-16 02:00:00,8.733
2022-11-16 03:00:00,8.788
2022-11-16 04:00:00,8.716
2022-11-16 05:00:00,8.659
2022-11-16 06:00:00,8.695
2022-11-16 07:00:00,8.663
2022-11-16 08:00:00,6.897
2022-11-16 09:00:00,4.109
2022-11-16 10:00:00,3.489
2022-11-16 11:00:00,5.431
2022-11-16 12:00:00,6.845
2022-11-16 13:00:00,7.544
2022-11-16 14:00:00,7.523
2022-11-16 15:00:00,6.023
2022-11-16 16:00:00,5.848
2022-11-16 17:00:00,7.234
2022-11-16 18:00:00,8.148
2022-11-16 19:00:00,8.853
2022-11-16 20:00:00,9.289
2022-11-16 21:00:00,9.68
2022-11-16 22:00:00,10.148
2022-11-16 23:00:00,10.503
2022-11-17 00:00:00,10.713
2022-11-17 01:00:00,10.852
2022-11-17 02:00:00,10.96
2022-11-17 03:00:00,10.98
2022-11-17 04:00:00,11.039
2022-11-17 05:00:00,11.119
2022-11-17 06:00:00,11.249
2022-11-17 07:00:00,11.367
2022-11-17 08:00:00,10.335
2022-11-17 09:00:00,8.341
2022-11-17 10:00:00,9.173
2022-11-17 11:00:00,9.513
2022-11-17 12:00:00,9.349
2022-11-17 13:00:00,9.497
2022-11-17 14:00:00,9.413
2022-11-17 15:00:00,7.809
2022-11-17 16:00:00,6.683
2022-11-17 17:00:00,6.684
2022-11-17 18:00:00,6.267
2022-11-17 19:00:00,5.789
2022-11-17 20:00:00,5.063
2022-11-17 21:00:00,3.866
2022-11-17 22:00:00,2.69
2022-11-17 23:00:00,1.661
2022-11-18 00:00:00,0.751
2022-11-18 01:00:00,0.158
2022-11-18 02:00:00,0.004
2022-11-18 03:00:00,0.004
2022-11-18 04:00:00,0.281
2022-11-18 05:00:00,1.15
2022-11-18 06:00:00,2.55
2022-11-18 07:00:00,4.995
2022-11-18 08:00:00,7.347
2022-11-18 09:00:00,7.381
2022-11-18 10:00:00,7.79
2022-11-18 11:00:00,10.023
2022-11-18 12:00:00,11.678
2022-11-18 13:00:00,11.793
2022-11-18 14:00:00,11.465
2022-11-18 15:00:00,11.601
2022-11-18 16:00:00,12.152
2022-11-18 17:00:00,11.553
2022-11-18 18:00:00,10.513
2022-11-18 19:00:00,10.974
2022-11-18 20:00:00,11.746
2022-11-18 21:00:00,12.352
2022-11-18 22:00:00,12.56
2022-11-18 23:00:00,12.766
2022-11-19 00:00:00,12.846
2022-11-19 01:00:00,12.718
2022-11-19 02:00:00,12.856
2022-11-19 03:00:00,12.975
2022-11-19 04:00:00,12.814
2022-11-19 05:00:00,12.449
2022-11-19 06:00:00,12.626
2022-11-19 07:00:00,13.153
2022-11-19 08:00:00,13.352
2022-11-19 09:00:00,13.769
2022-11-19 10:00:00,13.598
2022-11-19 11:00:00,13.18
2022-11-19 12:00:00,13.253
2022-11-19 13:00:00,13.587
2022-11-19 14:00:00,13.799
2022-11-19 15:00:00,13.782
2022-11-19 16:00:00,13.421
2022-11-19 17:00:00,12.652
2022-11-19 18:00:00,12.152
2022-11-19 19:00:00,11.457
2022-11-19 20:00:00,9.266
2022-11-19 21:00:00,8.081
2022-11-19 22:00:00,7.615
2022-11-19 23:00:00,6.881
2022-11-20 00:00:00,6.125
2022-11-20 01:00:00,5.658
2022-11-20 02:00:00,5.334
2022-11-20 03:00:00,5.048
2022-11-20 04:00:00,4.815
2022-11-20 05:00:00,4.604
2022-11-20 06:00:00,4.336
2022-11-20 07:00:00,4.142
2022-11-20 08:00:00,2.755
2022-11-20 09:00:00,2.305
2022-11-20 10:00:00,3.248
2022-11-20 11:00:00,3.067
2022-11-20 12:00:00,2.996
2022-11-20 13:00:00,2.903
2022-11-20 14:00:00,2.902
2022-11-20 15:00:00,2.683
2022-11-20 16:00:00,1.717
2022-11-20 17:00:00,1.416
2022-11-20 18:00:00,1.411
2022-11-20 19:00:00,1.858
2022-11-20 20:00:00,3.11
2022-11-20 21:00:00,5.391
2022-11-20 22:00:00,7.743
2022-11-20 23:00:00,8.792
2022-11-21 00:00:00,9.012
2022-11-21 01:00:00,8.93
2022-11-21 02:00:00,8.867
2022-11-21 03:00:00,9.098
2022-11-21 04:00:00,9.418
2022-11-21 05:00:00,9.886
2022-11-21 06:00:00,10.239
2022-11-21 07:00:00,10.238
2022-11-21 08:00:00,8.716
2022-11-21 09:00:00,7.848
2022-11-21 10:00:00,10.162
2022-11-21 11:00:00,10.198
2022-11-21 12:00:00,9.377
2022-11-21 13:00:00,8.371
2022-11-21 14:00:00,7.356
2022-11-21 15:00:00,5.875
2022-11-21 16:00:00,3.9
2022-11-21 17:00:00,3.419
2022-11-21 18:00:00,3.612
2022-11-21 19:00:00,4.226
2022-11-21 20:00:00,4.766
2022-11-21 21:00:00,5.028
2022-11-21 22:00:00,5.623
2022-11-21 23:00:00,7.366
2022-11-22 00:00:00,9.335
2022-11-22 01:00:00,10.238
2022-11-22 02:00:00,10.513
2022-11-22 03:00:00,10.656
2022-11-22 04:00:00,10.595
2022-11-22 05:00:00,10.37
2022-11-22 06:00:00,10.158
2022-11-22 07:00:00,10.006
2022-11-22 08:00:00,8.775
2022-11-22 09:00:00,6.016
2022-11-22 10:00:00,4.694
2022-11-22 11:00:00,6.989
2022-11-22 12:00:00,8.019
2022-11-22 13:00:00,8.584
2022-11-22 14:00:00,8.482
2022-11-22 15:00:00,7.067
2022-11-22 16:00:00,6.63
2022-11-22 17:00:00,7.002
2022-11-22 18:00:00,7.615
2022-11-22 19:00:00,8.175
2022-11-22 20:00:00,8.661
2022-11-22 21:00:00,8.739
2022-11-22 22:00:00,7.91
2022-11-22 23:00:00,6.969
2022-11-23 00:00:00,7.036
2022-11-23 01:00:00,6.609
2022-11-23 02:00:00,5.393
2022-11-23 03:00:00,3.765
2022-11-23 04:00:00,2.297
2022-11-23 05:00:00,1.468
2022-11-23 06:00:00,0.9580000000000001
2022-11-23 07:00:00,0.618
2022-11-23 08:00:00,0.366
2022-11-23 09:00:00,0.139
2022-11-23 10:00:00,0.07100000000000001
2022-11-23 11:00:00,0.051
2022-11-23 12:00:00,0.054
2022-11-23 13:00:00,0.096
2022-11-23 14:00:00,0.115
2022-11-23 15:00:00,0.054
2022-11-23 16:00:00,0.021
2022-11-23 17:00:00,0.323
2022-11-23 18:00:00,1.962
2022-11-23 19:00:00,4.789
2022-11-23 20:00:00,6.809
2022-11-23 21:00:00,7.875
2022-11-23 22:00:00,8.469
2022-11-23 23:00:00,8.449
2022-11-24 00:00:00,7.735
2022-11-24 01:00:00,7.258
2022-11-24 02:00:00,7.275
2022-11-24 03:00:00,7.544
2022-11-24 04:00:00,8.16
2022-11-24 05:00:00,8.315
2022-11-24 06:00:00,7.806
2022-11-24 07:00:00,7.545
2022-11-24 08:00:00,7.495
2022-11-24 09:00:00,7.133
2022-11-24 10:00:00,7.704
2022-11-24 11:00:00,9.392
2022-11-24 12:00:00,11.01
2022-11-24 13:00:00,11.866
2022-11-24 14:00:00,12.233
2022-11-24 15:00:00,12.492
2022-11-24 16:00:00,12.722
2022-11-24 17:00:00,12.895
2022-11-24 18:00:00,13.167
2022-11-24 19:00:00,13.335
2022-11-24 20:00:00,13.401
2022-11-24 21:00:00,13.309
2022-11-24 22:00:00,13.143
2022-11-24 23:00:00,12.94
2022-11-25 00:00:00,11.898
2022-11-25 01:00:00,11.158
2022-11-25 02:00:00,11.701
2022-11-25 03:00:00,12.18
2022-11-25 04:00:00,12.475
2022-11-25 05:00:00,12.739
2022-11-25 06:00:00,12.937
2022-11-25 07:00:00,13.572
2022-11-25 08:00:00,13.812
2022-11-25 09:00:00,13.785
2022-11-25 10:00:00,13.536
2022-11-25 11:00:00,13.032
2022-11-25 12:00:00,13.002
2022-11-25 13:00:00,13.352
2022-11-25 14:00:00,13.495
2022-11-25 15:00:00,13.443
2022-11-25 16:00:00,13.08
2022-11-25 17:00:00,12.463
2022-11-25 18:00:00,12.158
2022-11-25 19:00:00,12.169
2022-11-25 20:00:00,12.224
2022-11-25 21:00:00,12.135
2022-11-25 22:00:00,12.0
2022-11-25 23:00:00,11.848
2022-11-26 00:00:00,12.154
2022-11-26 01:00:00,12.244
2022-11-26 02:00:00,11.721
2022-11-26 03:00:00,11.873
2022-11-26 04:00:00,11.986
2022-11-26 05:00:00,11.558
2022-11-26 06:00:00,10.587
2022-11-26 07:00:00,9.65
2022-11-26 08:00:00,8.112
2022-11-26 09:00:00,9.774000000000001
2022-11-26 10:00:00,8.944
2022-11-26 11:00:00,5.759
2022-11-26 12:00:00,2.961
2022-11-26 13:00:00,1.921
2022-11-26 14:00:00,2.516
2022-11-26 15:00:00,4.053
2022-11-26 16:00:00,4.74
2022-11-26 17:00:00,7.142
2022-11-26 18:00:00,9.377
2022-11-26 19:00:00,10.357
2022-11-26 20:00:00,11.562
2022-11-26 21:00:00,11.986
2022-11-26 22:00:00,12.335
2022-11-26 23:00:00,12.025
2022-11-27 00:00:00,11.021
2022-11-27 01:00:00,10.704
2022-11-27 02:00:00,12.494
2022-11-27 03:00:00,13.476
2022-11-27 04:00:00,13.423
2022-11-27 05:00:00,12.928
2022-11-27 06:00:00,12.813
2022-11-27 07:00:00,12.274
2022-11-27 08:00:00,11.813
2022-11-27 09:00:00,11.67
2022-11-27 10:00:00,11.994
2022-11-27 11:00:00,12.077
2022-11-27 12:00:00,11.969
2022-11-27 13:00:00,11.435
2022-11-27 14:00:00,9.62
2022-11-27 15:00:00,4.755
2022-11-27 16:00:00,0.763
2022-11-27 17:00:00,0.096
2022-11-27 18:00:00,0.177
2022-11-27 19:00:00,0.633
2022-11-27 20:00:00,0.93
2022-11-27 21:00:00,1.306
2022-11-27 22:00:00,1.449
2022-11-27 23:00:00,2.72
2022-11-28 00:00:00,5.694
2022-11-28 01:00:00,5.063
2022-11-28 02:00:00,4.113
2022-11-28 03:00:00,3.752
2022-11-28 04:00:00,3.752
2022-11-28 05:00:00,3.43
2022-11-28 06:00:00,2.761
2022-11-28 07:00:00,2.165
2022-11-28 08:00:00,1.75
2022-11-28 09:00:00,1.635
2022-11-28 10:00:00,1.92
2022-11-28 11:00:00,3.878
2022-11-28 12:00:00,9.235
2022-11-28 13:00:00,12.56
2022-11-28 14:00:00,12.868
2022-11-28 15:00:00,12.016
2022-11-28 16:00:00,11.399
2022-11-28 17:00:00,11.532
2022-11-28 18:00:00,11.987
2022-11-28 19:00:00,12.312
2022-11-28 20:00:00,12.821
2022-11-28 21:00:00,13.216
2022-11-28 22:00:00,13.406
2022-11-28 23:00:00,13.53
2022-11-29 00:00:00,13.643
2022-11-29 01:00:00,13.686
2022-11-29 02:00:00,13.686
2022-11-29 03:00:00,13.698
2022-11-29 04:00:00,13.709
2022-11-29 05:00:00,13.658
2022-11-29 06:00:00,13.498
2022-11-29 07:00:00,13.341
2022-11-29 08:00:00,13.31
2022-11-29 09:00:00,13.35
2022-11-29 10:00:00,13.357
2022-11-29 11:00:00,13.498
2022-11-29 12:00:00,13.664
2022-11-29 13:00:00,13.755
2022-11-29 14:00:00,13.8
2022-11-29 15:00:00,13.814
2022-11-29 16:00:00,13.817
2022-11-29 17:00:00,13.813
2022-11-29 18:00:00,13.762
2022-11-29 19:00:00,13.6
2022-11-29 20:00:00,13.492
2022-11-29 21:00:00,13.492
2022-11-29 22:00:00,13.483
2022-11-29 23:00:00,13.398
2022-11-30 00:00:00,13.309
2022-11-30 01:00:00,13.285
2022-11-30 02:00:00,13.207
2022-11-30 03:00:00,13.098
2022-11-30 04:00:00,12.984
2022-11-30 05:00:00,12.869
2022-11-30 06:00:00,12.768
2022-11-30 07:00:00,12.748
2022-11-30 08:00:00,12.773
2022-11-30 09:00:00,13.281
2022-11-30 10:00:00,13.435
2022-11-30 11:00:00,13.582
2022-11-30 12:00:00,13.679
2022-11-30 13:00:00,13.702
2022-11-30 14:00:00,13.682
2022-11-30 15:00:00,13.601
2022-11-30 16:00:00,13.231
2022-11-30 17:00:00,12.211
2022-11-30 18:00:00,11.885
2022-11-30 19:00:00,12.077
2022-11-30 20:00:00,12.263
2022-11-30 21:00:00,12.168
2022-11-30 22:00:00,11.757
2022-11-30 23:00:00,11.66
2022-12-01 00:00:00,11.737
2022-12-01 01:00:00,11.744
2022-12-01 02:00:00,11.151
2022-12-01 03:00:00,10.771
2022-12-01 04:00:00,10.918
2022-12-01 05:00:00,11.355
2022-12-01 06:00:00,10.688
2022-12-01 07:00:00,9.807
2022-12-01 08:00:00,8.993
2022-12-01 09:00:00,11.734
2022-12-01 10:00:00,12.212
2022-12-01 11:00:00,12.543
2022-12-01 12:00:00,12.897
2022-12-01 13:00:00,13.149
2022-12-01 14:00:00,13.271
2022-12-01 15:00:00,13.181
2022-12-01 16:00:00,12.301
2022-12-01 17:00:00,11.388
2022-12-01 18:00:00,11.622
2022-12-01 19:00:00,12.005
2022-12-01 20:00:00,12.306
2022-12-01 21:00:00,12.385
2022-12-01 22:00:00,12.332
2022-12-01 23:00:00,12.152
2022-12-02 00:00:00,12.198
2022-12-02 01:00:00,12.214
2022-12-02 02:00:00,12.151
2022-12-02 03:00:00,11.796
2022-12-02 04:00:00,11.455
2022-12-02 05:00:00,10.82
2022-12-02 06:00:00,10.405
2022-12-02 07:00:00,10.01
2022-12-02 08:00:00,9.321
2022-12-02 09:00:00,8.857
2022-12-02 10:00:00,12.234
2022-12-02 11:00:00,12.799
2022-12-02 12:00:00,12.992
2022-12-02 13:00:00,13.131
2022-12-02 14:00:00,13.197
2022-12-02 15:00:00,12.868
2022-12-02 16:00:00,11.812
2022-12-02 17:00:00,10.055
2022-12-02 18:00:00,8.835
2022-12-02 19:00:00,8.957
2022-12-02 20:00:00,8.72
2022-12-02 21:00:00,10.231
2022-12-02 22:00:00,12.077
2022-12-02 23:00:00,13.092
2022-12-03 00:00:00,13.403
2022-12-03 01:00:00,13.217
2022-12-03 02:00:00,12.323
2022-12-03 03:00:00,11.223
2022-12-03 04:00:00,10.961
2022-12-03 05:00:00,10.772
2022-12-03 06:00:00,10.64
2022-12-03 07:00:00,10.944
2022-12-03 08:00:00,11.214
2022-12-03 09:00:00,12.941
2022-12-03 10:00:00,13.492
2022-12-03 11:00:00,13.664
2022-12-03 12:00:00,13.73
2022-12-03 13:00:00,13.753
2022-12-03 14:00:00,13.758
2022-12-03 15:00:00,13.727
2022-12-03 16:00:00,13.524
2022-12-03 17:00:00,12.943
2022-12-03 18:00:00,12.578
2022-12-03 19:00:00,12.556
2022-12-03 20:00:00,12.464
2022-12-03 21:00:00,12.377
2022-12-03 22:00:00,11.871
2022-12-03 23:00:00,11.691
2022-12-04 00:00:00,11.511
2022-12-04 01:00:00,11.203
2022-12-04 02:00:00,10.686
2022-12-04 03:00:00,10.529
2022-12-04 04:00:00,10.377
2022-12-04 05:00:00,10.409
2022-12-04 06:00:00,10.453
2022-12-04 07:00:00,10.453
2022-12-04 08:00:00,9.928
2022-12-04 09:00:00,10.755
2022-12-04 10:00:00,12.315
2022-12-04 11:00:00,12.869
2022-12-04 12:00:00,12.989
2022-12-04 13:00:00,12.946
2022-12-04 14:00:00,12.776
2022-12-04 15:00:00,12.077
2022-12-04 16:00:00,10.422
2022-12-04 17:00:00,9.01
2022-12-04 18:00:00,8.97
2022-12-04 19:00:00,9.297
2022-12-04 20:00:00,9.544
2022-12-04 21:00:00,9.68
2022-12-04 22:00:00,9.719
2022-12-04 23:00:00,9.703
2022-12-05 00:00:00,9.62
2022-12-05 01:00:00,9.514
2022-12-05 02:00:00,9.359
2022-12-05 03:00:00,9.297
2022-12-05 04:00:00,9.244
2022-12-05 05:00:00,9.155
2022-12-05 06:00:00,9.066
2022-12-05 07:00:00,9.07
2022-12-05 08:00:00,8.579
2022-12-05 09:00:00,9.162
2022-12-05 10:00:00,11.407
2022-12-05 11:00:00,12.521
2022-12-05 12:00:00,12.839
2022-12-05 13:00:00,12.918
2022-12-05 14:00:00,12.87
2022-12-05 15:00:00,12.42
2022-12-05 16:00:00,11.411
2022-12-05 17:00:00,11.043
2022-12-05 18:00:00,11.712
2022-12-05 19:00:00,12.153
2022-12-05 20:00:00,12.303
2022-12-05 21:00:00,12.315
2022-12-05 22:00:00,12.377
2022-12-05 23:00:00,12.5
2022-12-06 00:00:00,12.637
2022-12-06 01:00:00,12.76
2022-12-06 02:00:00,12.84
2022-12-06 03:00:00,12.85
2022-12-06 04:00:00,12.835
2022-12-06 05:00:00,12.787
2022-12-06 06:00:00,12.74
2022-12-06 07:00:00,12.748
2022-12-06 08:00:00,12.693
2022-12-06 09:00:00,13.08
2022-12-06 10:00:00,13.452
2022-12-06 11:00:00,13.639
2022-12-06 12:00:00,13.769
2022-12-06 13:00:00,13.81
2022-12-06 14:00:00,13.816
2022-12-06 15:00:00,13.771
2022-12-06 16:00:00,13.718
2022-12-06 17:00:00,13.638
2022-12-06 18:00:00,13.575
2022-12-06 19:00:00,13.608
2022-12-06 20:00:00,13.537
2022-12-06 21:00:00,13.435
2022-12-06 22:00:00,13.259
2022-12-06 23:00:00,13.122
2022-12-07 00:00:00,13.032
2022-12-07 01:00:00,12.962
2022-12-07 02:00:00,12.643
2022-12-07 03:00:00,12.716
2022-12-07 04:00:00,12.676
2022-12-07 05:00:00,12.524
2022-12-07 06:00:00,12.332
2022-12-07 07:00:00,12.086
2022-12-07 08:00:00,11.44
2022-12-07 09:00:00,10.621
2022-12-07 10:00:00,11.745
2022-12-07 11:00:00,12.042
2022-12-07 12:00:00,12.309
2022-12-07 13:00:00,12.278
2022-12-07 14:00:00,11.877
2022-12-07 15:00:00,10.114
2022-12-07 16:00:00,8.668
2022-12-07 17:00:00,8.679
2022-12-07 18:00:00,9.335
2022-12-07 19:00:00,10.061
2022-12-07 20:00:00,10.513
2022-12-07 21:00:00,10.642
2022-12-07 22:00:00,10.453
2022-12-07 23:00:00,10.064
2022-12-08 00:00:00,9.65
2022-12-08 01:00:00,9.364
2022-12-08 02:00:00,9.338
2022-12-08 03:00:00,9.468
2022-12-08 04:00:00,9.579
2022-12-08 05:00:00,9.676
2022-12-08 06:00:00,9.84
2022-12-08 07:00:00,10.052
2022-12-08 08:00:00,9.46
2022-12-08 09:00:00,7.704
2022-12-08 10:00:00,9.443
2022-12-08 11:00:00,11.172
2022-12-08 12:00:00,11.531
2022-12-08 13:00:00,11.469
2022-12-08 14:00:00,11.143
2022-12-08 15:00:00,9.406
2022-12-08 16:00:00,8.206
2022-12-08 17:00:00,8.729
2022-12-08 18:00:00,9.465
2022-12-08 19:00:00,9.987
2022-12-08 20:00:00,10.189
2022-12-08 21:00:00,10.056
2022-12-08 22:00:00,9.767
2022-12-08 23:00:00,9.421
2022-12-09 00:00:00,9.208
2022-12-09 01:00:00,9.142
2022-12-09 02:00:00,9.121
2022-12-09 03:00:00,9.02
2022-12-09 04:00:00,9.157
2022-12-09 05:00:00,8.717
2022-12-09 06:00:00,8.566
2022-12-09 07:00:00,8.517
2022-12-09 08:00:00,8.574
2022-12-09 09:00:00,7.366
2022-12-09 10:00:00,9.266
2022-12-09 11:00:00,10.345
2022-12-09 12:00:00,10.622
2022-12-09 13:00:00,10.328
2022-12-09 14:00:00,9.68
2022-12-09 15:00:00,8.175
2022-12-09 16:00:00,6.263
2022-12-09 17:00:00,5.728
2022-12-09 18:00:00,5.534
2022-12-09 19:00:00,5.702
2022-12-09 20:00:00,6.273
2022-12-09 21:00:00,6.809
2022-12-09 22:00:00,7.366
2022-12-09 23:00:00,8.027
2022-12-10 00:00:00,7.815
2022-12-10 01:00:00,7.486
2022-12-10 02:00:00,7.544
2022-12-10 03:00:00,7.907
2022-12-10 04:00:00,8.238
2022-12-10 05:00:00,8.482
2022-12-10 06:00:00,8.718
2022-12-10 07:00:00,8.723
2022-12-10 08:00:00,8.711
2022-12-10 09:00:00,10.027
2022-12-10 10:00:00,10.533
2022-12-10 11:00:00,11.171
2022-12-10 12:00:00,11.429
2022-12-10 13:00:00,11.507
2022-12-10 14:00:00,11.537
2022-12-10 15:00:00,11.019
2022-12-10 16:00:00,10.142
2022-12-10 17:00:00,10.539
2022-12-10 18:00:00,10.663
2022-12-10 19:00:00,10.67
2022-12-10 20:00:00,10.355
2022-12-10 21:00:00,9.836
2022-12-10 22:00:00,9.328
2022-12-10 23:00:00,9.115
2022-12-11 00:00:00,9.055
2022-12-11 01:00:00,9.404
2022-12-11 02:00:00,9.277
2022-12-11 03:00:00,9.066
2022-12-11 04:00:00,9.166
2022-12-11 05:00:00,9.429
2022-12-11 06:00:00,9.743
2022-12-11 07:00:00,9.85
2022-12-11 08:00:00,9.019
2022-12-11 09:00:00,6.795
2022-12-11 10:00:00,5.659
2022-12-11 11:00:00,6.82
2022-12-11 12:00:00,4.789
2022-12-11 13:00:00,3.857
2022-12-11 14:00:00,3.13
2022-12-11 15:00:00,3.824
2022-12-11 16:00:00,6.183
2022-12-11 17:00:00,8.562
2022-12-11 18:00:00,9.761
2022-12-11 19:00:00,10.57
2022-12-11 20:00:00,12.287
2022-12-11 21:00:00,12.868
2022-12-11 22:00:00,13.239
2022-12-11 23:00:00,13.538
2022-12-12 00:00:00,13.683
2022-12-12 01:00:00,13.767
2022-12-12 02:00:00,13.808
2022-12-12 03:00:00,13.814
2022-12-12 04:00:00,13.725
2022-12-12 05:00:00,13.567
2022-12-12 06:00:00,13.769
2022-12-12 07:00:00,13.801
2022-12-12 08:00:00,13.718
2022-12-12 09:00:00,13.746
2022-12-12 10:00:00,13.787
2022-12-12 11:00:00,13.721
2022-12-12 12:00:00,13.547
2022-12-12 13:00:00,13.29
2022-12-12 14:00:00,13.014
2022-12-12 15:00:00,12.56
2022-12-12 16:00:00,11.171
2022-12-12 17:00:00,9.914
2022-12-12 18:00:00,9.711
2022-12-12 19:00:00,9.914
2022-12-12 20:00:00,10.114
2022-12-12 21:00:00,9.936
2022-12-12 22:00:00,9.511
2022-12-12 23:00:00,8.865
2022-12-13 00:00:00,9.404
2022-12-13 01:00:00,12.156
2022-12-13 02:00:00,13.35
2022-12-13 03:00:00,13.742
2022-12-13 04:00:00,13.801
2022-12-13 05:00:00,13.781
2022-12-13 06:00:00,13.763
2022-12-13 07:00:00,13.739
2022-12-13 08:00:00,13.792
2022-12-13 09:00:00,13.798
2022-12-13 10:00:00,13.794
2022-12-13 11:00:00,13.783
2022-12-13 12:00:00,13.748
2022-12-13 13:00:00,13.687
2022-12-13 14:00:00,13.648
2022-12-13 15:00:00,13.705
2022-12-13 16:00:00,13.807
2022-12-13 17:00:00,13.803
2022-12-13 18:00:00,13.763
2022-12-13 19:00:00,13.708
2022-12-13 20:00:00,13.622
2022-12-13 21:00:00,13.493
2022-12-13 22:00:00,12.929
2022-12-13 23:00:00,12.304
2022-12-14 00:00:00,12.0
2022-12-14 01:00:00,11.785
2022-12-14 02:00:00,11.456
2022-12-14 03:00:00,10.552
2022-12-14 04:00:00,10.177
2022-12-14 05:00:00,9.589
2022-12-14 06:00:00,8.721
2022-12-14 07:00:00,7.813
2022-12-14 08:00:00,6.777
2022-12-14 09:00:00,5.576000000000001
2022-12-14 10:00:00,4.808
2022-12-14 11:00:00,4.637
2022-12-14 12:00:00,4.308
2022-12-14 13:00:00,3.616
2022-12-14 14:00:00,2.616
2022-12-14 15:00:00,1.813
2022-12-14 16:00:00,1.566
2022-12-14 17:00:00,1.815
2022-12-14 18:00:00,1.813
2022-12-14 19:00:00,2.117
2022-12-14 20:00:00,2.956
2022-12-14 21:00:00,4.305
2022-12-14 22:00:00,5.779
2022-12-14 23:00:00,6.881
2022-12-15 00:00:00,7.748
2022-12-15 01:00:00,8.792
2022-12-15 02:00:00,9.658
2022-12-15 03:00:00,9.886
2022-12-15 04:00:00,9.853
2022-12-15 05:00:00,9.58
2022-12-15 06:00:00,8.753
2022-12-15 07:00:00,8.572
2022-12-15 08:00:00,8.736
2022-12-15 09:00:00,9.848
2022-12-15 10:00:00,11.413
2022-12-15 11:00:00,12.192
2022-12-15 12:00:00,12.635
2022-12-15 13:00:00,12.799
2022-12-15 14:00:00,12.691
2022-12-15 15:00:00,12.204
2022-12-15 16:00:00,10.856
2022-12-15 17:00:00,9.77
2022-12-15 18:00:00,9.544
2022-12-15 19:00:00,9.68
2022-12-15 20:00:00,9.706
2022-12-15 21:00:00,9.701
2022-12-15 22:00:00,9.575
2022-12-15 23:00:00,9.488
2022-12-16 00:00:00,9.329
2022-12-16 01:00:00,9.084
2022-12-16 02:00:00,8.813
2022-12-16 03:00:00,8.45
2022-12-16 04:00:00,7.694
2022-12-16 05:00:00,6.992
2022-12-16 06:00:00,6.276
2022-12-16 07:00:00,5.565
2022-12-16 08:00:00,4.789
2022-12-16 09:00:00,4.128
2022-12-16 10:00:00,3.898
2022-12-16 11:00:00,5.196
2022-12-16 12:00:00,5.663
2022-12-16 13:00:00,5.959
2022-12-16 14:00:00,6.52
2022-12-16 15:00:00,7.33
2022-12-16 16:00:00,8.175
2022-12-16 17:00:00,8.857
2022-12-16 18:00:00,9.403
2022-12-16 19:00:00,10.178
2022-12-16 20:00:00,10.012
2022-12-16 21:00:00,9.327
2022-12-16 22:00:00,9.694
2022-12-16 23:00:00,10.038
2022-12-17 00:00:00,10.333
2022-12-17 01:00:00,11.18
2022-12-17 02:00:00,11.388
2022-12-17 03:00:00,11.623
2022-12-17 04:00:00,12.014
2022-12-17 05:00:00,11.898
2022-12-17 06:00:00,11.358
2022-12-17 07:00:00,11.193
2022-12-17 08:00:00,10.81
2022-12-17 09:00:00,12.097
2022-12-17 10:00:00,12.332
2022-12-17 11:00:00,12.463
2022-12-17 12:00:00,12.729
2022-12-17 13:00:00,12.948
2022-12-17 14:00:00,13.149
2022-12-17 15:00:00,13.263
2022-12-17 16:00:00,13.07
2022-12-17 17:00:00,12.834
2022-12-17 18:00:00,12.616
2022-12-17 19:00:00,12.479
2022-12-17 20:00:00,12.038
2022-12-17 21:00:00,11.486
2022-12-17 22:00:00,10.737
2022-12-17 23:00:00,9.189
2022-12-18 00:00:00,8.683
2022-12-18 01:00:00,9.233
2022-12-18 02:00:00,9.148
2022-12-18 03:00:00,9.171
2022-12-18 04:00:00,8.659
2022-12-18 05:00:00,7.884
2022-12-18 06:00:00,7.206
2022-12-18 07:00:00,6.647
2022-12-18 08:00:00,5.98
2022-12-18 09:00:00,5.134
2022-12-18 10:00:00,7.58
2022-12-18 11:00:00,8.767
2022-12-18 12:00:00,8.99
2022-12-18 13:00:00,9.037
2022-12-18 14:00:00,8.966
2022-12-18 15:00:00,8.215
2022-12-18 16:00:00,5.54
2022-12-18 17:00:00,5.097
2022-12-18 18:00:00,5.908
2022-12-18 19:00:00,6.07
2022-12-18 20:00:00,5.944
2022-12-18 21:00:00,6.971
2022-12-18 22:00:00,7.33
2022-12-18 23:00:00,7.792
2022-12-19 00:00:00,7.995
2022-12-19 01:00:00,8.566
2022-12-19 02:00:00,8.875
2022-12-19 03:00:00,8.789
2022-12-19 04:00:00,8.45
2022-12-19 05:00:00,8.074
2022-12-19 06:00:00,7.615
2022-12-19 07:00:00,7.295
2022-12-19 08:00:00,6.466
2022-12-19 09:00:00,4.908
2022-12-19 10:00:00,6.35
2022-12-19 11:00:00,7.303
2022-12-19 12:00:00,8.582
2022-12-19 13:00:00,8.949
2022-12-19 14:00:00,8.482
2022-12-19 15:00:00,6.454
2022-12-19 16:00:00,5.59
2022-12-19 17:00:00,6.232
2022-12-19 18:00:00,7.023
2022-12-19 19:00:00,7.736
2022-12-19 20:00:00,8.089
2022-12-19 21:00:00,8.12
2022-12-19 22:00:00,7.865
2022-12-19 23:00:00,7.429
2022-12-20 00:00:00,7.065
2022-12-20 01:00:00,7.08
2022-12-20 02:00:00,7.209
2022-12-20 03:00:00,7.037
2022-12-20 04:00:00,6.585
2022-12-20 05:00:00,6.272
2022-12-20 06:00:00,6.329
2022-12-20 07:00:00,6.592
2022-12-20 08:00:00,6.127
2022-12-20 09:00:00,4.424
2022-12-20 10:00:00,4.684
2022-12-20 11:00:00,7.097
2022-12-20 12:00:00,8.089
2022-12-20 13:00:00,8.566
2022-12-20 14:00:00,9.007
2022-12-20 15:00:00,8.935
2022-12-20 16:00:00,7.557
2022-12-20 17:00:00,6.3
2022-12-20 18:00:00,6.135
2022-12-20 19:00:00,7.564
2022-12-20 20:00:00,10.282
2022-12-20 21:00:00,11.69
2022-12-20 22:00:00,11.957
2022-12-20 23:00:00,11.486
2022-12-21 00:00:00,10.683
2022-12-21 01:00:00,9.608
2022-12-21 02:00:00,8.247
2022-12-21 03:00:00,7.154
2022-12-21 04:00:00,6.16
2022-12-21 05:00:00,5.341
2022-12-21 06:00:00,4.487
2022-12-21 07:00:00,3.933
2022-12-21 08:00:00,3.523
2022-12-21 09:00:00,3.511
2022-12-21 10:00:00,4.67
2022-12-21 11:00:00,7.58
2022-12-21 12:00:00,8.936
2022-12-21 13:00:00,8.97
2022-12-21 14:00:00,8.709
2022-12-21 15:00:00,7.993
2022-12-21 16:00:00,6.554
2022-12-21 17:00:00,6.267
2022-12-21 18:00:00,7.295
2022-12-21 19:00:00,8.094
2022-12-21 20:00:00,7.984
2022-12-21 21:00:00,7.486
2022-12-21 22:00:00,6.618
2022-12-21 23:00:00,7.035
2022-12-22 00:00:00,8.089
2022-12-22 01:00:00,9.383
2022-12-22 02:00:00,10.333
2022-12-22 03:00:00,11.307
2022-12-22 04:00:00,12.578
2022-12-22 05:00:00,13.022
2022-12-22 06:00:00,12.905
2022-12-22 07:00:00,12.625
2022-12-22 08:00:00,12.449
2022-12-22 09:00:00,12.366
2022-12-22 10:00:00,12.354
2022-12-22 11:00:00,12.625
2022-12-22 12:00:00,12.866
2022-12-22 13:00:00,13.032
2022-12-22 14:00:00,13.131
2022-12-22 15:00:00,13.122
2022-12-22 16:00:00,12.821
2022-12-22 17:00:00,12.447
2022-12-22 18:00:00,12.214
2022-12-22 19:00:00,11.644
2022-12-22 20:00:00,11.309
2022-12-22 21:00:00,11.091
2022-12-22 22:00:00,10.828
2022-12-22 23:00:00,10.673
2022-12-23 00:00:00,10.55
2022-12-23 01:00:00,10.292
2022-12-23 02:00:00,9.723
2022-12-23 03:00:00,9.093
2022-12-23 04:00:00,8.567
2022-12-23 05:00:00,8.449
2022-12-23 06:00:00,8.569
2022-12-23 07:00:00,8.567
2022-12-23 08:00:00,9.011
2022-12-23 09:00:00,9.914
2022-12-23 10:00:00,10.153
2022-12-23 11:00:00,10.659
2022-12-23 12:00:00,11.112
2022-12-23 13:00:00,11.17
2022-12-23 14:00:00,11.068
2022-12-23 15:00:00,10.72
2022-12-23 16:00:00,9.544
2022-12-23 17:00:00,9.158
2022-12-23 18:00:00,9.098
2022-12-23 19:00:00,8.898
2022-12-23 20:00:00,8.389
2022-12-23 21:00:00,7.678
2022-12-23 22:00:00,6.925
2022-12-23 23:00:00,6.43
2022-12-24 00:00:00,6.196
2022-12-24 01:00:00,6.212
2022-12-24 02:00:00,6.308
2022-12-24 03:00:00,6.394
2022-12-24 04:00:00,6.358
2022-12-24 05:00:00,6.302
2022-12-24 06:00:00,6.308
2022-12-24 07:00:00,6.583
2022-12-24 08:00:00,6.33
2022-12-24 09:00:00,5.048
2022-12-24 10:00:00,4.775
2022-12-24 11:00:00,5.704
2022-12-24 12:00:00,6.567
2022-12-24 13:00:00,6.755
2022-12-24 14:00:00,6.917
2022-12-24 15:00:00,6.538
2022-12-24 16:00:00,7.044
2022-12-24 17:00:00,7.739
2022-12-24 18:00:00,7.58
2022-12-24 19:00:00,7.307
2022-12-24 20:00:00,6.928
2022-12-24 21:00:00,6.402
2022-12-24 22:00:00,5.778
2022-12-24 23:00:00,5.219
2022-12-25 00:00:00,4.755
2022-12-25 01:00:00,4.637
2022-12-25 02:00:00,4.407
2022-12-25 03:00:00,3.32
2022-12-25 04:00:00,2.281
2022-12-25 05:00:00,1.931
2022-12-25 06:00:00,1.703
2022-12-25 07:00:00,1.21
2022-12-25 08:00:00,0.581
2022-12-25 09:00:00,0.088
2022-12-25 10:00:00,0.008
2022-12-25 11:00:00,0.029
2022-12-25 12:00:00,0.192
2022-12-25 13:00:00,0.641
2022-12-25 14:00:00,1.296
2022-12-25 15:00:00,2.572
2022-12-25 16:00:00,4.897
2022-12-25 17:00:00,6.925
2022-12-25 18:00:00,8.224
2022-12-25 19:00:00,9.661
2022-12-25 20:00:00,9.886
2022-12-25 21:00:00,9.575
2022-12-25 22:00:00,9.864
2022-12-25 23:00:00,10.139
2022-12-26 00:00:00,9.68
2022-12-26 01:00:00,9.412
2022-12-26 02:00:00,9.349
2022-12-26 03:00:00,9.388
2022-12-26 04:00:00,9.329
2022-12-26 05:00:00,9.155
2022-12-26 06:00:00,8.683
2022-12-26 07:00:00,8.566
2022-12-26 08:00:00,8.215
2022-12-26 09:00:00,8.176
2022-12-26 10:00:00,10.589
2022-12-26 11:00:00,11.345
2022-12-26 12:00:00,11.696
2022-12-26 13:00:00,11.794
2022-12-26 14:00:00,11.775
2022-12-26 15:00:00,11.64
2022-12-26 16:00:00,10.844
2022-12-26 17:00:00,10.113
2022-12-26 18:00:00,10.013
2022-12-26 19:00:00,9.721
2022-12-26 20:00:00,9.65
2022-12-26 21:00:00,9.381
2022-12-26 22:00:00,9.441
2022-12-26 23:00:00,9.247
2022-12-27 00:00:00,9.479
2022-12-27 01:00:00,9.329
2022-12-27 02:00:00,9.859
2022-12-27 03:00:00,10.427
2022-12-27 04:00:00,10.02
2022-12-27 05:00:00,9.915
2022-12-27 06:00:00,10.278
2022-12-27 07:00:00,9.975999999999999
2022-12-27 08:00:00,10.406
2022-12-27 09:00:00,11.532
2022-12-27 10:00:00,11.833
2022-12-27 11:00:00,12.248
2022-12-27 12:00:00,12.702
2022-12-27 13:00:00,12.899
2022-12-27 14:00:00,12.983
2022-12-27 15:00:00,12.792
2022-12-27 16:00:00,11.874
2022-12-27 17:00:00,11.366
2022-12-27 18:00:00,11.193
2022-12-27 19:00:00,11.214
2022-12-27 20:00:00,11.406
2022-12-27 21:00:00,11.367
2022-12-27 22:00:00,11.198
2022-12-27 23:00:00,11.126
2022-12-28 00:00:00,10.933
2022-12-28 01:00:00,10.7
2022-12-28 02:00:00,10.479
2022-12-28 03:00:00,10.265
2022-12-28 04:00:00,9.691
2022-12-28 05:00:00,8.295
2022-12-28 06:00:00,7.326
2022-12-28 07:00:00,7.038
2022-12-28 08:00:00,7.133
2022-12-28 09:00:00,8.62
2022-12-28 10:00:00,9.885
2022-12-28 11:00:00,10.266
2022-12-28 12:00:00,10.485
2022-12-28 13:00:00,10.526
2022-12-28 14:00:00,10.453
2022-12-28 15:00:00,10.091
2022-12-28 16:00:00,8.653
2022-12-28 17:00:00,7.984
2022-12-28 18:00:00,7.791
2022-12-28 19:00:00,8.019
2022-12-28 20:00:00,8.295
2022-12-28 21:00:00,8.175
2022-12-28 22:00:00,7.802
2022-12-28 23:00:00,8.321
2022-12-29 00:00:00,8.961
2022-12-29 01:00:00,9.312
2022-12-29 02:00:00,9.415
2022-12-29 03:00:00,9.498
2022-12-29 04:00:00,9.533
2022-12-29 05:00:00,8.938
2022-12-29 06:00:00,8.668
2022-12-29 07:00:00,8.586
2022-12-29 08:00:00,8.785
2022-12-29 09:00:00,9.771
2022-12-29 10:00:00,9.297
2022-12-29 11:00:00,9.403
2022-12-29 12:00:00,9.986
2022-12-29 13:00:00,10.006
2022-12-29 14:00:00,9.914
2022-12-29 15:00:00,8.839
2022-12-29 16:00:00,8.38
2022-12-29 17:00:00,9.269
2022-12-29 18:00:00,10.21
2022-12-29 19:00:00,10.71
2022-12-29 20:00:00,10.726
2022-12-29 21:00:00,10.39
2022-12-29 22:00:00,10.293
2022-12-29 23:00:00,10.011
2022-12-30 00:00:00,9.923
2022-12-30 01:00:00,9.929
2022-12-30 02:00:00,10.108
2022-12-30 03:00:00,10.22
2022-12-30 04:00:00,10.329
2022-12-30 05:00:00,10.491
2022-12-30 06:00:00,10.881
2022-12-30 07:00:00,11.293
2022-12-30 08:00:00,11.114
2022-12-30 09:00:00,9.776
2022-12-30 10:00:00,8.989
2022-12-30 11:00:00,11.288
2022-12-30 12:00:00,11.635
2022-12-30 13:00:00,11.701
2022-12-30 14:00:00,11.49
2022-12-30 15:00:00,10.48
2022-12-30 16:00:00,11.114
2022-12-30 17:00:00,11.834
2022-12-30 18:00:00,12.17
2022-12-30 19:00:00,12.273
2022-12-30 20:00:00,12.225
2022-12-30 21:00:00,12.115
2022-12-30 22:00:00,11.918
2022-12-30 23:00:00,11.626
2022-12-31 00:00:00,11.255
2022-12-31 01:00:00,10.771
2022-12-31 02:00:00,10.213
2022-12-31 03:00:00,9.573
2022-12-31 04:00:00,8.671
2022-12-31 05:00:00,7.388
2022-12-31 06:00:00,5.659
2022-12-31 07:00:00,4.158
2022-12-31 08:00:00,3.106
2022-12-31 09:00:00,2.421
2022-12-31 10:00:00,2.802
2022-12-31 11:00:00,3.829
2022-12-31 12:00:00,5.908
2022-12-31 13:00:00,7.443
2022-12-31 14:00:00,8.564
2022-12-31 15:00:00,8.739
2022-12-31 16:00:00,7.84
2022-12-31 17:00:00,7.055
2022-12-31 18:00:00,6.707
2022-12-31 19:00:00,6.307
2022-12-31 20:00:00,6.369
2022-12-31 21:00:00,6.972
2022-12-31 22:00:00,7.648
2022-12-31 23:00:00,8.175
2023-01-01 00:00:00,8.194
2023-01-01 01:00:00,8.295
2023-01-01 02:00:00,8.832
2023-01-01 03:00:00,8.482
2023-01-01 04:00:00,8.219
2023-01-01 05:00:00,8.102
2023-01-01 06:00:00,7.848
2023-01-01 07:00:00,7.778
