time,electricity
2022-01-01 08:00:00,0.849
2022-01-01 09:00:00,2.111
2022-01-01 10:00:00,3.738
2022-01-01 11:00:00,4.12
2022-01-01 12:00:00,4.207
2022-01-01 13:00:00,4.39
2022-01-01 14:00:00,4.44
2022-01-01 15:00:00,2.545
2022-01-01 16:00:00,1.116
2022-01-01 17:00:00,0.081
2022-01-01 18:00:00,0.0
2022-01-01 19:00:00,0.0
2022-01-01 20:00:00,0.0
2022-01-01 21:00:00,0.0
2022-01-01 22:00:00,0.0
2022-01-01 23:00:00,0.0
2022-01-02 00:00:00,0.0
2022-01-02 01:00:00,0.0
2022-01-02 02:00:00,0.0
2022-01-02 03:00:00,0.0
2022-01-02 04:00:00,0.0
2022-01-02 05:00:00,0.0
2022-01-02 06:00:00,0.0
2022-01-02 07:00:00,0.056
2022-01-02 08:00:00,1.195
2022-01-02 09:00:00,3.905
2022-01-02 10:00:00,11.919
2022-01-02 11:00:00,14.065
2022-01-02 12:00:00,14.539
2022-01-02 13:00:00,13.855
2022-01-02 14:00:00,12.135
2022-01-02 15:00:00,8.975
2022-01-02 16:00:00,4.567
2022-01-02 17:00:00,0.634
2022-01-02 18:00:00,0.0
2022-01-02 19:00:00,0.0
2022-01-02 20:00:00,0.0
2022-01-02 21:00:00,0.0
2022-01-02 22:00:00,0.0
2022-01-02 23:00:00,0.0
2022-01-03 00:00:00,0.0
2022-01-03 01:00:00,0.0
2022-01-03 02:00:00,0.0
2022-01-03 03:00:00,0.0
2022-01-03 04:00:00,0.0
2022-01-03 05:00:00,0.0
2022-01-03 06:00:00,0.0
2022-01-03 07:00:00,0.174
2022-01-03 08:00:00,2.484
2022-01-03 09:00:00,6.241
2022-01-03 10:00:00,10.662
2022-01-03 11:00:00,12.455
2022-01-03 12:00:00,13.092
2022-01-03 13:00:00,11.998
2022-01-03 14:00:00,8.745
2022-01-03 15:00:00,4.814
2022-01-03 16:00:00,1.833
2022-01-03 17:00:00,0.126
2022-01-03 18:00:00,0.0
2022-01-03 19:00:00,0.0
2022-01-03 20:00:00,0.0
2022-01-03 21:00:00,0.0
2022-01-03 22:00:00,0.0
2022-01-03 23:00:00,0.0
2022-01-04 00:00:00,0.0
2022-01-04 01:00:00,0.0
2022-01-04 02:00:00,0.0
2022-01-04 03:00:00,0.0
2022-01-04 04:00:00,0.0
2022-01-04 05:00:00,0.0
2022-01-04 06:00:00,0.0
2022-01-04 07:00:00,0.145
2022-01-04 08:00:00,2.362
2022-01-04 09:00:00,6.255
2022-01-04 10:00:00,10.096
2022-01-04 11:00:00,13.101
2022-01-04 12:00:00,14.0
2022-01-04 13:00:00,11.547
2022-01-04 14:00:00,7.627
2022-01-04 15:00:00,3.518
2022-01-04 16:00:00,1.754
2022-01-04 17:00:00,0.31
2022-01-04 18:00:00,0.0
2022-01-04 19:00:00,0.0
2022-01-04 20:00:00,0.0
2022-01-04 21:00:00,0.0
2022-01-04 22:00:00,0.0
2022-01-04 23:00:00,0.0
2022-01-05 00:00:00,0.0
2022-01-05 01:00:00,0.0
2022-01-05 02:00:00,0.0
2022-01-05 03:00:00,0.0
2022-01-05 04:00:00,0.0
2022-01-05 05:00:00,0.0
2022-01-05 06:00:00,0.0
2022-01-05 07:00:00,0.004
2022-01-05 08:00:00,0.644
2022-01-05 09:00:00,2.064
2022-01-05 10:00:00,4.191
2022-01-05 11:00:00,5.745
2022-01-05 12:00:00,6.827
2022-01-05 13:00:00,7.155
2022-01-05 14:00:00,6.846
2022-01-05 15:00:00,4.879
2022-01-05 16:00:00,2.247
2022-01-05 17:00:00,0.229
2022-01-05 18:00:00,0.0
2022-01-05 19:00:00,0.0
2022-01-05 20:00:00,0.0
2022-01-05 21:00:00,0.0
2022-01-05 22:00:00,0.0
2022-01-05 23:00:00,0.0
2022-01-06 00:00:00,0.0
2022-01-06 01:00:00,0.0
2022-01-06 02:00:00,0.0
2022-01-06 03:00:00,0.0
2022-01-06 04:00:00,0.0
2022-01-06 05:00:00,0.0
2022-01-06 06:00:00,0.0
2022-01-06 07:00:00,0.017
2022-01-06 08:00:00,0.783
2022-01-06 09:00:00,2.319
2022-01-06 10:00:00,3.88
2022-01-06 11:00:00,5.25
2022-01-06 12:00:00,5.407
2022-01-06 13:00:00,4.799
2022-01-06 14:00:00,4.031
2022-01-06 15:00:00,2.827
2022-01-06 16:00:00,0.995
2022-01-06 17:00:00,0.017
2022-01-06 18:00:00,0.0
2022-01-06 19:00:00,0.0
2022-01-06 20:00:00,0.0
2022-01-06 21:00:00,0.0
2022-01-06 22:00:00,0.0
2022-01-06 23:00:00,0.0
2022-01-07 00:00:00,0.0
2022-01-07 01:00:00,0.0
2022-01-07 02:00:00,0.0
2022-01-07 03:00:00,0.0
2022-01-07 04:00:00,0.0
2022-01-07 05:00:00,0.0
2022-01-07 06:00:00,0.0
2022-01-07 07:00:00,0.0
2022-01-07 08:00:00,0.255
2022-01-07 09:00:00,0.764
2022-01-07 10:00:00,1.478
2022-01-07 11:00:00,2.397
2022-01-07 12:00:00,2.976
2022-01-07 13:00:00,3.246
2022-01-07 14:00:00,2.801
2022-01-07 15:00:00,1.955
2022-01-07 16:00:00,0.889
2022-01-07 17:00:00,0.052
2022-01-07 18:00:00,0.0
2022-01-07 19:00:00,0.0
2022-01-07 20:00:00,0.0
2022-01-07 21:00:00,0.0
2022-01-07 22:00:00,0.0
2022-01-07 23:00:00,0.0
2022-01-08 00:00:00,0.0
2022-01-08 01:00:00,0.0
2022-01-08 02:00:00,0.0
2022-01-08 03:00:00,0.0
2022-01-08 04:00:00,0.0
2022-01-08 05:00:00,0.0
2022-01-08 06:00:00,0.0
2022-01-08 07:00:00,0.003
2022-01-08 08:00:00,0.492
2022-01-08 09:00:00,1.49
2022-01-08 10:00:00,2.489
2022-01-08 11:00:00,3.602
2022-01-08 12:00:00,3.752
2022-01-08 13:00:00,3.562
2022-01-08 14:00:00,2.811
2022-01-08 15:00:00,1.736
2022-01-08 16:00:00,0.788
2022-01-08 17:00:00,0.044
2022-01-08 18:00:00,0.0
2022-01-08 19:00:00,0.0
2022-01-08 20:00:00,0.0
2022-01-08 21:00:00,0.0
2022-01-08 22:00:00,0.0
2022-01-08 23:00:00,0.0
2022-01-09 00:00:00,0.0
2022-01-09 01:00:00,0.0
2022-01-09 02:00:00,0.0
2022-01-09 03:00:00,0.0
2022-01-09 04:00:00,0.0
2022-01-09 05:00:00,0.0
2022-01-09 06:00:00,0.0
2022-01-09 07:00:00,0.0
2022-01-09 08:00:00,0.381
2022-01-09 09:00:00,1.15
2022-01-09 10:00:00,2.202
2022-01-09 11:00:00,3.438
2022-01-09 12:00:00,4.065
2022-01-09 13:00:00,4.043
2022-01-09 14:00:00,3.536
2022-01-09 15:00:00,2.28
2022-01-09 16:00:00,0.93
2022-01-09 17:00:00,0.047
2022-01-09 18:00:00,0.0
2022-01-09 19:00:00,0.0
2022-01-09 20:00:00,0.0
2022-01-09 21:00:00,0.0
2022-01-09 22:00:00,0.0
2022-01-09 23:00:00,0.0
2022-01-10 00:00:00,0.0
2022-01-10 01:00:00,0.0
2022-01-10 02:00:00,0.0
2022-01-10 03:00:00,0.0
2022-01-10 04:00:00,0.0
2022-01-10 05:00:00,0.0
2022-01-10 06:00:00,0.0
2022-01-10 07:00:00,0.044
2022-01-10 08:00:00,0.9540000000000001
2022-01-10 09:00:00,2.152
2022-01-10 10:00:00,3.041
2022-01-10 11:00:00,3.657
2022-01-10 12:00:00,3.743
2022-01-10 13:00:00,3.205
2022-01-10 14:00:00,2.733
2022-01-10 15:00:00,1.835
2022-01-10 16:00:00,0.8200000000000001
2022-01-10 17:00:00,0.031
2022-01-10 18:00:00,0.0
2022-01-10 19:00:00,0.0
2022-01-10 20:00:00,0.0
2022-01-10 21:00:00,0.0
2022-01-10 22:00:00,0.0
2022-01-10 23:00:00,0.0
2022-01-11 00:00:00,0.0
2022-01-11 01:00:00,0.0
2022-01-11 02:00:00,0.0
2022-01-11 03:00:00,0.0
2022-01-11 04:00:00,0.0
2022-01-11 05:00:00,0.0
2022-01-11 06:00:00,0.0
2022-01-11 07:00:00,0.022
2022-01-11 08:00:00,1.057
2022-01-11 09:00:00,4.857
2022-01-11 10:00:00,11.827
2022-01-11 11:00:00,14.38
2022-01-11 12:00:00,14.951
2022-01-11 13:00:00,14.293
2022-01-11 14:00:00,12.057
2022-01-11 15:00:00,8.822
2022-01-11 16:00:00,4.433
2022-01-11 17:00:00,0.672
2022-01-11 18:00:00,0.0
2022-01-11 19:00:00,0.0
2022-01-11 20:00:00,0.0
2022-01-11 21:00:00,0.0
2022-01-11 22:00:00,0.0
2022-01-11 23:00:00,0.0
2022-01-12 00:00:00,0.0
2022-01-12 01:00:00,0.0
2022-01-12 02:00:00,0.0
2022-01-12 03:00:00,0.0
2022-01-12 04:00:00,0.0
2022-01-12 05:00:00,0.0
2022-01-12 06:00:00,0.0
2022-01-12 07:00:00,0.08700000000000001
2022-01-12 08:00:00,1.278
2022-01-12 09:00:00,4.003
2022-01-12 10:00:00,7.626
2022-01-12 11:00:00,9.05
2022-01-12 12:00:00,8.72
2022-01-12 13:00:00,6.92
2022-01-12 14:00:00,5.146
2022-01-12 15:00:00,2.994
2022-01-12 16:00:00,1.139
2022-01-12 17:00:00,0.089
2022-01-12 18:00:00,0.0
2022-01-12 19:00:00,0.0
2022-01-12 20:00:00,0.0
2022-01-12 21:00:00,0.0
2022-01-12 22:00:00,0.0
2022-01-12 23:00:00,0.0
2022-01-13 00:00:00,0.0
2022-01-13 01:00:00,0.0
2022-01-13 02:00:00,0.0
2022-01-13 03:00:00,0.0
2022-01-13 04:00:00,0.0
2022-01-13 05:00:00,0.0
2022-01-13 06:00:00,0.0
2022-01-13 07:00:00,0.058
2022-01-13 08:00:00,0.656
2022-01-13 09:00:00,1.302
2022-01-13 10:00:00,1.757
2022-01-13 11:00:00,1.888
2022-01-13 12:00:00,2.493
2022-01-13 13:00:00,2.392
2022-01-13 14:00:00,2.265
2022-01-13 15:00:00,1.744
2022-01-13 16:00:00,1.123
2022-01-13 17:00:00,0.119
2022-01-13 18:00:00,0.0
2022-01-13 19:00:00,0.0
2022-01-13 20:00:00,0.0
2022-01-13 21:00:00,0.0
2022-01-13 22:00:00,0.0
2022-01-13 23:00:00,0.0
2022-01-14 00:00:00,0.0
2022-01-14 01:00:00,0.0
2022-01-14 02:00:00,0.0
2022-01-14 03:00:00,0.0
2022-01-14 04:00:00,0.0
2022-01-14 05:00:00,0.0
2022-01-14 06:00:00,0.0
2022-01-14 07:00:00,0.114
2022-01-14 08:00:00,1.612
2022-01-14 09:00:00,4.165
2022-01-14 10:00:00,6.353
2022-01-14 11:00:00,7.759
2022-01-14 12:00:00,5.955
2022-01-14 13:00:00,4.214
2022-01-14 14:00:00,2.733
2022-01-14 15:00:00,1.581
2022-01-14 16:00:00,0.617
2022-01-14 17:00:00,0.024
2022-01-14 18:00:00,0.0
2022-01-14 19:00:00,0.0
2022-01-14 20:00:00,0.0
2022-01-14 21:00:00,0.0
2022-01-14 22:00:00,0.0
2022-01-14 23:00:00,0.0
2022-01-15 00:00:00,0.0
2022-01-15 01:00:00,0.0
2022-01-15 02:00:00,0.0
2022-01-15 03:00:00,0.0
2022-01-15 04:00:00,0.0
2022-01-15 05:00:00,0.0
2022-01-15 06:00:00,0.0
2022-01-15 07:00:00,0.002
2022-01-15 08:00:00,0.423
2022-01-15 09:00:00,1.249
2022-01-15 10:00:00,2.085
2022-01-15 11:00:00,2.839
2022-01-15 12:00:00,3.459
2022-01-15 13:00:00,3.583
2022-01-15 14:00:00,3.29
2022-01-15 15:00:00,2.133
2022-01-15 16:00:00,0.93
2022-01-15 17:00:00,0.081
2022-01-15 18:00:00,0.0
2022-01-15 19:00:00,0.0
2022-01-15 20:00:00,0.0
2022-01-15 21:00:00,0.0
2022-01-15 22:00:00,0.0
2022-01-15 23:00:00,0.0
2022-01-16 00:00:00,0.0
2022-01-16 01:00:00,0.0
2022-01-16 02:00:00,0.0
2022-01-16 03:00:00,0.0
2022-01-16 04:00:00,0.0
2022-01-16 05:00:00,0.0
2022-01-16 06:00:00,0.0
2022-01-16 07:00:00,0.017
2022-01-16 08:00:00,0.5750000000000001
2022-01-16 09:00:00,1.64
2022-01-16 10:00:00,3.215
2022-01-16 11:00:00,3.859
2022-01-16 12:00:00,3.53
2022-01-16 13:00:00,2.895
2022-01-16 14:00:00,2.341
2022-01-16 15:00:00,1.514
2022-01-16 16:00:00,0.5700000000000001
2022-01-16 17:00:00,0.028
2022-01-16 18:00:00,0.0
2022-01-16 19:00:00,0.0
2022-01-16 20:00:00,0.0
2022-01-16 21:00:00,0.0
2022-01-16 22:00:00,0.0
2022-01-16 23:00:00,0.0
2022-01-17 00:00:00,0.0
2022-01-17 01:00:00,0.0
2022-01-17 02:00:00,0.0
2022-01-17 03:00:00,0.0
2022-01-17 04:00:00,0.0
2022-01-17 05:00:00,0.0
2022-01-17 06:00:00,0.0
2022-01-17 07:00:00,0.037
2022-01-17 08:00:00,0.606
2022-01-17 09:00:00,1.389
2022-01-17 10:00:00,2.784
2022-01-17 11:00:00,3.947
2022-01-17 12:00:00,4.025
2022-01-17 13:00:00,4.169
2022-01-17 14:00:00,3.488
2022-01-17 15:00:00,2.109
2022-01-17 16:00:00,0.755
2022-01-17 17:00:00,0.018
2022-01-17 18:00:00,0.0
2022-01-17 19:00:00,0.0
2022-01-17 20:00:00,0.0
2022-01-17 21:00:00,0.0
2022-01-17 22:00:00,0.0
2022-01-17 23:00:00,0.0
2022-01-18 00:00:00,0.0
2022-01-18 01:00:00,0.0
2022-01-18 02:00:00,0.0
2022-01-18 03:00:00,0.0
2022-01-18 04:00:00,0.0
2022-01-18 05:00:00,0.0
2022-01-18 06:00:00,0.0
2022-01-18 07:00:00,0.041
2022-01-18 08:00:00,0.8260000000000001
2022-01-18 09:00:00,2.184
2022-01-18 10:00:00,3.484
2022-01-18 11:00:00,3.928
2022-01-18 12:00:00,4.3
2022-01-18 13:00:00,4.376
2022-01-18 14:00:00,3.97
2022-01-18 15:00:00,2.899
2022-01-18 16:00:00,1.307
2022-01-18 17:00:00,0.127
2022-01-18 18:00:00,0.0
2022-01-18 19:00:00,0.0
2022-01-18 20:00:00,0.0
2022-01-18 21:00:00,0.0
2022-01-18 22:00:00,0.0
2022-01-18 23:00:00,0.0
2022-01-19 00:00:00,0.0
2022-01-19 01:00:00,0.0
2022-01-19 02:00:00,0.0
2022-01-19 03:00:00,0.0
2022-01-19 04:00:00,0.0
2022-01-19 05:00:00,0.0
2022-01-19 06:00:00,0.0
2022-01-19 07:00:00,0.101
2022-01-19 08:00:00,1.299
2022-01-19 09:00:00,3.187
2022-01-19 10:00:00,9.478
2022-01-19 11:00:00,10.183
2022-01-19 12:00:00,13.047
2022-01-19 13:00:00,13.931
2022-01-19 14:00:00,11.764
2022-01-19 15:00:00,8.487
2022-01-19 16:00:00,4.209
2022-01-19 17:00:00,0.6000000000000001
2022-01-19 18:00:00,0.0
2022-01-19 19:00:00,0.0
2022-01-19 20:00:00,0.0
2022-01-19 21:00:00,0.0
2022-01-19 22:00:00,0.0
2022-01-19 23:00:00,0.0
2022-01-20 00:00:00,0.0
2022-01-20 01:00:00,0.0
2022-01-20 02:00:00,0.0
2022-01-20 03:00:00,0.0
2022-01-20 04:00:00,0.0
2022-01-20 05:00:00,0.0
2022-01-20 06:00:00,0.0
2022-01-20 07:00:00,0.104
2022-01-20 08:00:00,0.962
2022-01-20 09:00:00,2.254
2022-01-20 10:00:00,4.03
2022-01-20 11:00:00,4.845
2022-01-20 12:00:00,4.936
2022-01-20 13:00:00,5.012
2022-01-20 14:00:00,4.347
2022-01-20 15:00:00,3.015
2022-01-20 16:00:00,1.676
2022-01-20 17:00:00,0.198
2022-01-20 18:00:00,0.0
2022-01-20 19:00:00,0.0
2022-01-20 20:00:00,0.0
2022-01-20 21:00:00,0.0
2022-01-20 22:00:00,0.0
2022-01-20 23:00:00,0.0
2022-01-21 00:00:00,0.0
2022-01-21 01:00:00,0.0
2022-01-21 02:00:00,0.0
2022-01-21 03:00:00,0.0
2022-01-21 04:00:00,0.0
2022-01-21 05:00:00,0.0
2022-01-21 06:00:00,0.0
2022-01-21 07:00:00,0.129
2022-01-21 08:00:00,1.253
2022-01-21 09:00:00,3.278
2022-01-21 10:00:00,5.383
2022-01-21 11:00:00,8.413
2022-01-21 12:00:00,12.921
2022-01-21 13:00:00,12.998
2022-01-21 14:00:00,8.797
2022-01-21 15:00:00,4.528
2022-01-21 16:00:00,2.493
2022-01-21 17:00:00,0.274
2022-01-21 18:00:00,0.0
2022-01-21 19:00:00,0.0
2022-01-21 20:00:00,0.0
2022-01-21 21:00:00,0.0
2022-01-21 22:00:00,0.0
2022-01-21 23:00:00,0.0
2022-01-22 00:00:00,0.0
2022-01-22 01:00:00,0.0
2022-01-22 02:00:00,0.0
2022-01-22 03:00:00,0.0
2022-01-22 04:00:00,0.0
2022-01-22 05:00:00,0.0
2022-01-22 06:00:00,0.0
2022-01-22 07:00:00,0.112
2022-01-22 08:00:00,1.242
2022-01-22 09:00:00,2.802
2022-01-22 10:00:00,4.441
2022-01-22 11:00:00,5.989
2022-01-22 12:00:00,7.117
2022-01-22 13:00:00,6.586
2022-01-22 14:00:00,4.428
2022-01-22 15:00:00,2.515
2022-01-22 16:00:00,1.062
2022-01-22 17:00:00,0.092
2022-01-22 18:00:00,0.0
2022-01-22 19:00:00,0.0
2022-01-22 20:00:00,0.0
2022-01-22 21:00:00,0.0
2022-01-22 22:00:00,0.0
2022-01-22 23:00:00,0.0
2022-01-23 00:00:00,0.0
2022-01-23 01:00:00,0.0
2022-01-23 02:00:00,0.0
2022-01-23 03:00:00,0.0
2022-01-23 04:00:00,0.0
2022-01-23 05:00:00,0.0
2022-01-23 06:00:00,0.0
2022-01-23 07:00:00,0.028
2022-01-23 08:00:00,0.54
2022-01-23 09:00:00,1.332
2022-01-23 10:00:00,2.731
2022-01-23 11:00:00,3.65
2022-01-23 12:00:00,6.011
2022-01-23 13:00:00,8.689
2022-01-23 14:00:00,7.728
2022-01-23 15:00:00,4.851
2022-01-23 16:00:00,2.113
2022-01-23 17:00:00,0.224
2022-01-23 18:00:00,0.0
2022-01-23 19:00:00,0.0
2022-01-23 20:00:00,0.0
2022-01-23 21:00:00,0.0
2022-01-23 22:00:00,0.0
2022-01-23 23:00:00,0.0
2022-01-24 00:00:00,0.0
2022-01-24 01:00:00,0.0
2022-01-24 02:00:00,0.0
2022-01-24 03:00:00,0.0
2022-01-24 04:00:00,0.0
2022-01-24 05:00:00,0.0
2022-01-24 06:00:00,0.0
2022-01-24 07:00:00,0.06
2022-01-24 08:00:00,0.845
2022-01-24 09:00:00,1.743
2022-01-24 10:00:00,2.863
2022-01-24 11:00:00,3.702
2022-01-24 12:00:00,3.971
2022-01-24 13:00:00,4.126
2022-01-24 14:00:00,3.985
2022-01-24 15:00:00,2.839
2022-01-24 16:00:00,1.523
2022-01-24 17:00:00,0.21
2022-01-24 18:00:00,0.0
2022-01-24 19:00:00,0.0
2022-01-24 20:00:00,0.0
2022-01-24 21:00:00,0.0
2022-01-24 22:00:00,0.0
2022-01-24 23:00:00,0.0
2022-01-25 00:00:00,0.0
2022-01-25 01:00:00,0.0
2022-01-25 02:00:00,0.0
2022-01-25 03:00:00,0.0
2022-01-25 04:00:00,0.0
2022-01-25 05:00:00,0.0
2022-01-25 06:00:00,0.0
2022-01-25 07:00:00,0.018
2022-01-25 08:00:00,0.5760000000000001
2022-01-25 09:00:00,1.513
2022-01-25 10:00:00,2.615
2022-01-25 11:00:00,3.715
2022-01-25 12:00:00,4.161
2022-01-25 13:00:00,3.636
2022-01-25 14:00:00,2.757
2022-01-25 15:00:00,1.762
2022-01-25 16:00:00,0.744
2022-01-25 17:00:00,0.052
2022-01-25 18:00:00,0.0
2022-01-25 19:00:00,0.0
2022-01-25 20:00:00,0.0
2022-01-25 21:00:00,0.0
2022-01-25 22:00:00,0.0
2022-01-25 23:00:00,0.0
2022-01-26 00:00:00,0.0
2022-01-26 01:00:00,0.0
2022-01-26 02:00:00,0.0
2022-01-26 03:00:00,0.0
2022-01-26 04:00:00,0.0
2022-01-26 05:00:00,0.0
2022-01-26 06:00:00,0.0
2022-01-26 07:00:00,0.056
2022-01-26 08:00:00,0.846
2022-01-26 09:00:00,1.877
2022-01-26 10:00:00,3.179
2022-01-26 11:00:00,4.22
2022-01-26 12:00:00,5.74
2022-01-26 13:00:00,6.066
2022-01-26 14:00:00,5.797
2022-01-26 15:00:00,4.204
2022-01-26 16:00:00,2.003
2022-01-26 17:00:00,0.24
2022-01-26 18:00:00,0.0
2022-01-26 19:00:00,0.0
2022-01-26 20:00:00,0.0
2022-01-26 21:00:00,0.0
2022-01-26 22:00:00,0.0
2022-01-26 23:00:00,0.0
2022-01-27 00:00:00,0.0
2022-01-27 01:00:00,0.0
2022-01-27 02:00:00,0.0
2022-01-27 03:00:00,0.0
2022-01-27 04:00:00,0.0
2022-01-27 05:00:00,0.0
2022-01-27 06:00:00,0.0
2022-01-27 07:00:00,0.007
2022-01-27 08:00:00,0.463
2022-01-27 09:00:00,1.177
2022-01-27 10:00:00,2.165
2022-01-27 11:00:00,3.122
2022-01-27 12:00:00,3.67
2022-01-27 13:00:00,3.769
2022-01-27 14:00:00,3.227
2022-01-27 15:00:00,2.282
2022-01-27 16:00:00,1.038
2022-01-27 17:00:00,0.065
2022-01-27 18:00:00,0.0
2022-01-27 19:00:00,0.0
2022-01-27 20:00:00,0.0
2022-01-27 21:00:00,0.0
2022-01-27 22:00:00,0.0
2022-01-27 23:00:00,0.0
2022-01-28 00:00:00,0.0
2022-01-28 01:00:00,0.0
2022-01-28 02:00:00,0.0
2022-01-28 03:00:00,0.0
2022-01-28 04:00:00,0.0
2022-01-28 05:00:00,0.0
2022-01-28 06:00:00,0.0
2022-01-28 07:00:00,0.001
2022-01-28 08:00:00,0.338
2022-01-28 09:00:00,0.81
2022-01-28 10:00:00,1.43
2022-01-28 11:00:00,2.22
2022-01-28 12:00:00,2.893
2022-01-28 13:00:00,2.827
2022-01-28 14:00:00,2.126
2022-01-28 15:00:00,1.457
2022-01-28 16:00:00,0.651
2022-01-28 17:00:00,0.036
2022-01-28 18:00:00,0.0
2022-01-28 19:00:00,0.0
2022-01-28 20:00:00,0.0
2022-01-28 21:00:00,0.0
2022-01-28 22:00:00,0.0
2022-01-28 23:00:00,0.0
2022-01-29 00:00:00,0.0
2022-01-29 01:00:00,0.0
2022-01-29 02:00:00,0.0
2022-01-29 03:00:00,0.0
2022-01-29 04:00:00,0.0
2022-01-29 05:00:00,0.0
2022-01-29 06:00:00,0.0
2022-01-29 07:00:00,0.145
2022-01-29 08:00:00,1.376
2022-01-29 09:00:00,2.173
2022-01-29 10:00:00,2.984
2022-01-29 11:00:00,4.752
2022-01-29 12:00:00,4.665
2022-01-29 13:00:00,5.114
2022-01-29 14:00:00,6.083
2022-01-29 15:00:00,4.212
2022-01-29 16:00:00,1.711
2022-01-29 17:00:00,0.257
2022-01-29 18:00:00,0.0
2022-01-29 19:00:00,0.0
2022-01-29 20:00:00,0.0
2022-01-29 21:00:00,0.0
2022-01-29 22:00:00,0.0
2022-01-29 23:00:00,0.0
2022-01-30 00:00:00,0.0
2022-01-30 01:00:00,0.0
2022-01-30 02:00:00,0.0
2022-01-30 03:00:00,0.0
2022-01-30 04:00:00,0.0
2022-01-30 05:00:00,0.0
2022-01-30 06:00:00,0.0
2022-01-30 07:00:00,0.319
2022-01-30 08:00:00,2.406
2022-01-30 09:00:00,4.896
2022-01-30 10:00:00,7.229
2022-01-30 11:00:00,9.012
2022-01-30 12:00:00,10.843
2022-01-30 13:00:00,11.419
2022-01-30 14:00:00,9.439
2022-01-30 15:00:00,7.575
2022-01-30 16:00:00,4.473
2022-01-30 17:00:00,0.6920000000000001
2022-01-30 18:00:00,0.0
2022-01-30 19:00:00,0.0
2022-01-30 20:00:00,0.0
2022-01-30 21:00:00,0.0
2022-01-30 22:00:00,0.0
2022-01-30 23:00:00,0.0
2022-01-31 00:00:00,0.0
2022-01-31 01:00:00,0.0
2022-01-31 02:00:00,0.0
2022-01-31 03:00:00,0.0
2022-01-31 04:00:00,0.0
2022-01-31 05:00:00,0.0
2022-01-31 06:00:00,0.0
2022-01-31 07:00:00,0.296
2022-01-31 08:00:00,1.876
2022-01-31 09:00:00,2.701
2022-01-31 10:00:00,3.796
2022-01-31 11:00:00,5.324
2022-01-31 12:00:00,6.892
2022-01-31 13:00:00,8.432
2022-01-31 14:00:00,6.984
2022-01-31 15:00:00,4.65
2022-01-31 16:00:00,2.356
2022-01-31 17:00:00,0.365
2022-01-31 18:00:00,0.0
2022-01-31 19:00:00,0.0
2022-01-31 20:00:00,0.0
2022-01-31 21:00:00,0.0
2022-01-31 22:00:00,0.0
2022-01-31 23:00:00,0.0
2022-02-01 00:00:00,0.0
2022-02-01 01:00:00,0.0
2022-02-01 02:00:00,0.0
2022-02-01 03:00:00,0.0
2022-02-01 04:00:00,0.0
2022-02-01 05:00:00,0.0
2022-02-01 06:00:00,0.0
2022-02-01 07:00:00,0.262
2022-02-01 08:00:00,1.793
2022-02-01 09:00:00,3.891
2022-02-01 10:00:00,5.976
2022-02-01 11:00:00,7.68
2022-02-01 12:00:00,8.577
2022-02-01 13:00:00,8.31
2022-02-01 14:00:00,6.491
2022-02-01 15:00:00,4.185
2022-02-01 16:00:00,2.0
2022-02-01 17:00:00,0.282
2022-02-01 18:00:00,0.0
2022-02-01 19:00:00,0.0
2022-02-01 20:00:00,0.0
2022-02-01 21:00:00,0.0
2022-02-01 22:00:00,0.0
2022-02-01 23:00:00,0.0
2022-02-02 00:00:00,0.0
2022-02-02 01:00:00,0.0
2022-02-02 02:00:00,0.0
2022-02-02 03:00:00,0.0
2022-02-02 04:00:00,0.0
2022-02-02 05:00:00,0.0
2022-02-02 06:00:00,0.0
2022-02-02 07:00:00,0.059
2022-02-02 08:00:00,0.852
2022-02-02 09:00:00,1.906
2022-02-02 10:00:00,3.053
2022-02-02 11:00:00,3.976
2022-02-02 12:00:00,5.098
2022-02-02 13:00:00,5.85
2022-02-02 14:00:00,5.608
2022-02-02 15:00:00,3.463
2022-02-02 16:00:00,1.463
2022-02-02 17:00:00,0.135
2022-02-02 18:00:00,0.0
2022-02-02 19:00:00,0.0
2022-02-02 20:00:00,0.0
2022-02-02 21:00:00,0.0
2022-02-02 22:00:00,0.0
2022-02-02 23:00:00,0.0
2022-02-03 00:00:00,0.0
2022-02-03 01:00:00,0.0
2022-02-03 02:00:00,0.0
2022-02-03 03:00:00,0.0
2022-02-03 04:00:00,0.0
2022-02-03 05:00:00,0.0
2022-02-03 06:00:00,0.0
2022-02-03 07:00:00,0.243
2022-02-03 08:00:00,1.931
2022-02-03 09:00:00,4.01
2022-02-03 10:00:00,5.851
2022-02-03 11:00:00,7.413
2022-02-03 12:00:00,8.833
2022-02-03 13:00:00,9.087
2022-02-03 14:00:00,8.015
2022-02-03 15:00:00,5.89
2022-02-03 16:00:00,3.017
2022-02-03 17:00:00,0.506
2022-02-03 18:00:00,0.0
2022-02-03 19:00:00,0.0
2022-02-03 20:00:00,0.0
2022-02-03 21:00:00,0.0
2022-02-03 22:00:00,0.0
2022-02-03 23:00:00,0.0
2022-02-04 00:00:00,0.0
2022-02-04 01:00:00,0.0
2022-02-04 02:00:00,0.0
2022-02-04 03:00:00,0.0
2022-02-04 04:00:00,0.0
2022-02-04 05:00:00,0.0
2022-02-04 06:00:00,0.0
2022-02-04 07:00:00,0.203
2022-02-04 08:00:00,1.772
2022-02-04 09:00:00,4.806
2022-02-04 10:00:00,7.724
2022-02-04 11:00:00,11.039
2022-02-04 12:00:00,12.76
2022-02-04 13:00:00,13.486
2022-02-04 14:00:00,11.725
2022-02-04 15:00:00,9.033
2022-02-04 16:00:00,4.572
2022-02-04 17:00:00,0.811
2022-02-04 18:00:00,0.0
2022-02-04 19:00:00,0.0
2022-02-04 20:00:00,0.0
2022-02-04 21:00:00,0.0
2022-02-04 22:00:00,0.0
2022-02-04 23:00:00,0.0
2022-02-05 00:00:00,0.0
2022-02-05 01:00:00,0.0
2022-02-05 02:00:00,0.0
2022-02-05 03:00:00,0.0
2022-02-05 04:00:00,0.0
2022-02-05 05:00:00,0.0
2022-02-05 06:00:00,0.0
2022-02-05 07:00:00,0.347
2022-02-05 08:00:00,1.883
2022-02-05 09:00:00,3.133
2022-02-05 10:00:00,3.873
2022-02-05 11:00:00,4.324
2022-02-05 12:00:00,5.366
2022-02-05 13:00:00,5.851
2022-02-05 14:00:00,5.81
2022-02-05 15:00:00,4.481
2022-02-05 16:00:00,2.474
2022-02-05 17:00:00,0.295
2022-02-05 18:00:00,0.0
2022-02-05 19:00:00,0.0
2022-02-05 20:00:00,0.0
2022-02-05 21:00:00,0.0
2022-02-05 22:00:00,0.0
2022-02-05 23:00:00,0.0
2022-02-06 00:00:00,0.0
2022-02-06 01:00:00,0.0
2022-02-06 02:00:00,0.0
2022-02-06 03:00:00,0.0
2022-02-06 04:00:00,0.0
2022-02-06 05:00:00,0.0
2022-02-06 06:00:00,0.0
2022-02-06 07:00:00,0.085
2022-02-06 08:00:00,0.585
2022-02-06 09:00:00,1.168
2022-02-06 10:00:00,1.809
2022-02-06 11:00:00,2.003
2022-02-06 12:00:00,2.344
2022-02-06 13:00:00,2.222
2022-02-06 14:00:00,1.894
2022-02-06 15:00:00,1.359
2022-02-06 16:00:00,0.725
2022-02-06 17:00:00,0.135
2022-02-06 18:00:00,0.0
2022-02-06 19:00:00,0.0
2022-02-06 20:00:00,0.0
2022-02-06 21:00:00,0.0
2022-02-06 22:00:00,0.0
2022-02-06 23:00:00,0.0
2022-02-07 00:00:00,0.0
2022-02-07 01:00:00,0.0
2022-02-07 02:00:00,0.0
2022-02-07 03:00:00,0.0
2022-02-07 04:00:00,0.0
2022-02-07 05:00:00,0.0
2022-02-07 06:00:00,0.0
2022-02-07 07:00:00,0.207
2022-02-07 08:00:00,1.434
2022-02-07 09:00:00,2.704
2022-02-07 10:00:00,4.145
2022-02-07 11:00:00,6.13
2022-02-07 12:00:00,7.296
2022-02-07 13:00:00,7.132
2022-02-07 14:00:00,5.753
2022-02-07 15:00:00,3.537
2022-02-07 16:00:00,1.667
2022-02-07 17:00:00,0.259
2022-02-07 18:00:00,0.0
2022-02-07 19:00:00,0.0
2022-02-07 20:00:00,0.0
2022-02-07 21:00:00,0.0
2022-02-07 22:00:00,0.0
2022-02-07 23:00:00,0.0
2022-02-08 00:00:00,0.0
2022-02-08 01:00:00,0.0
2022-02-08 02:00:00,0.0
2022-02-08 03:00:00,0.0
2022-02-08 04:00:00,0.0
2022-02-08 05:00:00,0.0
2022-02-08 06:00:00,0.0
2022-02-08 07:00:00,0.393
2022-02-08 08:00:00,2.213
2022-02-08 09:00:00,3.278
2022-02-08 10:00:00,3.925
2022-02-08 11:00:00,3.597
2022-02-08 12:00:00,4.359
2022-02-08 13:00:00,5.113
2022-02-08 14:00:00,5.121
2022-02-08 15:00:00,3.632
2022-02-08 16:00:00,1.475
2022-02-08 17:00:00,0.2
2022-02-08 18:00:00,0.0
2022-02-08 19:00:00,0.0
2022-02-08 20:00:00,0.0
2022-02-08 21:00:00,0.0
2022-02-08 22:00:00,0.0
2022-02-08 23:00:00,0.0
2022-02-09 00:00:00,0.0
2022-02-09 01:00:00,0.0
2022-02-09 02:00:00,0.0
2022-02-09 03:00:00,0.0
2022-02-09 04:00:00,0.0
2022-02-09 05:00:00,0.0
2022-02-09 06:00:00,0.0
2022-02-09 07:00:00,0.405
2022-02-09 08:00:00,2.607
2022-02-09 09:00:00,5.573
2022-02-09 10:00:00,8.058
2022-02-09 11:00:00,9.905
2022-02-09 12:00:00,10.88
2022-02-09 13:00:00,10.409
2022-02-09 14:00:00,8.797
2022-02-09 15:00:00,6.565
2022-02-09 16:00:00,3.663
2022-02-09 17:00:00,0.771
2022-02-09 18:00:00,0.0
2022-02-09 19:00:00,0.0
2022-02-09 20:00:00,0.0
2022-02-09 21:00:00,0.0
2022-02-09 22:00:00,0.0
2022-02-09 23:00:00,0.0
2022-02-10 00:00:00,0.0
2022-02-10 01:00:00,0.0
2022-02-10 02:00:00,0.0
2022-02-10 03:00:00,0.0
2022-02-10 04:00:00,0.0
2022-02-10 05:00:00,0.0
2022-02-10 06:00:00,0.0
2022-02-10 07:00:00,0.606
2022-02-10 08:00:00,3.682
2022-02-10 09:00:00,6.601
2022-02-10 10:00:00,9.996
2022-02-10 11:00:00,10.681
2022-02-10 12:00:00,10.071
2022-02-10 13:00:00,7.495
2022-02-10 14:00:00,5.195
2022-02-10 15:00:00,3.473
2022-02-10 16:00:00,1.854
2022-02-10 17:00:00,0.389
2022-02-10 18:00:00,0.0
2022-02-10 19:00:00,0.0
2022-02-10 20:00:00,0.0
2022-02-10 21:00:00,0.0
2022-02-10 22:00:00,0.0
2022-02-10 23:00:00,0.0
2022-02-11 00:00:00,0.0
2022-02-11 01:00:00,0.0
2022-02-11 02:00:00,0.0
2022-02-11 03:00:00,0.0
2022-02-11 04:00:00,0.0
2022-02-11 05:00:00,0.0
2022-02-11 06:00:00,0.0
2022-02-11 07:00:00,0.169
2022-02-11 08:00:00,1.245
2022-02-11 09:00:00,2.564
2022-02-11 10:00:00,3.335
2022-02-11 11:00:00,4.667
2022-02-11 12:00:00,4.606
2022-02-11 13:00:00,3.83
2022-02-11 14:00:00,3.305
2022-02-11 15:00:00,2.406
2022-02-11 16:00:00,1.189
2022-02-11 17:00:00,0.184
2022-02-11 18:00:00,0.0
2022-02-11 19:00:00,0.0
2022-02-11 20:00:00,0.0
2022-02-11 21:00:00,0.0
2022-02-11 22:00:00,0.0
2022-02-11 23:00:00,0.0
2022-02-12 00:00:00,0.0
2022-02-12 01:00:00,0.0
2022-02-12 02:00:00,0.0
2022-02-12 03:00:00,0.0
2022-02-12 04:00:00,0.0
2022-02-12 05:00:00,0.0
2022-02-12 06:00:00,0.0
2022-02-12 07:00:00,0.152
2022-02-12 08:00:00,1.085
2022-02-12 09:00:00,3.034
2022-02-12 10:00:00,4.231
2022-02-12 11:00:00,4.344
2022-02-12 12:00:00,4.779
2022-02-12 13:00:00,4.579
2022-02-12 14:00:00,3.926
2022-02-12 15:00:00,2.671
2022-02-12 16:00:00,1.318
2022-02-12 17:00:00,0.216
2022-02-12 18:00:00,0.0
2022-02-12 19:00:00,0.0
2022-02-12 20:00:00,0.0
2022-02-12 21:00:00,0.0
2022-02-12 22:00:00,0.0
2022-02-12 23:00:00,0.0
2022-02-13 00:00:00,0.0
2022-02-13 01:00:00,0.0
2022-02-13 02:00:00,0.0
2022-02-13 03:00:00,0.0
2022-02-13 04:00:00,0.0
2022-02-13 05:00:00,0.0
2022-02-13 06:00:00,0.0
2022-02-13 07:00:00,0.334
2022-02-13 08:00:00,1.648
2022-02-13 09:00:00,3.38
2022-02-13 10:00:00,5.585
2022-02-13 11:00:00,6.578
2022-02-13 12:00:00,6.847
2022-02-13 13:00:00,6.598
2022-02-13 14:00:00,5.465
2022-02-13 15:00:00,3.708
2022-02-13 16:00:00,1.595
2022-02-13 17:00:00,0.249
2022-02-13 18:00:00,0.0
2022-02-13 19:00:00,0.0
2022-02-13 20:00:00,0.0
2022-02-13 21:00:00,0.0
2022-02-13 22:00:00,0.0
2022-02-13 23:00:00,0.0
2022-02-14 00:00:00,0.0
2022-02-14 01:00:00,0.0
2022-02-14 02:00:00,0.0
2022-02-14 03:00:00,0.0
2022-02-14 04:00:00,0.0
2022-02-14 05:00:00,0.0
2022-02-14 06:00:00,0.0
2022-02-14 07:00:00,0.264
2022-02-14 08:00:00,1.72
2022-02-14 09:00:00,5.056
2022-02-14 10:00:00,8.47
2022-02-14 11:00:00,11.826
2022-02-14 12:00:00,14.576
2022-02-14 13:00:00,16.134
2022-02-14 14:00:00,14.422
2022-02-14 15:00:00,11.379
2022-02-14 16:00:00,7.046
2022-02-14 17:00:00,1.943
2022-02-14 18:00:00,0.0
2022-02-14 19:00:00,0.0
2022-02-14 20:00:00,0.0
2022-02-14 21:00:00,0.0
2022-02-14 22:00:00,0.0
2022-02-14 23:00:00,0.0
2022-02-15 00:00:00,0.0
2022-02-15 01:00:00,0.0
2022-02-15 02:00:00,0.0
2022-02-15 03:00:00,0.0
2022-02-15 04:00:00,0.0
2022-02-15 05:00:00,0.0
2022-02-15 06:00:00,0.0
2022-02-15 07:00:00,0.186
2022-02-15 08:00:00,1.782
2022-02-15 09:00:00,5.233
2022-02-15 10:00:00,9.241
2022-02-15 11:00:00,13.041
2022-02-15 12:00:00,13.758
2022-02-15 13:00:00,14.142
2022-02-15 14:00:00,11.408
2022-02-15 15:00:00,7.292
2022-02-15 16:00:00,2.973
2022-02-15 17:00:00,0.601
2022-02-15 18:00:00,0.0
2022-02-15 19:00:00,0.0
2022-02-15 20:00:00,0.0
2022-02-15 21:00:00,0.0
2022-02-15 22:00:00,0.0
2022-02-15 23:00:00,0.0
2022-02-16 00:00:00,0.0
2022-02-16 01:00:00,0.0
2022-02-16 02:00:00,0.0
2022-02-16 03:00:00,0.0
2022-02-16 04:00:00,0.0
2022-02-16 05:00:00,0.0
2022-02-16 06:00:00,0.0
2022-02-16 07:00:00,0.244
2022-02-16 08:00:00,1.326
2022-02-16 09:00:00,2.949
2022-02-16 10:00:00,3.374
2022-02-16 11:00:00,3.508
2022-02-16 12:00:00,3.441
2022-02-16 13:00:00,3.18
2022-02-16 14:00:00,2.809
2022-02-16 15:00:00,2.211
2022-02-16 16:00:00,1.127
2022-02-16 17:00:00,0.209
2022-02-16 18:00:00,0.0
2022-02-16 19:00:00,0.0
2022-02-16 20:00:00,0.0
2022-02-16 21:00:00,0.0
2022-02-16 22:00:00,0.0
2022-02-16 23:00:00,0.0
2022-02-17 00:00:00,0.0
2022-02-17 01:00:00,0.0
2022-02-17 02:00:00,0.0
2022-02-17 03:00:00,0.0
2022-02-17 04:00:00,0.0
2022-02-17 05:00:00,0.0
2022-02-17 06:00:00,0.0
2022-02-17 07:00:00,0.177
2022-02-17 08:00:00,1.007
2022-02-17 09:00:00,1.501
2022-02-17 10:00:00,1.977
2022-02-17 11:00:00,2.412
2022-02-17 12:00:00,3.439
2022-02-17 13:00:00,3.29
2022-02-17 14:00:00,2.938
2022-02-17 15:00:00,2.537
2022-02-17 16:00:00,1.365
2022-02-17 17:00:00,0.299
2022-02-17 18:00:00,0.0
2022-02-17 19:00:00,0.0
2022-02-17 20:00:00,0.0
2022-02-17 21:00:00,0.0
2022-02-17 22:00:00,0.0
2022-02-17 23:00:00,0.0
2022-02-18 00:00:00,0.0
2022-02-18 01:00:00,0.0
2022-02-18 02:00:00,0.0
2022-02-18 03:00:00,0.0
2022-02-18 04:00:00,0.0
2022-02-18 05:00:00,0.0
2022-02-18 06:00:00,0.0
2022-02-18 07:00:00,0.254
2022-02-18 08:00:00,1.86
2022-02-18 09:00:00,2.908
2022-02-18 10:00:00,3.438
2022-02-18 11:00:00,6.237
2022-02-18 12:00:00,7.125
2022-02-18 13:00:00,4.934
2022-02-18 14:00:00,3.376
2022-02-18 15:00:00,2.54
2022-02-18 16:00:00,1.731
2022-02-18 17:00:00,0.373
2022-02-18 18:00:00,0.0
2022-02-18 19:00:00,0.0
2022-02-18 20:00:00,0.0
2022-02-18 21:00:00,0.0
2022-02-18 22:00:00,0.0
2022-02-18 23:00:00,0.0
2022-02-19 00:00:00,0.0
2022-02-19 01:00:00,0.0
2022-02-19 02:00:00,0.0
2022-02-19 03:00:00,0.0
2022-02-19 04:00:00,0.0
2022-02-19 05:00:00,0.0
2022-02-19 06:00:00,0.0
2022-02-19 07:00:00,0.377
2022-02-19 08:00:00,1.863
2022-02-19 09:00:00,3.234
2022-02-19 10:00:00,5.339
2022-02-19 11:00:00,6.401
2022-02-19 12:00:00,7.387
2022-02-19 13:00:00,8.126
2022-02-19 14:00:00,7.156
2022-02-19 15:00:00,4.918
2022-02-19 16:00:00,1.819
2022-02-19 17:00:00,0.339
2022-02-19 18:00:00,0.0
2022-02-19 19:00:00,0.0
2022-02-19 20:00:00,0.0
2022-02-19 21:00:00,0.0
2022-02-19 22:00:00,0.0
2022-02-19 23:00:00,0.0
2022-02-20 00:00:00,0.0
2022-02-20 01:00:00,0.0
2022-02-20 02:00:00,0.0
2022-02-20 03:00:00,0.0
2022-02-20 04:00:00,0.0
2022-02-20 05:00:00,0.0
2022-02-20 06:00:00,0.0
2022-02-20 07:00:00,0.409
2022-02-20 08:00:00,2.059
2022-02-20 09:00:00,4.772
2022-02-20 10:00:00,7.283
2022-02-20 11:00:00,7.918
2022-02-20 12:00:00,7.922
2022-02-20 13:00:00,7.474
2022-02-20 14:00:00,5.161
2022-02-20 15:00:00,2.829
2022-02-20 16:00:00,1.679
2022-02-20 17:00:00,0.511
2022-02-20 18:00:00,0.0
2022-02-20 19:00:00,0.0
2022-02-20 20:00:00,0.0
2022-02-20 21:00:00,0.0
2022-02-20 22:00:00,0.0
2022-02-20 23:00:00,0.0
2022-02-21 00:00:00,0.0
2022-02-21 01:00:00,0.0
2022-02-21 02:00:00,0.0
2022-02-21 03:00:00,0.0
2022-02-21 04:00:00,0.0
2022-02-21 05:00:00,0.0
2022-02-21 06:00:00,0.0
2022-02-21 07:00:00,0.764
2022-02-21 08:00:00,2.602
2022-02-21 09:00:00,4.29
2022-02-21 10:00:00,7.622
2022-02-21 11:00:00,10.094
2022-02-21 12:00:00,11.33
2022-02-21 13:00:00,10.539
2022-02-21 14:00:00,8.508
2022-02-21 15:00:00,6.186
2022-02-21 16:00:00,3.481
2022-02-21 17:00:00,0.893
2022-02-21 18:00:00,0.0
2022-02-21 19:00:00,0.0
2022-02-21 20:00:00,0.0
2022-02-21 21:00:00,0.0
2022-02-21 22:00:00,0.0
2022-02-21 23:00:00,0.0
2022-02-22 00:00:00,0.0
2022-02-22 01:00:00,0.0
2022-02-22 02:00:00,0.0
2022-02-22 03:00:00,0.0
2022-02-22 04:00:00,0.0
2022-02-22 05:00:00,0.0
2022-02-22 06:00:00,0.0
2022-02-22 07:00:00,0.402
2022-02-22 08:00:00,2.164
2022-02-22 09:00:00,3.944
2022-02-22 10:00:00,5.361
2022-02-22 11:00:00,6.143
2022-02-22 12:00:00,6.421
2022-02-22 13:00:00,5.998
2022-02-22 14:00:00,4.966
2022-02-22 15:00:00,3.326
2022-02-22 16:00:00,1.543
2022-02-22 17:00:00,0.336
2022-02-22 18:00:00,0.0
2022-02-22 19:00:00,0.0
2022-02-22 20:00:00,0.0
2022-02-22 21:00:00,0.0
2022-02-22 22:00:00,0.0
2022-02-22 23:00:00,0.0
2022-02-23 00:00:00,0.0
2022-02-23 01:00:00,0.0
2022-02-23 02:00:00,0.0
2022-02-23 03:00:00,0.0
2022-02-23 04:00:00,0.0
2022-02-23 05:00:00,0.0
2022-02-23 06:00:00,0.0
2022-02-23 07:00:00,0.687
2022-02-23 08:00:00,3.126
2022-02-23 09:00:00,5.999
2022-02-23 10:00:00,8.518
2022-02-23 11:00:00,10.026
2022-02-23 12:00:00,10.865
2022-02-23 13:00:00,10.359
2022-02-23 14:00:00,8.767
2022-02-23 15:00:00,6.443
2022-02-23 16:00:00,3.575
2022-02-23 17:00:00,0.992
2022-02-23 18:00:00,0.0
2022-02-23 19:00:00,0.0
2022-02-23 20:00:00,0.0
2022-02-23 21:00:00,0.0
2022-02-23 22:00:00,0.0
2022-02-23 23:00:00,0.0
2022-02-24 00:00:00,0.0
2022-02-24 01:00:00,0.0
2022-02-24 02:00:00,0.0
2022-02-24 03:00:00,0.0
2022-02-24 04:00:00,0.0
2022-02-24 05:00:00,0.0
2022-02-24 06:00:00,0.0
2022-02-24 07:00:00,0.399
2022-02-24 08:00:00,2.011
2022-02-24 09:00:00,4.548
2022-02-24 10:00:00,7.649
2022-02-24 11:00:00,9.019
2022-02-24 12:00:00,10.225
2022-02-24 13:00:00,10.892
2022-02-24 14:00:00,9.395
2022-02-24 15:00:00,7.226
2022-02-24 16:00:00,4.124
2022-02-24 17:00:00,1.165
2022-02-24 18:00:00,0.0
2022-02-24 19:00:00,0.0
2022-02-24 20:00:00,0.0
2022-02-24 21:00:00,0.0
2022-02-24 22:00:00,0.0
2022-02-24 23:00:00,0.0
2022-02-25 00:00:00,0.0
2022-02-25 01:00:00,0.0
2022-02-25 02:00:00,0.0
2022-02-25 03:00:00,0.0
2022-02-25 04:00:00,0.0
2022-02-25 05:00:00,0.0
2022-02-25 06:00:00,0.0
2022-02-25 07:00:00,0.678
2022-02-25 08:00:00,2.85
2022-02-25 09:00:00,5.864
2022-02-25 10:00:00,8.989
2022-02-25 11:00:00,13.145
2022-02-25 12:00:00,15.395
2022-02-25 13:00:00,15.15
2022-02-25 14:00:00,13.549
2022-02-25 15:00:00,10.465
2022-02-25 16:00:00,6.314
2022-02-25 17:00:00,1.787
2022-02-25 18:00:00,0.0
2022-02-25 19:00:00,0.0
2022-02-25 20:00:00,0.0
2022-02-25 21:00:00,0.0
2022-02-25 22:00:00,0.0
2022-02-25 23:00:00,0.0
2022-02-26 00:00:00,0.0
2022-02-26 01:00:00,0.0
2022-02-26 02:00:00,0.0
2022-02-26 03:00:00,0.0
2022-02-26 04:00:00,0.0
2022-02-26 05:00:00,0.0
2022-02-26 06:00:00,0.0
2022-02-26 07:00:00,1.277
2022-02-26 08:00:00,4.867
2022-02-26 09:00:00,9.258
2022-02-26 10:00:00,12.725
2022-02-26 11:00:00,14.476
2022-02-26 12:00:00,14.365
2022-02-26 13:00:00,10.933
2022-02-26 14:00:00,7.142
2022-02-26 15:00:00,4.648
2022-02-26 16:00:00,2.428
2022-02-26 17:00:00,0.6970000000000001
2022-02-26 18:00:00,0.0
2022-02-26 19:00:00,0.0
2022-02-26 20:00:00,0.0
2022-02-26 21:00:00,0.0
2022-02-26 22:00:00,0.0
2022-02-26 23:00:00,0.0
2022-02-27 00:00:00,0.0
2022-02-27 01:00:00,0.0
2022-02-27 02:00:00,0.0
2022-02-27 03:00:00,0.0
2022-02-27 04:00:00,0.0
2022-02-27 05:00:00,0.0
2022-02-27 06:00:00,0.0
2022-02-27 07:00:00,1.247
2022-02-27 08:00:00,4.483
2022-02-27 09:00:00,8.723
2022-02-27 10:00:00,13.132
2022-02-27 11:00:00,14.454
2022-02-27 12:00:00,14.177
2022-02-27 13:00:00,13.679
2022-02-27 14:00:00,11.94
2022-02-27 15:00:00,8.17
2022-02-27 16:00:00,3.996
2022-02-27 17:00:00,1.097
2022-02-27 18:00:00,0.0
2022-02-27 19:00:00,0.0
2022-02-27 20:00:00,0.0
2022-02-27 21:00:00,0.0
2022-02-27 22:00:00,0.0
2022-02-27 23:00:00,0.0
2022-02-28 00:00:00,0.0
2022-02-28 01:00:00,0.0
2022-02-28 02:00:00,0.0
2022-02-28 03:00:00,0.0
2022-02-28 04:00:00,0.0
2022-02-28 05:00:00,0.0
2022-02-28 06:00:00,0.0
2022-02-28 07:00:00,1.285
2022-02-28 08:00:00,5.035
2022-02-28 09:00:00,9.465
2022-02-28 10:00:00,12.192
2022-02-28 11:00:00,12.992
2022-02-28 12:00:00,12.35
2022-02-28 13:00:00,11.091
2022-02-28 14:00:00,9.918
2022-02-28 15:00:00,7.367
2022-02-28 16:00:00,3.725
2022-02-28 17:00:00,1.118
2022-02-28 18:00:00,0.0
2022-02-28 19:00:00,0.0
2022-02-28 20:00:00,0.0
2022-02-28 21:00:00,0.0
2022-02-28 22:00:00,0.0
2022-02-28 23:00:00,0.0
2022-03-01 00:00:00,0.0
2022-03-01 01:00:00,0.0
2022-03-01 02:00:00,0.0
2022-03-01 03:00:00,0.0
2022-03-01 04:00:00,0.0
2022-03-01 05:00:00,0.0
2022-03-01 06:00:00,0.0
2022-03-01 07:00:00,0.239
2022-03-01 08:00:00,1.178
2022-03-01 09:00:00,2.418
2022-03-01 10:00:00,3.672
2022-03-01 11:00:00,4.742
2022-03-01 12:00:00,5.414
2022-03-01 13:00:00,5.243
2022-03-01 14:00:00,4.578
2022-03-01 15:00:00,3.409
2022-03-01 16:00:00,2.023
2022-03-01 17:00:00,0.611
2022-03-01 18:00:00,0.0
2022-03-01 19:00:00,0.0
2022-03-01 20:00:00,0.0
2022-03-01 21:00:00,0.0
2022-03-01 22:00:00,0.0
2022-03-01 23:00:00,0.0
2022-03-02 00:00:00,0.0
2022-03-02 01:00:00,0.0
2022-03-02 02:00:00,0.0
2022-03-02 03:00:00,0.0
2022-03-02 04:00:00,0.0
2022-03-02 05:00:00,0.0
2022-03-02 06:00:00,0.0
2022-03-02 07:00:00,0.794
2022-03-02 08:00:00,3.937
2022-03-02 09:00:00,9.762
2022-03-02 10:00:00,12.912
2022-03-02 11:00:00,14.344
2022-03-02 12:00:00,14.9
2022-03-02 13:00:00,14.292
2022-03-02 14:00:00,13.053
2022-03-02 15:00:00,9.769
2022-03-02 16:00:00,5.174
2022-03-02 17:00:00,1.722
2022-03-02 18:00:00,0.0
2022-03-02 19:00:00,0.0
2022-03-02 20:00:00,0.0
2022-03-02 21:00:00,0.0
2022-03-02 22:00:00,0.0
2022-03-02 23:00:00,0.0
2022-03-03 00:00:00,0.0
2022-03-03 01:00:00,0.0
2022-03-03 02:00:00,0.0
2022-03-03 03:00:00,0.0
2022-03-03 04:00:00,0.0
2022-03-03 05:00:00,0.0
2022-03-03 06:00:00,0.0
2022-03-03 07:00:00,0.983
2022-03-03 08:00:00,3.765
2022-03-03 09:00:00,7.43
2022-03-03 10:00:00,11.023
2022-03-03 11:00:00,13.121
2022-03-03 12:00:00,12.923
2022-03-03 13:00:00,12.213
2022-03-03 14:00:00,11.051
2022-03-03 15:00:00,7.868
2022-03-03 16:00:00,4.202
2022-03-03 17:00:00,1.165
2022-03-03 18:00:00,0.0
2022-03-03 19:00:00,0.0
2022-03-03 20:00:00,0.0
2022-03-03 21:00:00,0.0
2022-03-03 22:00:00,0.0
2022-03-03 23:00:00,0.0
2022-03-04 00:00:00,0.0
2022-03-04 01:00:00,0.0
2022-03-04 02:00:00,0.0
2022-03-04 03:00:00,0.0
2022-03-04 04:00:00,0.0
2022-03-04 05:00:00,0.0
2022-03-04 06:00:00,0.0
2022-03-04 07:00:00,0.86
2022-03-04 08:00:00,3.456
2022-03-04 09:00:00,6.349
2022-03-04 10:00:00,8.642
2022-03-04 11:00:00,10.18
2022-03-04 12:00:00,10.075
2022-03-04 13:00:00,9.566
2022-03-04 14:00:00,8.065
2022-03-04 15:00:00,5.719
2022-03-04 16:00:00,2.851
2022-03-04 17:00:00,0.731
2022-03-04 18:00:00,0.0
2022-03-04 19:00:00,0.0
2022-03-04 20:00:00,0.0
2022-03-04 21:00:00,0.0
2022-03-04 22:00:00,0.0
2022-03-04 23:00:00,0.0
2022-03-05 00:00:00,0.0
2022-03-05 01:00:00,0.0
2022-03-05 02:00:00,0.0
2022-03-05 03:00:00,0.0
2022-03-05 04:00:00,0.0
2022-03-05 05:00:00,0.0
2022-03-05 06:00:00,0.0
2022-03-05 07:00:00,1.015
2022-03-05 08:00:00,3.371
2022-03-05 09:00:00,5.647
2022-03-05 10:00:00,7.372
2022-03-05 11:00:00,8.267
2022-03-05 12:00:00,9.395
2022-03-05 13:00:00,8.753
2022-03-05 14:00:00,6.686
2022-03-05 15:00:00,5.043
2022-03-05 16:00:00,3.204
2022-03-05 17:00:00,1.05
2022-03-05 18:00:00,0.0
2022-03-05 19:00:00,0.0
2022-03-05 20:00:00,0.0
2022-03-05 21:00:00,0.0
2022-03-05 22:00:00,0.0
2022-03-05 23:00:00,0.0
2022-03-06 00:00:00,0.0
2022-03-06 01:00:00,0.0
2022-03-06 02:00:00,0.0
2022-03-06 03:00:00,0.0
2022-03-06 04:00:00,0.0
2022-03-06 05:00:00,0.0
2022-03-06 06:00:00,0.0
2022-03-06 07:00:00,0.717
2022-03-06 08:00:00,2.727
2022-03-06 09:00:00,4.892
2022-03-06 10:00:00,6.483
2022-03-06 11:00:00,8.064
2022-03-06 12:00:00,8.826
2022-03-06 13:00:00,8.572
2022-03-06 14:00:00,7.455
2022-03-06 15:00:00,5.512
2022-03-06 16:00:00,2.624
2022-03-06 17:00:00,0.673
2022-03-06 18:00:00,0.0
2022-03-06 19:00:00,0.0
2022-03-06 20:00:00,0.0
2022-03-06 21:00:00,0.0
2022-03-06 22:00:00,0.0
2022-03-06 23:00:00,0.0
2022-03-07 00:00:00,0.0
2022-03-07 01:00:00,0.0
2022-03-07 02:00:00,0.0
2022-03-07 03:00:00,0.0
2022-03-07 04:00:00,0.0
2022-03-07 05:00:00,0.0
2022-03-07 06:00:00,0.0
2022-03-07 07:00:00,0.521
2022-03-07 08:00:00,2.105
2022-03-07 09:00:00,4.785
2022-03-07 10:00:00,6.896
2022-03-07 11:00:00,7.063
2022-03-07 12:00:00,9.978
2022-03-07 13:00:00,11.66
2022-03-07 14:00:00,12.236
2022-03-07 15:00:00,9.717
2022-03-07 16:00:00,6.275
2022-03-07 17:00:00,2.075
2022-03-07 18:00:00,0.004
2022-03-07 19:00:00,0.0
2022-03-07 20:00:00,0.0
2022-03-07 21:00:00,0.0
2022-03-07 22:00:00,0.0
2022-03-07 23:00:00,0.0
2022-03-08 00:00:00,0.0
2022-03-08 01:00:00,0.0
2022-03-08 02:00:00,0.0
2022-03-08 03:00:00,0.0
2022-03-08 04:00:00,0.0
2022-03-08 05:00:00,0.0
2022-03-08 06:00:00,0.0
2022-03-08 07:00:00,2.574
2022-03-08 08:00:00,7.391
2022-03-08 09:00:00,12.219
2022-03-08 10:00:00,14.851
2022-03-08 11:00:00,16.353
2022-03-08 12:00:00,16.753
2022-03-08 13:00:00,16.136
2022-03-08 14:00:00,14.51
2022-03-08 15:00:00,11.765
2022-03-08 16:00:00,7.884
2022-03-08 17:00:00,3.127
2022-03-08 18:00:00,0.022
2022-03-08 19:00:00,0.0
2022-03-08 20:00:00,0.0
2022-03-08 21:00:00,0.0
2022-03-08 22:00:00,0.0
2022-03-08 23:00:00,0.0
2022-03-09 00:00:00,0.0
2022-03-09 01:00:00,0.0
2022-03-09 02:00:00,0.0
2022-03-09 03:00:00,0.0
2022-03-09 04:00:00,0.0
2022-03-09 05:00:00,0.0
2022-03-09 06:00:00,0.0
2022-03-09 07:00:00,2.845
2022-03-09 08:00:00,7.386
2022-03-09 09:00:00,11.12
2022-03-09 10:00:00,13.734
2022-03-09 11:00:00,15.34
2022-03-09 12:00:00,15.754
2022-03-09 13:00:00,15.127
2022-03-09 14:00:00,12.955
2022-03-09 15:00:00,8.918
2022-03-09 16:00:00,4.723
2022-03-09 17:00:00,1.355
2022-03-09 18:00:00,0.0
2022-03-09 19:00:00,0.0
2022-03-09 20:00:00,0.0
2022-03-09 21:00:00,0.0
2022-03-09 22:00:00,0.0
2022-03-09 23:00:00,0.0
2022-03-10 00:00:00,0.0
2022-03-10 01:00:00,0.0
2022-03-10 02:00:00,0.0
2022-03-10 03:00:00,0.0
2022-03-10 04:00:00,0.0
2022-03-10 05:00:00,0.0
2022-03-10 06:00:00,0.0
2022-03-10 07:00:00,2.231
2022-03-10 08:00:00,6.05
2022-03-10 09:00:00,8.627
2022-03-10 10:00:00,9.611
2022-03-10 11:00:00,10.432
2022-03-10 12:00:00,10.739
2022-03-10 13:00:00,9.849
2022-03-10 14:00:00,7.588
2022-03-10 15:00:00,4.885
2022-03-10 16:00:00,3.666
2022-03-10 17:00:00,1.276
2022-03-10 18:00:00,0.0
2022-03-10 19:00:00,0.0
2022-03-10 20:00:00,0.0
2022-03-10 21:00:00,0.0
2022-03-10 22:00:00,0.0
2022-03-10 23:00:00,0.0
2022-03-11 00:00:00,0.0
2022-03-11 01:00:00,0.0
2022-03-11 02:00:00,0.0
2022-03-11 03:00:00,0.0
2022-03-11 04:00:00,0.0
2022-03-11 05:00:00,0.0
2022-03-11 06:00:00,0.0
2022-03-11 07:00:00,1.689
2022-03-11 08:00:00,5.594
2022-03-11 09:00:00,9.128
2022-03-11 10:00:00,11.193
2022-03-11 11:00:00,12.738
2022-03-11 12:00:00,11.572
2022-03-11 13:00:00,11.57
2022-03-11 14:00:00,10.633
2022-03-11 15:00:00,8.633
2022-03-11 16:00:00,5.466
2022-03-11 17:00:00,1.628
2022-03-11 18:00:00,0.001
2022-03-11 19:00:00,0.0
2022-03-11 20:00:00,0.0
2022-03-11 21:00:00,0.0
2022-03-11 22:00:00,0.0
2022-03-11 23:00:00,0.0
2022-03-12 00:00:00,0.0
2022-03-12 01:00:00,0.0
2022-03-12 02:00:00,0.0
2022-03-12 03:00:00,0.0
2022-03-12 04:00:00,0.0
2022-03-12 05:00:00,0.0
2022-03-12 06:00:00,0.002
2022-03-12 07:00:00,2.333
2022-03-12 08:00:00,6.539
2022-03-12 09:00:00,10.221
2022-03-12 10:00:00,12.723
2022-03-12 11:00:00,13.915
2022-03-12 12:00:00,14.147
2022-03-12 13:00:00,13.463
2022-03-12 14:00:00,11.356
2022-03-12 15:00:00,7.034
2022-03-12 16:00:00,4.153
2022-03-12 17:00:00,1.434
2022-03-12 18:00:00,0.0
2022-03-12 19:00:00,0.0
2022-03-12 20:00:00,0.0
2022-03-12 21:00:00,0.0
2022-03-12 22:00:00,0.0
2022-03-12 23:00:00,0.0
2022-03-13 00:00:00,0.0
2022-03-13 01:00:00,0.0
2022-03-13 02:00:00,0.0
2022-03-13 03:00:00,0.0
2022-03-13 04:00:00,0.0
2022-03-13 05:00:00,0.0
2022-03-13 06:00:00,0.001
2022-03-13 07:00:00,2.05
2022-03-13 08:00:00,6.04
2022-03-13 09:00:00,9.558
2022-03-13 10:00:00,11.923
2022-03-13 11:00:00,12.771
2022-03-13 12:00:00,13.232
2022-03-13 13:00:00,11.963
2022-03-13 14:00:00,10.246
2022-03-13 15:00:00,7.717
2022-03-13 16:00:00,4.092
2022-03-13 17:00:00,1.493
2022-03-13 18:00:00,0.005
2022-03-13 19:00:00,0.0
2022-03-13 20:00:00,0.0
2022-03-13 21:00:00,0.0
2022-03-13 22:00:00,0.0
2022-03-13 23:00:00,0.0
2022-03-14 00:00:00,0.0
2022-03-14 01:00:00,0.0
2022-03-14 02:00:00,0.0
2022-03-14 03:00:00,0.0
2022-03-14 04:00:00,0.0
2022-03-14 05:00:00,0.0
2022-03-14 06:00:00,0.0
2022-03-14 07:00:00,1.837
2022-03-14 08:00:00,5.196
2022-03-14 09:00:00,7.682
2022-03-14 10:00:00,10.193
2022-03-14 11:00:00,11.998
2022-03-14 12:00:00,13.251
2022-03-14 13:00:00,12.481
2022-03-14 14:00:00,10.801
2022-03-14 15:00:00,7.45
2022-03-14 16:00:00,4.057
2022-03-14 17:00:00,1.17
2022-03-14 18:00:00,0.0
2022-03-14 19:00:00,0.0
2022-03-14 20:00:00,0.0
2022-03-14 21:00:00,0.0
2022-03-14 22:00:00,0.0
2022-03-14 23:00:00,0.0
2022-03-15 00:00:00,0.0
2022-03-15 01:00:00,0.0
2022-03-15 02:00:00,0.0
2022-03-15 03:00:00,0.0
2022-03-15 04:00:00,0.0
2022-03-15 05:00:00,0.0
2022-03-15 06:00:00,0.001
2022-03-15 07:00:00,1.817
2022-03-15 08:00:00,5.426
2022-03-15 09:00:00,9.714
2022-03-15 10:00:00,12.214
2022-03-15 11:00:00,13.498
2022-03-15 12:00:00,13.689
2022-03-15 13:00:00,12.884
2022-03-15 14:00:00,11.5
2022-03-15 15:00:00,8.861
2022-03-15 16:00:00,5.433
2022-03-15 17:00:00,1.526
2022-03-15 18:00:00,0.014
2022-03-15 19:00:00,0.0
2022-03-15 20:00:00,0.0
2022-03-15 21:00:00,0.0
2022-03-15 22:00:00,0.0
2022-03-15 23:00:00,0.0
2022-03-16 00:00:00,0.0
2022-03-16 01:00:00,0.0
2022-03-16 02:00:00,0.0
2022-03-16 03:00:00,0.0
2022-03-16 04:00:00,0.0
2022-03-16 05:00:00,0.0
2022-03-16 06:00:00,0.0
2022-03-16 07:00:00,0.599
2022-03-16 08:00:00,1.89
2022-03-16 09:00:00,3.29
2022-03-16 10:00:00,4.238
2022-03-16 11:00:00,5.103
2022-03-16 12:00:00,5.798
2022-03-16 13:00:00,5.281
2022-03-16 14:00:00,3.961
2022-03-16 15:00:00,2.481
2022-03-16 16:00:00,1.334
2022-03-16 17:00:00,0.362
2022-03-16 18:00:00,0.0
2022-03-16 19:00:00,0.0
2022-03-16 20:00:00,0.0
2022-03-16 21:00:00,0.0
2022-03-16 22:00:00,0.0
2022-03-16 23:00:00,0.0
2022-03-17 00:00:00,0.0
2022-03-17 01:00:00,0.0
2022-03-17 02:00:00,0.0
2022-03-17 03:00:00,0.0
2022-03-17 04:00:00,0.0
2022-03-17 05:00:00,0.0
2022-03-17 06:00:00,0.007
2022-03-17 07:00:00,1.796
2022-03-17 08:00:00,5.65
2022-03-17 09:00:00,9.459
2022-03-17 10:00:00,11.458
2022-03-17 11:00:00,11.123
2022-03-17 12:00:00,9.968
2022-03-17 13:00:00,8.508
2022-03-17 14:00:00,6.425
2022-03-17 15:00:00,5.058
2022-03-17 16:00:00,3.343
2022-03-17 17:00:00,1.102
2022-03-17 18:00:00,0.0
2022-03-17 19:00:00,0.0
2022-03-17 20:00:00,0.0
2022-03-17 21:00:00,0.0
2022-03-17 22:00:00,0.0
2022-03-17 23:00:00,0.0
2022-03-18 00:00:00,0.0
2022-03-18 01:00:00,0.0
2022-03-18 02:00:00,0.0
2022-03-18 03:00:00,0.0
2022-03-18 04:00:00,0.0
2022-03-18 05:00:00,0.0
2022-03-18 06:00:00,0.0
2022-03-18 07:00:00,1.06
2022-03-18 08:00:00,4.03
2022-03-18 09:00:00,8.053
2022-03-18 10:00:00,11.59
2022-03-18 11:00:00,14.52
2022-03-18 12:00:00,14.981
2022-03-18 13:00:00,13.918
2022-03-18 14:00:00,11.885
2022-03-18 15:00:00,8.738
2022-03-18 16:00:00,6.175
2022-03-18 17:00:00,2.661
2022-03-18 18:00:00,0.068
2022-03-18 19:00:00,0.0
2022-03-18 20:00:00,0.0
2022-03-18 21:00:00,0.0
2022-03-18 22:00:00,0.0
2022-03-18 23:00:00,0.0
2022-03-19 00:00:00,0.0
2022-03-19 01:00:00,0.0
2022-03-19 02:00:00,0.0
2022-03-19 03:00:00,0.0
2022-03-19 04:00:00,0.0
2022-03-19 05:00:00,0.0
2022-03-19 06:00:00,0.029
2022-03-19 07:00:00,2.26
2022-03-19 08:00:00,6.433
2022-03-19 09:00:00,10.399
2022-03-19 10:00:00,12.809
2022-03-19 11:00:00,14.169
2022-03-19 12:00:00,14.482
2022-03-19 13:00:00,13.764
2022-03-19 14:00:00,12.296
2022-03-19 15:00:00,9.653
2022-03-19 16:00:00,6.266
2022-03-19 17:00:00,1.718
2022-03-19 18:00:00,0.03
2022-03-19 19:00:00,0.0
2022-03-19 20:00:00,0.0
2022-03-19 21:00:00,0.0
2022-03-19 22:00:00,0.0
2022-03-19 23:00:00,0.0
2022-03-20 00:00:00,0.0
2022-03-20 01:00:00,0.0
2022-03-20 02:00:00,0.0
2022-03-20 03:00:00,0.0
2022-03-20 04:00:00,0.0
2022-03-20 05:00:00,0.0
2022-03-20 06:00:00,0.026
2022-03-20 07:00:00,2.22
2022-03-20 08:00:00,6.196
2022-03-20 09:00:00,9.633
2022-03-20 10:00:00,12.383
2022-03-20 11:00:00,12.971
2022-03-20 12:00:00,12.732
2022-03-20 13:00:00,12.144
2022-03-20 14:00:00,9.679
2022-03-20 15:00:00,8.034
2022-03-20 16:00:00,4.948
2022-03-20 17:00:00,1.539
2022-03-20 18:00:00,0.023
2022-03-20 19:00:00,0.0
2022-03-20 20:00:00,0.0
2022-03-20 21:00:00,0.0
2022-03-20 22:00:00,0.0
2022-03-20 23:00:00,0.0
2022-03-21 00:00:00,0.0
2022-03-21 01:00:00,0.0
2022-03-21 02:00:00,0.0
2022-03-21 03:00:00,0.0
2022-03-21 04:00:00,0.0
2022-03-21 05:00:00,0.0
2022-03-21 06:00:00,0.0
2022-03-21 07:00:00,0.841
2022-03-21 08:00:00,2.723
2022-03-21 09:00:00,5.301
2022-03-21 10:00:00,7.54
2022-03-21 11:00:00,8.936
2022-03-21 12:00:00,9.33
2022-03-21 13:00:00,9.278
2022-03-21 14:00:00,7.79
2022-03-21 15:00:00,5.82
2022-03-21 16:00:00,3.249
2022-03-21 17:00:00,1.092
2022-03-21 18:00:00,0.001
2022-03-21 19:00:00,0.0
2022-03-21 20:00:00,0.0
2022-03-21 21:00:00,0.0
2022-03-21 22:00:00,0.0
2022-03-21 23:00:00,0.0
2022-03-22 00:00:00,0.0
2022-03-22 01:00:00,0.0
2022-03-22 02:00:00,0.0
2022-03-22 03:00:00,0.0
2022-03-22 04:00:00,0.0
2022-03-22 05:00:00,0.0
2022-03-22 06:00:00,0.0
2022-03-22 07:00:00,0.464
2022-03-22 08:00:00,1.558
2022-03-22 09:00:00,3.15
2022-03-22 10:00:00,4.768
2022-03-22 11:00:00,5.405
2022-03-22 12:00:00,6.315
2022-03-22 13:00:00,6.658
2022-03-22 14:00:00,5.127
2022-03-22 15:00:00,3.263
2022-03-22 16:00:00,1.786
2022-03-22 17:00:00,0.5730000000000001
2022-03-22 18:00:00,0.0
2022-03-22 19:00:00,0.0
2022-03-22 20:00:00,0.0
2022-03-22 21:00:00,0.0
2022-03-22 22:00:00,0.0
2022-03-22 23:00:00,0.0
2022-03-23 00:00:00,0.0
2022-03-23 01:00:00,0.0
2022-03-23 02:00:00,0.0
2022-03-23 03:00:00,0.0
2022-03-23 04:00:00,0.0
2022-03-23 05:00:00,0.0
2022-03-23 06:00:00,0.0
2022-03-23 07:00:00,0.327
2022-03-23 08:00:00,1.303
2022-03-23 09:00:00,2.661
2022-03-23 10:00:00,4.164
2022-03-23 11:00:00,5.458
2022-03-23 12:00:00,7.363
2022-03-23 13:00:00,7.609
2022-03-23 14:00:00,8.338
2022-03-23 15:00:00,6.669
2022-03-23 16:00:00,4.56
2022-03-23 17:00:00,1.506
2022-03-23 18:00:00,0.003
2022-03-23 19:00:00,0.0
2022-03-23 20:00:00,0.0
2022-03-23 21:00:00,0.0
2022-03-23 22:00:00,0.0
2022-03-23 23:00:00,0.0
2022-03-24 00:00:00,0.0
2022-03-24 01:00:00,0.0
2022-03-24 02:00:00,0.0
2022-03-24 03:00:00,0.0
2022-03-24 04:00:00,0.0
2022-03-24 05:00:00,0.0
2022-03-24 06:00:00,0.0
2022-03-24 07:00:00,0.789
2022-03-24 08:00:00,2.702
2022-03-24 09:00:00,4.954
2022-03-24 10:00:00,6.75
2022-03-24 11:00:00,6.684
2022-03-24 12:00:00,6.381
2022-03-24 13:00:00,5.789
2022-03-24 14:00:00,4.76
2022-03-24 15:00:00,3.635
2022-03-24 16:00:00,2.356
2022-03-24 17:00:00,1.096
2022-03-24 18:00:00,0.046
2022-03-24 19:00:00,0.0
2022-03-24 20:00:00,0.0
2022-03-24 21:00:00,0.0
2022-03-24 22:00:00,0.0
2022-03-24 23:00:00,0.0
2022-03-25 00:00:00,0.0
2022-03-25 01:00:00,0.0
2022-03-25 02:00:00,0.0
2022-03-25 03:00:00,0.0
2022-03-25 04:00:00,0.0
2022-03-25 05:00:00,0.0
2022-03-25 06:00:00,0.065
2022-03-25 07:00:00,1.901
2022-03-25 08:00:00,4.374
2022-03-25 09:00:00,6.658
2022-03-25 10:00:00,9.579
2022-03-25 11:00:00,12.463
2022-03-25 12:00:00,13.707
2022-03-25 13:00:00,13.216
2022-03-25 14:00:00,11.478
2022-03-25 15:00:00,8.634
2022-03-25 16:00:00,5.589
2022-03-25 17:00:00,2.253
2022-03-25 18:00:00,0.08600000000000001
2022-03-25 19:00:00,0.0
2022-03-25 20:00:00,0.0
2022-03-25 21:00:00,0.0
2022-03-25 22:00:00,0.0
2022-03-25 23:00:00,0.0
2022-03-26 00:00:00,0.0
2022-03-26 01:00:00,0.0
2022-03-26 02:00:00,0.0
2022-03-26 03:00:00,0.0
2022-03-26 04:00:00,0.0
2022-03-26 05:00:00,0.0
2022-03-26 06:00:00,0.0
2022-03-26 07:00:00,0.625
2022-03-26 08:00:00,2.11
2022-03-26 09:00:00,3.187
2022-03-26 10:00:00,4.853
2022-03-26 11:00:00,7.958
2022-03-26 12:00:00,5.796
2022-03-26 13:00:00,3.98
2022-03-26 14:00:00,5.817
2022-03-26 15:00:00,4.787
2022-03-26 16:00:00,2.302
2022-03-26 17:00:00,0.667
2022-03-26 18:00:00,0.0
2022-03-26 19:00:00,0.0
2022-03-26 20:00:00,0.0
2022-03-26 21:00:00,0.0
2022-03-26 22:00:00,0.0
2022-03-26 23:00:00,0.0
2022-03-27 00:00:00,0.0
2022-03-27 01:00:00,0.0
2022-03-27 02:00:00,0.0
2022-03-27 03:00:00,0.0
2022-03-27 04:00:00,0.0
2022-03-27 05:00:00,0.0
2022-03-27 06:00:00,0.0
2022-03-27 07:00:00,0.316
2022-03-27 08:00:00,1.995
2022-03-27 09:00:00,4.777
2022-03-27 10:00:00,6.496
2022-03-27 11:00:00,7.873
2022-03-27 12:00:00,7.862
2022-03-27 13:00:00,7.517
2022-03-27 14:00:00,5.87
2022-03-27 15:00:00,3.244
2022-03-27 16:00:00,1.636
2022-03-27 17:00:00,0.651
2022-03-27 18:00:00,0.004
2022-03-27 19:00:00,0.0
2022-03-27 20:00:00,0.0
2022-03-27 21:00:00,0.0
2022-03-27 22:00:00,0.0
2022-03-27 23:00:00,0.0
2022-03-28 00:00:00,0.0
2022-03-28 01:00:00,0.0
2022-03-28 02:00:00,0.0
2022-03-28 03:00:00,0.0
2022-03-28 04:00:00,0.0
2022-03-28 05:00:00,0.0
2022-03-28 06:00:00,0.045
2022-03-28 07:00:00,1.692
2022-03-28 08:00:00,4.731
2022-03-28 09:00:00,5.223
2022-03-28 10:00:00,4.541
2022-03-28 11:00:00,4.334
2022-03-28 12:00:00,5.965
2022-03-28 13:00:00,8.092
2022-03-28 14:00:00,8.725
2022-03-28 15:00:00,7.54
2022-03-28 16:00:00,5.021
2022-03-28 17:00:00,1.866
2022-03-28 18:00:00,0.057
2022-03-28 19:00:00,0.0
2022-03-28 20:00:00,0.0
2022-03-28 21:00:00,0.0
2022-03-28 22:00:00,0.0
2022-03-28 23:00:00,0.0
2022-03-29 00:00:00,0.0
2022-03-29 01:00:00,0.0
2022-03-29 02:00:00,0.0
2022-03-29 03:00:00,0.0
2022-03-29 04:00:00,0.0
2022-03-29 05:00:00,0.0
2022-03-29 06:00:00,0.077
2022-03-29 07:00:00,1.671
2022-03-29 08:00:00,4.526
2022-03-29 09:00:00,6.777
2022-03-29 10:00:00,7.783
2022-03-29 11:00:00,9.477
2022-03-29 12:00:00,8.935
2022-03-29 13:00:00,7.124
2022-03-29 14:00:00,5.715
2022-03-29 15:00:00,4.718
2022-03-29 16:00:00,3.394
2022-03-29 17:00:00,1.425
2022-03-29 18:00:00,0.066
2022-03-29 19:00:00,0.0
2022-03-29 20:00:00,0.0
2022-03-29 21:00:00,0.0
2022-03-29 22:00:00,0.0
2022-03-29 23:00:00,0.0
2022-03-30 00:00:00,0.0
2022-03-30 01:00:00,0.0
2022-03-30 02:00:00,0.0
2022-03-30 03:00:00,0.0
2022-03-30 04:00:00,0.0
2022-03-30 05:00:00,0.0
2022-03-30 06:00:00,0.092
2022-03-30 07:00:00,2.359
2022-03-30 08:00:00,5.827
2022-03-30 09:00:00,8.282
2022-03-30 10:00:00,10.691
2022-03-30 11:00:00,11.134
2022-03-30 12:00:00,11.395
2022-03-30 13:00:00,10.392
2022-03-30 14:00:00,8.727
2022-03-30 15:00:00,6.299
2022-03-30 16:00:00,3.823
2022-03-30 17:00:00,1.414
2022-03-30 18:00:00,0.048
2022-03-30 19:00:00,0.0
2022-03-30 20:00:00,0.0
2022-03-30 21:00:00,0.0
2022-03-30 22:00:00,0.0
2022-03-30 23:00:00,0.0
2022-03-31 00:00:00,0.0
2022-03-31 01:00:00,0.0
2022-03-31 02:00:00,0.0
2022-03-31 03:00:00,0.0
2022-03-31 04:00:00,0.0
2022-03-31 05:00:00,0.0
2022-03-31 06:00:00,0.051
2022-03-31 07:00:00,1.546
2022-03-31 08:00:00,3.878
2022-03-31 09:00:00,4.56
2022-03-31 10:00:00,4.541
2022-03-31 11:00:00,4.559
2022-03-31 12:00:00,5.123
2022-03-31 13:00:00,6.261
2022-03-31 14:00:00,6.429
2022-03-31 15:00:00,4.644
2022-03-31 16:00:00,2.748
2022-03-31 17:00:00,0.936
2022-03-31 18:00:00,0.029
2022-03-31 19:00:00,0.0
2022-03-31 20:00:00,0.0
2022-03-31 21:00:00,0.0
2022-03-31 22:00:00,0.0
2022-03-31 23:00:00,0.0
2022-04-01 00:00:00,0.0
2022-04-01 01:00:00,0.0
2022-04-01 02:00:00,0.0
2022-04-01 03:00:00,0.0
2022-04-01 04:00:00,0.0
2022-04-01 05:00:00,0.0
2022-04-01 06:00:00,0.051
2022-04-01 07:00:00,1.241
2022-04-01 08:00:00,1.799
2022-04-01 09:00:00,1.577
2022-04-01 10:00:00,2.157
2022-04-01 11:00:00,2.719
2022-04-01 12:00:00,3.199
2022-04-01 13:00:00,2.729
2022-04-01 14:00:00,2.657
2022-04-01 15:00:00,2.372
2022-04-01 16:00:00,1.832
2022-04-01 17:00:00,0.755
2022-04-01 18:00:00,0.014
2022-04-01 19:00:00,0.0
2022-04-01 20:00:00,0.0
2022-04-01 21:00:00,0.0
2022-04-01 22:00:00,0.0
2022-04-01 23:00:00,0.0
2022-04-02 00:00:00,0.0
2022-04-02 01:00:00,0.0
2022-04-02 02:00:00,0.0
2022-04-02 03:00:00,0.0
2022-04-02 04:00:00,0.0
2022-04-02 05:00:00,0.0
2022-04-02 06:00:00,0.052
2022-04-02 07:00:00,1.783
2022-04-02 08:00:00,6.237
2022-04-02 09:00:00,10.158
2022-04-02 10:00:00,10.952
2022-04-02 11:00:00,12.201
2022-04-02 12:00:00,12.02
2022-04-02 13:00:00,12.307
2022-04-02 14:00:00,11.818
2022-04-02 15:00:00,8.032
2022-04-02 16:00:00,3.998
2022-04-02 17:00:00,1.615
2022-04-02 18:00:00,0.08700000000000001
2022-04-02 19:00:00,0.0
2022-04-02 20:00:00,0.0
2022-04-02 21:00:00,0.0
2022-04-02 22:00:00,0.0
2022-04-02 23:00:00,0.0
2022-04-03 00:00:00,0.0
2022-04-03 01:00:00,0.0
2022-04-03 02:00:00,0.0
2022-04-03 03:00:00,0.0
2022-04-03 04:00:00,0.0
2022-04-03 05:00:00,0.0
2022-04-03 06:00:00,0.152
2022-04-03 07:00:00,3.03
2022-04-03 08:00:00,7.353
2022-04-03 09:00:00,11.149
2022-04-03 10:00:00,13.806
2022-04-03 11:00:00,15.468
2022-04-03 12:00:00,15.982
2022-04-03 13:00:00,15.474
2022-04-03 14:00:00,13.941
2022-04-03 15:00:00,11.357
2022-04-03 16:00:00,7.727
2022-04-03 17:00:00,3.461
2022-04-03 18:00:00,0.211
2022-04-03 19:00:00,0.0
2022-04-03 20:00:00,0.0
2022-04-03 21:00:00,0.0
2022-04-03 22:00:00,0.0
2022-04-03 23:00:00,0.0
2022-04-04 00:00:00,0.0
2022-04-04 01:00:00,0.0
2022-04-04 02:00:00,0.0
2022-04-04 03:00:00,0.0
2022-04-04 04:00:00,0.0
2022-04-04 05:00:00,0.0
2022-04-04 06:00:00,0.15
2022-04-04 07:00:00,3.413
2022-04-04 08:00:00,7.805
2022-04-04 09:00:00,11.344
2022-04-04 10:00:00,13.873
2022-04-04 11:00:00,15.326
2022-04-04 12:00:00,15.648
2022-04-04 13:00:00,15.071
2022-04-04 14:00:00,13.44
2022-04-04 15:00:00,10.793
2022-04-04 16:00:00,7.225
2022-04-04 17:00:00,3.178
2022-04-04 18:00:00,0.205
2022-04-04 19:00:00,0.0
2022-04-04 20:00:00,0.0
2022-04-04 21:00:00,0.0
2022-04-04 22:00:00,0.0
2022-04-04 23:00:00,0.0
2022-04-05 00:00:00,0.0
2022-04-05 01:00:00,0.0
2022-04-05 02:00:00,0.0
2022-04-05 03:00:00,0.0
2022-04-05 04:00:00,0.0
2022-04-05 05:00:00,0.0
2022-04-05 06:00:00,0.142
2022-04-05 07:00:00,2.578
2022-04-05 08:00:00,6.562
2022-04-05 09:00:00,9.929
2022-04-05 10:00:00,11.874
2022-04-05 11:00:00,12.338
2022-04-05 12:00:00,13.138
2022-04-05 13:00:00,12.865
2022-04-05 14:00:00,11.901
2022-04-05 15:00:00,9.719
2022-04-05 16:00:00,6.305
2022-04-05 17:00:00,2.708
2022-04-05 18:00:00,0.189
2022-04-05 19:00:00,0.0
2022-04-05 20:00:00,0.0
2022-04-05 21:00:00,0.0
2022-04-05 22:00:00,0.0
2022-04-05 23:00:00,0.0
2022-04-06 00:00:00,0.0
2022-04-06 01:00:00,0.0
2022-04-06 02:00:00,0.0
2022-04-06 03:00:00,0.0
2022-04-06 04:00:00,0.0
2022-04-06 05:00:00,0.0
2022-04-06 06:00:00,0.156
2022-04-06 07:00:00,2.706
2022-04-06 08:00:00,6.541
2022-04-06 09:00:00,10.116
2022-04-06 10:00:00,12.638
2022-04-06 11:00:00,14.548
2022-04-06 12:00:00,14.852
2022-04-06 13:00:00,13.84
2022-04-06 14:00:00,11.331
2022-04-06 15:00:00,8.988
2022-04-06 16:00:00,5.126
2022-04-06 17:00:00,1.751
2022-04-06 18:00:00,0.177
2022-04-06 19:00:00,0.0
2022-04-06 20:00:00,0.0
2022-04-06 21:00:00,0.0
2022-04-06 22:00:00,0.0
2022-04-06 23:00:00,0.0
2022-04-07 00:00:00,0.0
2022-04-07 01:00:00,0.0
2022-04-07 02:00:00,0.0
2022-04-07 03:00:00,0.0
2022-04-07 04:00:00,0.0
2022-04-07 05:00:00,0.0
2022-04-07 06:00:00,0.17
2022-04-07 07:00:00,2.84
2022-04-07 08:00:00,6.341
2022-04-07 09:00:00,10.403
2022-04-07 10:00:00,13.171
2022-04-07 11:00:00,14.733
2022-04-07 12:00:00,15.198
2022-04-07 13:00:00,14.678
2022-04-07 14:00:00,13.187
2022-04-07 15:00:00,10.693
2022-04-07 16:00:00,7.249
2022-04-07 17:00:00,3.283
2022-04-07 18:00:00,0.231
2022-04-07 19:00:00,0.0
2022-04-07 20:00:00,0.0
2022-04-07 21:00:00,0.0
2022-04-07 22:00:00,0.0
2022-04-07 23:00:00,0.0
2022-04-08 00:00:00,0.0
2022-04-08 01:00:00,0.0
2022-04-08 02:00:00,0.0
2022-04-08 03:00:00,0.0
2022-04-08 04:00:00,0.0
2022-04-08 05:00:00,0.0
2022-04-08 06:00:00,0.171
2022-04-08 07:00:00,3.42
2022-04-08 08:00:00,7.69
2022-04-08 09:00:00,11.15
2022-04-08 10:00:00,13.573
2022-04-08 11:00:00,15.042
2022-04-08 12:00:00,15.503
2022-04-08 13:00:00,15.004
2022-04-08 14:00:00,13.539
2022-04-08 15:00:00,11.06
2022-04-08 16:00:00,7.586
2022-04-08 17:00:00,3.483
2022-04-08 18:00:00,0.229
2022-04-08 19:00:00,0.0
2022-04-08 20:00:00,0.0
2022-04-08 21:00:00,0.0
2022-04-08 22:00:00,0.0
2022-04-08 23:00:00,0.0
2022-04-09 00:00:00,0.0
2022-04-09 01:00:00,0.0
2022-04-09 02:00:00,0.0
2022-04-09 03:00:00,0.0
2022-04-09 04:00:00,0.0
2022-04-09 05:00:00,0.0
2022-04-09 06:00:00,0.172
2022-04-09 07:00:00,3.39
2022-04-09 08:00:00,7.555
2022-04-09 09:00:00,10.938
2022-04-09 10:00:00,13.273
2022-04-09 11:00:00,14.577
2022-04-09 12:00:00,14.922
2022-04-09 13:00:00,14.19
2022-04-09 14:00:00,12.911
2022-04-09 15:00:00,10.367
2022-04-09 16:00:00,7.063
2022-04-09 17:00:00,3.181
2022-04-09 18:00:00,0.237
2022-04-09 19:00:00,0.0
2022-04-09 20:00:00,0.0
2022-04-09 21:00:00,0.0
2022-04-09 22:00:00,0.0
2022-04-09 23:00:00,0.0
2022-04-10 00:00:00,0.0
2022-04-10 01:00:00,0.0
2022-04-10 02:00:00,0.0
2022-04-10 03:00:00,0.0
2022-04-10 04:00:00,0.0
2022-04-10 05:00:00,0.0
2022-04-10 06:00:00,0.115
2022-04-10 07:00:00,2.022
2022-04-10 08:00:00,5.5
2022-04-10 09:00:00,9.346
2022-04-10 10:00:00,11.997
2022-04-10 11:00:00,13.151
2022-04-10 12:00:00,13.51
2022-04-10 13:00:00,12.552
2022-04-10 14:00:00,10.409
2022-04-10 15:00:00,7.627
2022-04-10 16:00:00,4.733
2022-04-10 17:00:00,1.886
2022-04-10 18:00:00,0.187
2022-04-10 19:00:00,0.0
2022-04-10 20:00:00,0.0
2022-04-10 21:00:00,0.0
2022-04-10 22:00:00,0.0
2022-04-10 23:00:00,0.0
2022-04-11 00:00:00,0.0
2022-04-11 01:00:00,0.0
2022-04-11 02:00:00,0.0
2022-04-11 03:00:00,0.0
2022-04-11 04:00:00,0.0
2022-04-11 05:00:00,0.0
2022-04-11 06:00:00,0.209
2022-04-11 07:00:00,2.973
2022-04-11 08:00:00,6.793
2022-04-11 09:00:00,10.152
2022-04-11 10:00:00,12.602
2022-04-11 11:00:00,14.453
2022-04-11 12:00:00,14.877
2022-04-11 13:00:00,14.353
2022-04-11 14:00:00,12.874
2022-04-11 15:00:00,10.43
2022-04-11 16:00:00,7.084
2022-04-11 17:00:00,3.214
2022-04-11 18:00:00,0.25
2022-04-11 19:00:00,0.0
2022-04-11 20:00:00,0.0
2022-04-11 21:00:00,0.0
2022-04-11 22:00:00,0.0
2022-04-11 23:00:00,0.0
2022-04-12 00:00:00,0.0
2022-04-12 01:00:00,0.0
2022-04-12 02:00:00,0.0
2022-04-12 03:00:00,0.0
2022-04-12 04:00:00,0.0
2022-04-12 05:00:00,0.0
2022-04-12 06:00:00,0.204
2022-04-12 07:00:00,2.778
2022-04-12 08:00:00,6.24
2022-04-12 09:00:00,8.598
2022-04-12 10:00:00,9.874
2022-04-12 11:00:00,10.806
2022-04-12 12:00:00,11.024
2022-04-12 13:00:00,10.1
2022-04-12 14:00:00,8.925
2022-04-12 15:00:00,6.923
2022-04-12 16:00:00,4.215
2022-04-12 17:00:00,1.862
2022-04-12 18:00:00,0.132
2022-04-12 19:00:00,0.0
2022-04-12 20:00:00,0.0
2022-04-12 21:00:00,0.0
2022-04-12 22:00:00,0.0
2022-04-12 23:00:00,0.0
2022-04-13 00:00:00,0.0
2022-04-13 01:00:00,0.0
2022-04-13 02:00:00,0.0
2022-04-13 03:00:00,0.0
2022-04-13 04:00:00,0.0
2022-04-13 05:00:00,0.0
2022-04-13 06:00:00,0.031
2022-04-13 07:00:00,0.842
2022-04-13 08:00:00,2.878
2022-04-13 09:00:00,4.624
2022-04-13 10:00:00,5.96
2022-04-13 11:00:00,6.593
2022-04-13 12:00:00,7.685
2022-04-13 13:00:00,7.84
2022-04-13 14:00:00,7.709
2022-04-13 15:00:00,6.248
2022-04-13 16:00:00,3.916
2022-04-13 17:00:00,1.653
2022-04-13 18:00:00,0.179
2022-04-13 19:00:00,0.0
2022-04-13 20:00:00,0.0
2022-04-13 21:00:00,0.0
2022-04-13 22:00:00,0.0
2022-04-13 23:00:00,0.0
2022-04-14 00:00:00,0.0
2022-04-14 01:00:00,0.0
2022-04-14 02:00:00,0.0
2022-04-14 03:00:00,0.0
2022-04-14 04:00:00,0.0
2022-04-14 05:00:00,0.0
2022-04-14 06:00:00,0.211
2022-04-14 07:00:00,2.289
2022-04-14 08:00:00,5.089
2022-04-14 09:00:00,7.257
2022-04-14 10:00:00,9.64
2022-04-14 11:00:00,11.735
2022-04-14 12:00:00,13.795
2022-04-14 13:00:00,13.273
2022-04-14 14:00:00,12.041
2022-04-14 15:00:00,9.509
2022-04-14 16:00:00,6.264
2022-04-14 17:00:00,2.392
2022-04-14 18:00:00,0.244
2022-04-14 19:00:00,0.0
2022-04-14 20:00:00,0.0
2022-04-14 21:00:00,0.0
2022-04-14 22:00:00,0.0
2022-04-14 23:00:00,0.0
2022-04-15 00:00:00,0.0
2022-04-15 01:00:00,0.0
2022-04-15 02:00:00,0.0
2022-04-15 03:00:00,0.0
2022-04-15 04:00:00,0.0
2022-04-15 05:00:00,0.0
2022-04-15 06:00:00,0.083
2022-04-15 07:00:00,0.68
2022-04-15 08:00:00,1.862
2022-04-15 09:00:00,3.654
2022-04-15 10:00:00,5.596
2022-04-15 11:00:00,6.188
2022-04-15 12:00:00,5.726
2022-04-15 13:00:00,4.684
2022-04-15 14:00:00,3.697
2022-04-15 15:00:00,2.945
2022-04-15 16:00:00,2.189
2022-04-15 17:00:00,1.125
2022-04-15 18:00:00,0.08600000000000001
2022-04-15 19:00:00,0.0
2022-04-15 20:00:00,0.0
2022-04-15 21:00:00,0.0
2022-04-15 22:00:00,0.0
2022-04-15 23:00:00,0.0
2022-04-16 00:00:00,0.0
2022-04-16 01:00:00,0.0
2022-04-16 02:00:00,0.0
2022-04-16 03:00:00,0.0
2022-04-16 04:00:00,0.0
2022-04-16 05:00:00,0.0
2022-04-16 06:00:00,0.039
2022-04-16 07:00:00,0.714
2022-04-16 08:00:00,0.975
2022-04-16 09:00:00,2.378
2022-04-16 10:00:00,6.227
2022-04-16 11:00:00,6.381
2022-04-16 12:00:00,4.21
2022-04-16 13:00:00,3.089
2022-04-16 14:00:00,2.509
2022-04-16 15:00:00,1.904
2022-04-16 16:00:00,1.155
2022-04-16 17:00:00,0.46
2022-04-16 18:00:00,0.007
2022-04-16 19:00:00,0.0
2022-04-16 20:00:00,0.0
2022-04-16 21:00:00,0.0
2022-04-16 22:00:00,0.0
2022-04-16 23:00:00,0.0
2022-04-17 00:00:00,0.0
2022-04-17 01:00:00,0.0
2022-04-17 02:00:00,0.0
2022-04-17 03:00:00,0.0
2022-04-17 04:00:00,0.0
2022-04-17 05:00:00,0.0
2022-04-17 06:00:00,0.114
2022-04-17 07:00:00,1.375
2022-04-17 08:00:00,2.866
2022-04-17 09:00:00,3.996
2022-04-17 10:00:00,5.127
2022-04-17 11:00:00,5.759
2022-04-17 12:00:00,6.306
2022-04-17 13:00:00,5.708
2022-04-17 14:00:00,4.961
2022-04-17 15:00:00,4.184
2022-04-17 16:00:00,2.55
2022-04-17 17:00:00,1.042
2022-04-17 18:00:00,0.096
2022-04-17 19:00:00,0.0
2022-04-17 20:00:00,0.0
2022-04-17 21:00:00,0.0
2022-04-17 22:00:00,0.0
2022-04-17 23:00:00,0.0
2022-04-18 00:00:00,0.0
2022-04-18 01:00:00,0.0
2022-04-18 02:00:00,0.0
2022-04-18 03:00:00,0.0
2022-04-18 04:00:00,0.0
2022-04-18 05:00:00,0.0
2022-04-18 06:00:00,0.115
2022-04-18 07:00:00,1.174
2022-04-18 08:00:00,2.985
2022-04-18 09:00:00,4.71
2022-04-18 10:00:00,6.254
2022-04-18 11:00:00,7.865
2022-04-18 12:00:00,8.592
2022-04-18 13:00:00,8.134
2022-04-18 14:00:00,7.571
2022-04-18 15:00:00,5.308
2022-04-18 16:00:00,2.91
2022-04-18 17:00:00,1.333
2022-04-18 18:00:00,0.166
2022-04-18 19:00:00,0.0
2022-04-18 20:00:00,0.0
2022-04-18 21:00:00,0.0
2022-04-18 22:00:00,0.0
2022-04-18 23:00:00,0.0
2022-04-19 00:00:00,0.0
2022-04-19 01:00:00,0.0
2022-04-19 02:00:00,0.0
2022-04-19 03:00:00,0.0
2022-04-19 04:00:00,0.0
2022-04-19 05:00:00,0.0
2022-04-19 06:00:00,0.204
2022-04-19 07:00:00,2.126
2022-04-19 08:00:00,5.338
2022-04-19 09:00:00,7.908
2022-04-19 10:00:00,9.782
2022-04-19 11:00:00,10.711
2022-04-19 12:00:00,10.637
2022-04-19 13:00:00,10.146
2022-04-19 14:00:00,9.588
2022-04-19 15:00:00,8.92
2022-04-19 16:00:00,6.309
2022-04-19 17:00:00,3.076
2022-04-19 18:00:00,0.386
2022-04-19 19:00:00,0.0
2022-04-19 20:00:00,0.0
2022-04-19 21:00:00,0.0
2022-04-19 22:00:00,0.0
2022-04-19 23:00:00,0.0
2022-04-20 00:00:00,0.0
2022-04-20 01:00:00,0.0
2022-04-20 02:00:00,0.0
2022-04-20 03:00:00,0.0
2022-04-20 04:00:00,0.0
2022-04-20 05:00:00,0.0
2022-04-20 06:00:00,0.25
2022-04-20 07:00:00,2.048
2022-04-20 08:00:00,4.498
2022-04-20 09:00:00,6.817
2022-04-20 10:00:00,8.077
2022-04-20 11:00:00,8.413
2022-04-20 12:00:00,7.549
2022-04-20 13:00:00,6.246
2022-04-20 14:00:00,5.185
2022-04-20 15:00:00,5.363
2022-04-20 16:00:00,4.985
2022-04-20 17:00:00,3.004
2022-04-20 18:00:00,0.417
2022-04-20 19:00:00,0.0
2022-04-20 20:00:00,0.0
2022-04-20 21:00:00,0.0
2022-04-20 22:00:00,0.0
2022-04-20 23:00:00,0.0
2022-04-21 00:00:00,0.0
2022-04-21 01:00:00,0.0
2022-04-21 02:00:00,0.0
2022-04-21 03:00:00,0.0
2022-04-21 04:00:00,0.0
2022-04-21 05:00:00,0.0
2022-04-21 06:00:00,0.376
2022-04-21 07:00:00,3.505
2022-04-21 08:00:00,7.082
2022-04-21 09:00:00,10.325
2022-04-21 10:00:00,12.432
2022-04-21 11:00:00,12.879
2022-04-21 12:00:00,13.281
2022-04-21 13:00:00,11.259
2022-04-21 14:00:00,8.432
2022-04-21 15:00:00,7.029
2022-04-21 16:00:00,4.17
2022-04-21 17:00:00,1.632
2022-04-21 18:00:00,0.364
2022-04-21 19:00:00,0.0
2022-04-21 20:00:00,0.0
2022-04-21 21:00:00,0.0
2022-04-21 22:00:00,0.0
2022-04-21 23:00:00,0.0
2022-04-22 00:00:00,0.0
2022-04-22 01:00:00,0.0
2022-04-22 02:00:00,0.0
2022-04-22 03:00:00,0.0
2022-04-22 04:00:00,0.0
2022-04-22 05:00:00,0.0
2022-04-22 06:00:00,0.151
2022-04-22 07:00:00,1.503
2022-04-22 08:00:00,4.137
2022-04-22 09:00:00,7.527
2022-04-22 10:00:00,9.632
2022-04-22 11:00:00,11.347
2022-04-22 12:00:00,12.377
2022-04-22 13:00:00,11.013
2022-04-22 14:00:00,8.778
2022-04-22 15:00:00,6.911
2022-04-22 16:00:00,4.858
2022-04-22 17:00:00,2.362
2022-04-22 18:00:00,0.304
2022-04-22 19:00:00,0.0
2022-04-22 20:00:00,0.0
2022-04-22 21:00:00,0.0
2022-04-22 22:00:00,0.0
2022-04-22 23:00:00,0.0
2022-04-23 00:00:00,0.0
2022-04-23 01:00:00,0.0
2022-04-23 02:00:00,0.0
2022-04-23 03:00:00,0.0
2022-04-23 04:00:00,0.0
2022-04-23 05:00:00,0.0
2022-04-23 06:00:00,0.357
2022-04-23 07:00:00,3.147
2022-04-23 08:00:00,6.79
2022-04-23 09:00:00,9.355
2022-04-23 10:00:00,10.443
2022-04-23 11:00:00,10.144
2022-04-23 12:00:00,9.271
2022-04-23 13:00:00,7.479
2022-04-23 14:00:00,6.536
2022-04-23 15:00:00,6.989
2022-04-23 16:00:00,5.572
2022-04-23 17:00:00,2.846
2022-04-23 18:00:00,0.401
2022-04-23 19:00:00,0.0
2022-04-23 20:00:00,0.0
2022-04-23 21:00:00,0.0
2022-04-23 22:00:00,0.0
2022-04-23 23:00:00,0.0
2022-04-24 00:00:00,0.0
2022-04-24 01:00:00,0.0
2022-04-24 02:00:00,0.0
2022-04-24 03:00:00,0.0
2022-04-24 04:00:00,0.0
2022-04-24 05:00:00,0.0
2022-04-24 06:00:00,0.341
2022-04-24 07:00:00,2.692
2022-04-24 08:00:00,5.102
2022-04-24 09:00:00,6.549
2022-04-24 10:00:00,7.88
2022-04-24 11:00:00,8.822
2022-04-24 12:00:00,9.605
2022-04-24 13:00:00,10.569
2022-04-24 14:00:00,9.592
2022-04-24 15:00:00,5.715
2022-04-24 16:00:00,2.369
2022-04-24 17:00:00,1.922
2022-04-24 18:00:00,0.353
2022-04-24 19:00:00,0.0
2022-04-24 20:00:00,0.0
2022-04-24 21:00:00,0.0
2022-04-24 22:00:00,0.0
2022-04-24 23:00:00,0.0
2022-04-25 00:00:00,0.0
2022-04-25 01:00:00,0.0
2022-04-25 02:00:00,0.0
2022-04-25 03:00:00,0.0
2022-04-25 04:00:00,0.0
2022-04-25 05:00:00,0.0
2022-04-25 06:00:00,0.271
2022-04-25 07:00:00,2.128
2022-04-25 08:00:00,5.026
2022-04-25 09:00:00,8.886
2022-04-25 10:00:00,11.026
2022-04-25 11:00:00,11.659
2022-04-25 12:00:00,11.252
2022-04-25 13:00:00,10.787
2022-04-25 14:00:00,9.279
2022-04-25 15:00:00,7.303
2022-04-25 16:00:00,4.903
2022-04-25 17:00:00,2.394
2022-04-25 18:00:00,0.36
2022-04-25 19:00:00,0.0
2022-04-25 20:00:00,0.0
2022-04-25 21:00:00,0.0
2022-04-25 22:00:00,0.0
2022-04-25 23:00:00,0.0
2022-04-26 00:00:00,0.0
2022-04-26 01:00:00,0.0
2022-04-26 02:00:00,0.0
2022-04-26 03:00:00,0.0
2022-04-26 04:00:00,0.0
2022-04-26 05:00:00,0.0
2022-04-26 06:00:00,0.309
2022-04-26 07:00:00,2.379
2022-04-26 08:00:00,5.117
2022-04-26 09:00:00,8.259
2022-04-26 10:00:00,10.304
2022-04-26 11:00:00,11.486
2022-04-26 12:00:00,11.897
2022-04-26 13:00:00,11.377
2022-04-26 14:00:00,9.439
2022-04-26 15:00:00,6.101
2022-04-26 16:00:00,4.352
2022-04-26 17:00:00,2.272
2022-04-26 18:00:00,0.311
2022-04-26 19:00:00,0.0
2022-04-26 20:00:00,0.0
2022-04-26 21:00:00,0.0
2022-04-26 22:00:00,0.0
2022-04-26 23:00:00,0.0
2022-04-27 00:00:00,0.0
2022-04-27 01:00:00,0.0
2022-04-27 02:00:00,0.0
2022-04-27 03:00:00,0.0
2022-04-27 04:00:00,0.0
2022-04-27 05:00:00,0.0
2022-04-27 06:00:00,0.328
2022-04-27 07:00:00,2.438
2022-04-27 08:00:00,5.272
2022-04-27 09:00:00,8.214
2022-04-27 10:00:00,10.277
2022-04-27 11:00:00,11.947
2022-04-27 12:00:00,12.541
2022-04-27 13:00:00,11.863
2022-04-27 14:00:00,9.935
2022-04-27 15:00:00,7.951000000000001
2022-04-27 16:00:00,5.544
2022-04-27 17:00:00,2.391
2022-04-27 18:00:00,0.355
2022-04-27 19:00:00,0.0
2022-04-27 20:00:00,0.0
2022-04-27 21:00:00,0.0
2022-04-27 22:00:00,0.0
2022-04-27 23:00:00,0.0
2022-04-28 00:00:00,0.0
2022-04-28 01:00:00,0.0
2022-04-28 02:00:00,0.0
2022-04-28 03:00:00,0.0
2022-04-28 04:00:00,0.0
2022-04-28 05:00:00,0.0
2022-04-28 06:00:00,0.329
2022-04-28 07:00:00,2.832
2022-04-28 08:00:00,6.432
2022-04-28 09:00:00,9.516
2022-04-28 10:00:00,11.581
2022-04-28 11:00:00,12.231
2022-04-28 12:00:00,11.487
2022-04-28 13:00:00,10.689
2022-04-28 14:00:00,9.876
2022-04-28 15:00:00,8.038
2022-04-28 16:00:00,5.152
2022-04-28 17:00:00,2.337
2022-04-28 18:00:00,0.353
2022-04-28 19:00:00,0.0
2022-04-28 20:00:00,0.0
2022-04-28 21:00:00,0.0
2022-04-28 22:00:00,0.0
2022-04-28 23:00:00,0.0
2022-04-29 00:00:00,0.0
2022-04-29 01:00:00,0.0
2022-04-29 02:00:00,0.0
2022-04-29 03:00:00,0.0
2022-04-29 04:00:00,0.0
2022-04-29 05:00:00,0.0
2022-04-29 06:00:00,0.061
2022-04-29 07:00:00,0.761
2022-04-29 08:00:00,2.057
2022-04-29 09:00:00,3.725
2022-04-29 10:00:00,5.553
2022-04-29 11:00:00,7.396
2022-04-29 12:00:00,8.643
2022-04-29 13:00:00,9.467
2022-04-29 14:00:00,8.927
2022-04-29 15:00:00,7.075
2022-04-29 16:00:00,4.269
2022-04-29 17:00:00,1.912
2022-04-29 18:00:00,0.358
2022-04-29 19:00:00,0.0
2022-04-29 20:00:00,0.0
2022-04-29 21:00:00,0.0
2022-04-29 22:00:00,0.0
2022-04-29 23:00:00,0.0
2022-04-30 00:00:00,0.0
2022-04-30 01:00:00,0.0
2022-04-30 02:00:00,0.0
2022-04-30 03:00:00,0.0
2022-04-30 04:00:00,0.0
2022-04-30 05:00:00,0.0
2022-04-30 06:00:00,0.124
2022-04-30 07:00:00,0.993
2022-04-30 08:00:00,2.315
2022-04-30 09:00:00,3.393
2022-04-30 10:00:00,4.359
2022-04-30 11:00:00,5.134
2022-04-30 12:00:00,4.923
2022-04-30 13:00:00,4.271
2022-04-30 14:00:00,3.919
2022-04-30 15:00:00,3.21
2022-04-30 16:00:00,1.967
2022-04-30 17:00:00,0.679
2022-04-30 18:00:00,0.05
2022-04-30 19:00:00,0.0
2022-04-30 20:00:00,0.0
2022-04-30 21:00:00,0.0
2022-04-30 22:00:00,0.0
2022-04-30 23:00:00,0.0
2022-05-01 00:00:00,0.0
2022-05-01 01:00:00,0.0
2022-05-01 02:00:00,0.0
2022-05-01 03:00:00,0.0
2022-05-01 04:00:00,0.0
2022-05-01 05:00:00,0.0
2022-05-01 06:00:00,0.07100000000000001
2022-05-01 07:00:00,0.58
2022-05-01 08:00:00,1.203
2022-05-01 09:00:00,2.001
2022-05-01 10:00:00,3.602
2022-05-01 11:00:00,4.964
2022-05-01 12:00:00,6.459
2022-05-01 13:00:00,6.883
2022-05-01 14:00:00,5.077
2022-05-01 15:00:00,3.336
2022-05-01 16:00:00,2.092
2022-05-01 17:00:00,0.9490000000000001
2022-05-01 18:00:00,0.118
2022-05-01 19:00:00,0.0
2022-05-01 20:00:00,0.0
2022-05-01 21:00:00,0.0
2022-05-01 22:00:00,0.0
2022-05-01 23:00:00,0.0
2022-05-02 00:00:00,0.0
2022-05-02 01:00:00,0.0
2022-05-02 02:00:00,0.0
2022-05-02 03:00:00,0.0
2022-05-02 04:00:00,0.0
2022-05-02 05:00:00,0.0
2022-05-02 06:00:00,0.406
2022-05-02 07:00:00,2.242
2022-05-02 08:00:00,5.873
2022-05-02 09:00:00,9.909
2022-05-02 10:00:00,12.336
2022-05-02 11:00:00,13.569
2022-05-02 12:00:00,14.076
2022-05-02 13:00:00,13.505
2022-05-02 14:00:00,12.054
2022-05-02 15:00:00,9.547
2022-05-02 16:00:00,6.618
2022-05-02 17:00:00,3.33
2022-05-02 18:00:00,0.633
2022-05-02 19:00:00,0.0
2022-05-02 20:00:00,0.0
2022-05-02 21:00:00,0.0
2022-05-02 22:00:00,0.0
2022-05-02 23:00:00,0.0
2022-05-03 00:00:00,0.0
2022-05-03 01:00:00,0.0
2022-05-03 02:00:00,0.0
2022-05-03 03:00:00,0.0
2022-05-03 04:00:00,0.0
2022-05-03 05:00:00,0.0
2022-05-03 06:00:00,0.498
2022-05-03 07:00:00,3.05
2022-05-03 08:00:00,7.087
2022-05-03 09:00:00,10.465
2022-05-03 10:00:00,12.812
2022-05-03 11:00:00,14.19
2022-05-03 12:00:00,14.573
2022-05-03 13:00:00,13.87
2022-05-03 14:00:00,12.114
2022-05-03 15:00:00,9.648
2022-05-03 16:00:00,6.858
2022-05-03 17:00:00,3.494
2022-05-03 18:00:00,0.681
2022-05-03 19:00:00,0.0
2022-05-03 20:00:00,0.0
2022-05-03 21:00:00,0.0
2022-05-03 22:00:00,0.0
2022-05-03 23:00:00,0.0
2022-05-04 00:00:00,0.0
2022-05-04 01:00:00,0.0
2022-05-04 02:00:00,0.0
2022-05-04 03:00:00,0.0
2022-05-04 04:00:00,0.0
2022-05-04 05:00:00,0.0
2022-05-04 06:00:00,0.437
2022-05-04 07:00:00,3.165
2022-05-04 08:00:00,6.551
2022-05-04 09:00:00,10.118
2022-05-04 10:00:00,12.409
2022-05-04 11:00:00,13.519
2022-05-04 12:00:00,13.517
2022-05-04 13:00:00,13.436
2022-05-04 14:00:00,12.622
2022-05-04 15:00:00,10.272
2022-05-04 16:00:00,7.173
2022-05-04 17:00:00,3.542
2022-05-04 18:00:00,0.6920000000000001
2022-05-04 19:00:00,0.0
2022-05-04 20:00:00,0.0
2022-05-04 21:00:00,0.0
2022-05-04 22:00:00,0.0
2022-05-04 23:00:00,0.0
2022-05-05 00:00:00,0.0
2022-05-05 01:00:00,0.0
2022-05-05 02:00:00,0.0
2022-05-05 03:00:00,0.0
2022-05-05 04:00:00,0.0
2022-05-05 05:00:00,0.0
2022-05-05 06:00:00,0.516
2022-05-05 07:00:00,3.155
2022-05-05 08:00:00,6.565
2022-05-05 09:00:00,9.201
2022-05-05 10:00:00,11.575
2022-05-05 11:00:00,12.923
2022-05-05 12:00:00,13.184
2022-05-05 13:00:00,11.815
2022-05-05 14:00:00,8.911
2022-05-05 15:00:00,6.171
2022-05-05 16:00:00,3.883
2022-05-05 17:00:00,1.926
2022-05-05 18:00:00,0.438
2022-05-05 19:00:00,0.0
2022-05-05 20:00:00,0.0
2022-05-05 21:00:00,0.0
2022-05-05 22:00:00,0.0
2022-05-05 23:00:00,0.0
2022-05-06 00:00:00,0.0
2022-05-06 01:00:00,0.0
2022-05-06 02:00:00,0.0
2022-05-06 03:00:00,0.0
2022-05-06 04:00:00,0.0
2022-05-06 05:00:00,0.0
2022-05-06 06:00:00,0.629
2022-05-06 07:00:00,3.412
2022-05-06 08:00:00,6.813
2022-05-06 09:00:00,9.621
2022-05-06 10:00:00,11.822
2022-05-06 11:00:00,13.201
2022-05-06 12:00:00,13.55
2022-05-06 13:00:00,13.087
2022-05-06 14:00:00,11.485
2022-05-06 15:00:00,9.163
2022-05-06 16:00:00,6.019
2022-05-06 17:00:00,2.381
2022-05-06 18:00:00,0.391
2022-05-06 19:00:00,0.0
2022-05-06 20:00:00,0.0
2022-05-06 21:00:00,0.0
2022-05-06 22:00:00,0.0
2022-05-06 23:00:00,0.0
2022-05-07 00:00:00,0.0
2022-05-07 01:00:00,0.0
2022-05-07 02:00:00,0.0
2022-05-07 03:00:00,0.0
2022-05-07 04:00:00,0.0
2022-05-07 05:00:00,0.0
2022-05-07 06:00:00,0.196
2022-05-07 07:00:00,1.346
2022-05-07 08:00:00,3.067
2022-05-07 09:00:00,4.976
2022-05-07 10:00:00,6.766
2022-05-07 11:00:00,8.426
2022-05-07 12:00:00,8.902
2022-05-07 13:00:00,9.217
2022-05-07 14:00:00,8.12
2022-05-07 15:00:00,5.462
2022-05-07 16:00:00,3.33
2022-05-07 17:00:00,1.698
2022-05-07 18:00:00,0.267
2022-05-07 19:00:00,0.0
2022-05-07 20:00:00,0.0
2022-05-07 21:00:00,0.0
2022-05-07 22:00:00,0.0
2022-05-07 23:00:00,0.0
2022-05-08 00:00:00,0.0
2022-05-08 01:00:00,0.0
2022-05-08 02:00:00,0.0
2022-05-08 03:00:00,0.0
2022-05-08 04:00:00,0.0
2022-05-08 05:00:00,0.0
2022-05-08 06:00:00,0.069
2022-05-08 07:00:00,0.739
2022-05-08 08:00:00,1.821
2022-05-08 09:00:00,3.1
2022-05-08 10:00:00,3.817
2022-05-08 11:00:00,4.135
2022-05-08 12:00:00,4.893
2022-05-08 13:00:00,6.17
2022-05-08 14:00:00,6.095
2022-05-08 15:00:00,4.879
2022-05-08 16:00:00,3.842
2022-05-08 17:00:00,2.072
2022-05-08 18:00:00,0.418
2022-05-08 19:00:00,0.0
2022-05-08 20:00:00,0.0
2022-05-08 21:00:00,0.0
2022-05-08 22:00:00,0.0
2022-05-08 23:00:00,0.0
2022-05-09 00:00:00,0.0
2022-05-09 01:00:00,0.0
2022-05-09 02:00:00,0.0
2022-05-09 03:00:00,0.0
2022-05-09 04:00:00,0.0
2022-05-09 05:00:00,0.0
2022-05-09 06:00:00,0.651
2022-05-09 07:00:00,3.238
2022-05-09 08:00:00,6.189
2022-05-09 09:00:00,9.582
2022-05-09 10:00:00,11.928
2022-05-09 11:00:00,12.983
2022-05-09 12:00:00,12.987
2022-05-09 13:00:00,12.538
2022-05-09 14:00:00,10.943
2022-05-09 15:00:00,8.804
2022-05-09 16:00:00,5.563
2022-05-09 17:00:00,2.253
2022-05-09 18:00:00,0.331
2022-05-09 19:00:00,0.0
2022-05-09 20:00:00,0.0
2022-05-09 21:00:00,0.0
2022-05-09 22:00:00,0.0
2022-05-09 23:00:00,0.0
2022-05-10 00:00:00,0.0
2022-05-10 01:00:00,0.0
2022-05-10 02:00:00,0.0
2022-05-10 03:00:00,0.0
2022-05-10 04:00:00,0.0
2022-05-10 05:00:00,0.0
2022-05-10 06:00:00,0.29
2022-05-10 07:00:00,1.421
2022-05-10 08:00:00,2.555
2022-05-10 09:00:00,3.296
2022-05-10 10:00:00,3.6
2022-05-10 11:00:00,3.366
2022-05-10 12:00:00,4.037
2022-05-10 13:00:00,4.571
2022-05-10 14:00:00,4.617
2022-05-10 15:00:00,4.368
2022-05-10 16:00:00,3.656
2022-05-10 17:00:00,2.332
2022-05-10 18:00:00,0.561
2022-05-10 19:00:00,0.0
2022-05-10 20:00:00,0.0
2022-05-10 21:00:00,0.0
2022-05-10 22:00:00,0.0
2022-05-10 23:00:00,0.0
2022-05-11 00:00:00,0.0
2022-05-11 01:00:00,0.0
2022-05-11 02:00:00,0.0
2022-05-11 03:00:00,0.0
2022-05-11 04:00:00,0.0
2022-05-11 05:00:00,0.0
2022-05-11 06:00:00,0.247
2022-05-11 07:00:00,1.205
2022-05-11 08:00:00,2.555
2022-05-11 09:00:00,4.956
2022-05-11 10:00:00,7.731
2022-05-11 11:00:00,9.892
2022-05-11 12:00:00,10.804
2022-05-11 13:00:00,10.089
2022-05-11 14:00:00,8.925
2022-05-11 15:00:00,7.531
2022-05-11 16:00:00,4.932
2022-05-11 17:00:00,2.531
2022-05-11 18:00:00,0.605
2022-05-11 19:00:00,0.0
2022-05-11 20:00:00,0.0
2022-05-11 21:00:00,0.0
2022-05-11 22:00:00,0.0
2022-05-11 23:00:00,0.0
2022-05-12 00:00:00,0.0
2022-05-12 01:00:00,0.0
2022-05-12 02:00:00,0.0
2022-05-12 03:00:00,0.0
2022-05-12 04:00:00,0.0
2022-05-12 05:00:00,0.0
2022-05-12 06:00:00,0.182
2022-05-12 07:00:00,0.665
2022-05-12 08:00:00,1.258
2022-05-12 09:00:00,1.986
2022-05-12 10:00:00,2.852
2022-05-12 11:00:00,3.683
2022-05-12 12:00:00,4.282
2022-05-12 13:00:00,5.293
2022-05-12 14:00:00,5.528
2022-05-12 15:00:00,5.727
2022-05-12 16:00:00,4.545
2022-05-12 17:00:00,2.24
2022-05-12 18:00:00,0.424
2022-05-12 19:00:00,0.0
2022-05-12 20:00:00,0.0
2022-05-12 21:00:00,0.0
2022-05-12 22:00:00,0.0
2022-05-12 23:00:00,0.0
2022-05-13 00:00:00,0.0
2022-05-13 01:00:00,0.0
2022-05-13 02:00:00,0.0
2022-05-13 03:00:00,0.0
2022-05-13 04:00:00,0.0
2022-05-13 05:00:00,0.0
2022-05-13 06:00:00,0.119
2022-05-13 07:00:00,0.802
2022-05-13 08:00:00,1.928
2022-05-13 09:00:00,3.098
2022-05-13 10:00:00,4.37
2022-05-13 11:00:00,5.659
2022-05-13 12:00:00,4.842
2022-05-13 13:00:00,3.726
2022-05-13 14:00:00,3.777
2022-05-13 15:00:00,3.332
2022-05-13 16:00:00,2.362
2022-05-13 17:00:00,1.307
2022-05-13 18:00:00,0.517
2022-05-13 19:00:00,0.0
2022-05-13 20:00:00,0.0
2022-05-13 21:00:00,0.0
2022-05-13 22:00:00,0.0
2022-05-13 23:00:00,0.0
2022-05-14 00:00:00,0.0
2022-05-14 01:00:00,0.0
2022-05-14 02:00:00,0.0
2022-05-14 03:00:00,0.0
2022-05-14 04:00:00,0.0
2022-05-14 05:00:00,0.0
2022-05-14 06:00:00,0.606
2022-05-14 07:00:00,2.868
2022-05-14 08:00:00,5.479
2022-05-14 09:00:00,7.692
2022-05-14 10:00:00,9.363
2022-05-14 11:00:00,10.475
2022-05-14 12:00:00,11.163
2022-05-14 13:00:00,10.891
2022-05-14 14:00:00,9.994
2022-05-14 15:00:00,8.136
2022-05-14 16:00:00,4.667
2022-05-14 17:00:00,1.827
2022-05-14 18:00:00,0.226
2022-05-14 19:00:00,0.0
2022-05-14 20:00:00,0.0
2022-05-14 21:00:00,0.0
2022-05-14 22:00:00,0.0
2022-05-14 23:00:00,0.0
2022-05-15 00:00:00,0.0
2022-05-15 01:00:00,0.0
2022-05-15 02:00:00,0.0
2022-05-15 03:00:00,0.0
2022-05-15 04:00:00,0.0
2022-05-15 05:00:00,0.0
2022-05-15 06:00:00,0.145
2022-05-15 07:00:00,1.095
2022-05-15 08:00:00,2.277
2022-05-15 09:00:00,3.757
2022-05-15 10:00:00,5.68
2022-05-15 11:00:00,8.27
2022-05-15 12:00:00,8.793
2022-05-15 13:00:00,7.686
2022-05-15 14:00:00,5.246
2022-05-15 15:00:00,2.885
2022-05-15 16:00:00,1.465
2022-05-15 17:00:00,0.778
2022-05-15 18:00:00,0.167
2022-05-15 19:00:00,0.0
2022-05-15 20:00:00,0.0
2022-05-15 21:00:00,0.0
2022-05-15 22:00:00,0.0
2022-05-15 23:00:00,0.0
2022-05-16 00:00:00,0.0
2022-05-16 01:00:00,0.0
2022-05-16 02:00:00,0.0
2022-05-16 03:00:00,0.0
2022-05-16 04:00:00,0.0
2022-05-16 05:00:00,0.0
2022-05-16 06:00:00,0.321
2022-05-16 07:00:00,1.855
2022-05-16 08:00:00,4.165
2022-05-16 09:00:00,6.347
2022-05-16 10:00:00,9.264
2022-05-16 11:00:00,10.043
2022-05-16 12:00:00,11.894
2022-05-16 13:00:00,11.857
2022-05-16 14:00:00,11.015
2022-05-16 15:00:00,8.94
2022-05-16 16:00:00,5.675
2022-05-16 17:00:00,2.976
2022-05-16 18:00:00,0.6930000000000001
2022-05-16 19:00:00,0.0
2022-05-16 20:00:00,0.0
2022-05-16 21:00:00,0.0
2022-05-16 22:00:00,0.0
2022-05-16 23:00:00,0.0
2022-05-17 00:00:00,0.0
2022-05-17 01:00:00,0.0
2022-05-17 02:00:00,0.0
2022-05-17 03:00:00,0.0
2022-05-17 04:00:00,0.0
2022-05-17 05:00:00,0.0
2022-05-17 06:00:00,0.687
2022-05-17 07:00:00,2.753
2022-05-17 08:00:00,4.996
2022-05-17 09:00:00,6.545
2022-05-17 10:00:00,9.307
2022-05-17 11:00:00,13.539
2022-05-17 12:00:00,14.333
2022-05-17 13:00:00,13.85
2022-05-17 14:00:00,12.555
2022-05-17 15:00:00,10.202
2022-05-17 16:00:00,6.931
2022-05-17 17:00:00,3.553
2022-05-17 18:00:00,0.882
2022-05-17 19:00:00,0.0
2022-05-17 20:00:00,0.0
2022-05-17 21:00:00,0.0
2022-05-17 22:00:00,0.0
2022-05-17 23:00:00,0.0
2022-05-18 00:00:00,0.0
2022-05-18 01:00:00,0.0
2022-05-18 02:00:00,0.0
2022-05-18 03:00:00,0.0
2022-05-18 04:00:00,0.0
2022-05-18 05:00:00,0.0
2022-05-18 06:00:00,0.762
2022-05-18 07:00:00,3.264
2022-05-18 08:00:00,6.187
2022-05-18 09:00:00,8.396
2022-05-18 10:00:00,9.77
2022-05-18 11:00:00,11.201
2022-05-18 12:00:00,11.563
2022-05-18 13:00:00,10.544
2022-05-18 14:00:00,8.231
2022-05-18 15:00:00,4.879
2022-05-18 16:00:00,2.455
2022-05-18 17:00:00,1.091
2022-05-18 18:00:00,0.242
2022-05-18 19:00:00,0.0
2022-05-18 20:00:00,0.0
2022-05-18 21:00:00,0.0
2022-05-18 22:00:00,0.0
2022-05-18 23:00:00,0.0
2022-05-19 00:00:00,0.0
2022-05-19 01:00:00,0.0
2022-05-19 02:00:00,0.0
2022-05-19 03:00:00,0.0
2022-05-19 04:00:00,0.0
2022-05-19 05:00:00,0.0
2022-05-19 06:00:00,0.428
2022-05-19 07:00:00,2.146
2022-05-19 08:00:00,4.441
2022-05-19 09:00:00,7.261
2022-05-19 10:00:00,9.645
2022-05-19 11:00:00,10.774
2022-05-19 12:00:00,11.011
2022-05-19 13:00:00,10.258
2022-05-19 14:00:00,8.768
2022-05-19 15:00:00,6.381
2022-05-19 16:00:00,3.98
2022-05-19 17:00:00,1.859
2022-05-19 18:00:00,0.427
2022-05-19 19:00:00,0.0
2022-05-19 20:00:00,0.0
2022-05-19 21:00:00,0.0
2022-05-19 22:00:00,0.0
2022-05-19 23:00:00,0.0
2022-05-20 00:00:00,0.0
2022-05-20 01:00:00,0.0
2022-05-20 02:00:00,0.0
2022-05-20 03:00:00,0.0
2022-05-20 04:00:00,0.0
2022-05-20 05:00:00,0.0
2022-05-20 06:00:00,0.527
2022-05-20 07:00:00,2.474
2022-05-20 08:00:00,4.334
2022-05-20 09:00:00,5.686
2022-05-20 10:00:00,7.027
2022-05-20 11:00:00,8.596
2022-05-20 12:00:00,9.394
2022-05-20 13:00:00,8.373
2022-05-20 14:00:00,6.593
2022-05-20 15:00:00,4.477
2022-05-20 16:00:00,2.408
2022-05-20 17:00:00,1.147
2022-05-20 18:00:00,0.297
2022-05-20 19:00:00,0.0
2022-05-20 20:00:00,0.0
2022-05-20 21:00:00,0.0
2022-05-20 22:00:00,0.0
2022-05-20 23:00:00,0.0
2022-05-21 00:00:00,0.0
2022-05-21 01:00:00,0.0
2022-05-21 02:00:00,0.0
2022-05-21 03:00:00,0.0
2022-05-21 04:00:00,0.0
2022-05-21 05:00:00,0.0
2022-05-21 06:00:00,0.559
2022-05-21 07:00:00,2.78
2022-05-21 08:00:00,4.649
2022-05-21 09:00:00,5.962
2022-05-21 10:00:00,7.435
2022-05-21 11:00:00,7.803
2022-05-21 12:00:00,7.866
2022-05-21 13:00:00,8.559
2022-05-21 14:00:00,7.774
2022-05-21 15:00:00,5.371
2022-05-21 16:00:00,3.111
2022-05-21 17:00:00,1.416
2022-05-21 18:00:00,0.326
2022-05-21 19:00:00,0.0
2022-05-21 20:00:00,0.0
2022-05-21 21:00:00,0.0
2022-05-21 22:00:00,0.0
2022-05-21 23:00:00,0.0
2022-05-22 00:00:00,0.0
2022-05-22 01:00:00,0.0
2022-05-22 02:00:00,0.0
2022-05-22 03:00:00,0.0
2022-05-22 04:00:00,0.0
2022-05-22 05:00:00,0.0
2022-05-22 06:00:00,0.208
2022-05-22 07:00:00,1.079
2022-05-22 08:00:00,2.468
2022-05-22 09:00:00,3.936
2022-05-22 10:00:00,4.08
2022-05-22 11:00:00,4.131
2022-05-22 12:00:00,4.15
2022-05-22 13:00:00,3.896
2022-05-22 14:00:00,3.096
2022-05-22 15:00:00,2.158
2022-05-22 16:00:00,1.423
2022-05-22 17:00:00,0.738
2022-05-22 18:00:00,0.156
2022-05-22 19:00:00,0.0
2022-05-22 20:00:00,0.0
2022-05-22 21:00:00,0.0
2022-05-22 22:00:00,0.0
2022-05-22 23:00:00,0.0
2022-05-23 00:00:00,0.0
2022-05-23 01:00:00,0.0
2022-05-23 02:00:00,0.0
2022-05-23 03:00:00,0.0
2022-05-23 04:00:00,0.0
2022-05-23 05:00:00,0.0
2022-05-23 06:00:00,0.251
2022-05-23 07:00:00,1.17
2022-05-23 08:00:00,2.346
2022-05-23 09:00:00,3.674
2022-05-23 10:00:00,4.704
2022-05-23 11:00:00,5.077
2022-05-23 12:00:00,5.063
2022-05-23 13:00:00,4.578
2022-05-23 14:00:00,3.762
2022-05-23 15:00:00,2.836
2022-05-23 16:00:00,2.024
2022-05-23 17:00:00,1.039
2022-05-23 18:00:00,0.184
2022-05-23 19:00:00,0.0
2022-05-23 20:00:00,0.0
2022-05-23 21:00:00,0.0
2022-05-23 22:00:00,0.0
2022-05-23 23:00:00,0.0
2022-05-24 00:00:00,0.0
2022-05-24 01:00:00,0.0
2022-05-24 02:00:00,0.0
2022-05-24 03:00:00,0.0
2022-05-24 04:00:00,0.0
2022-05-24 05:00:00,0.0
2022-05-24 06:00:00,0.136
2022-05-24 07:00:00,0.905
2022-05-24 08:00:00,2.302
2022-05-24 09:00:00,3.958
2022-05-24 10:00:00,5.565
2022-05-24 11:00:00,6.875
2022-05-24 12:00:00,7.135
2022-05-24 13:00:00,7.139
2022-05-24 14:00:00,6.327
2022-05-24 15:00:00,5.13
2022-05-24 16:00:00,3.633
2022-05-24 17:00:00,1.942
2022-05-24 18:00:00,0.427
2022-05-24 19:00:00,0.0
2022-05-24 20:00:00,0.0
2022-05-24 21:00:00,0.0
2022-05-24 22:00:00,0.0
2022-05-24 23:00:00,0.0
2022-05-25 00:00:00,0.0
2022-05-25 01:00:00,0.0
2022-05-25 02:00:00,0.0
2022-05-25 03:00:00,0.0
2022-05-25 04:00:00,0.0
2022-05-25 05:00:00,0.0
2022-05-25 06:00:00,0.433
2022-05-25 07:00:00,1.72
2022-05-25 08:00:00,2.998
2022-05-25 09:00:00,4.206
2022-05-25 10:00:00,5.204
2022-05-25 11:00:00,6.323
2022-05-25 12:00:00,7.234
2022-05-25 13:00:00,7.612
2022-05-25 14:00:00,7.03
2022-05-25 15:00:00,5.94
2022-05-25 16:00:00,4.465
2022-05-25 17:00:00,2.341
2022-05-25 18:00:00,0.55
2022-05-25 19:00:00,0.0
2022-05-25 20:00:00,0.0
2022-05-25 21:00:00,0.0
2022-05-25 22:00:00,0.0
2022-05-25 23:00:00,0.0
2022-05-26 00:00:00,0.0
2022-05-26 01:00:00,0.0
2022-05-26 02:00:00,0.0
2022-05-26 03:00:00,0.0
2022-05-26 04:00:00,0.0
2022-05-26 05:00:00,0.0
2022-05-26 06:00:00,0.6000000000000001
2022-05-26 07:00:00,2.487
2022-05-26 08:00:00,4.728
2022-05-26 09:00:00,7.613
2022-05-26 10:00:00,10.686
2022-05-26 11:00:00,10.563
2022-05-26 12:00:00,9.131
2022-05-26 13:00:00,7.583
2022-05-26 14:00:00,7.097
2022-05-26 15:00:00,6.184
2022-05-26 16:00:00,4.409
2022-05-26 17:00:00,2.279
2022-05-26 18:00:00,0.52
2022-05-26 19:00:00,0.0
2022-05-26 20:00:00,0.0
2022-05-26 21:00:00,0.0
2022-05-26 22:00:00,0.0
2022-05-26 23:00:00,0.0
2022-05-27 00:00:00,0.0
2022-05-27 01:00:00,0.0
2022-05-27 02:00:00,0.0
2022-05-27 03:00:00,0.0
2022-05-27 04:00:00,0.0
2022-05-27 05:00:00,0.0
2022-05-27 06:00:00,0.543
2022-05-27 07:00:00,2.275
2022-05-27 08:00:00,4.1
2022-05-27 09:00:00,5.42
2022-05-27 10:00:00,4.588
2022-05-27 11:00:00,4.405
2022-05-27 12:00:00,4.781
2022-05-27 13:00:00,5.976
2022-05-27 14:00:00,6.264
2022-05-27 15:00:00,6.061
2022-05-27 16:00:00,4.493
2022-05-27 17:00:00,2.174
2022-05-27 18:00:00,0.485
2022-05-27 19:00:00,0.0
2022-05-27 20:00:00,0.0
2022-05-27 21:00:00,0.0
2022-05-27 22:00:00,0.0
2022-05-27 23:00:00,0.0
2022-05-28 00:00:00,0.0
2022-05-28 01:00:00,0.0
2022-05-28 02:00:00,0.0
2022-05-28 03:00:00,0.0
2022-05-28 04:00:00,0.0
2022-05-28 05:00:00,0.0
2022-05-28 06:00:00,0.255
2022-05-28 07:00:00,1.221
2022-05-28 08:00:00,3.685
2022-05-28 09:00:00,6.262
2022-05-28 10:00:00,8.42
2022-05-28 11:00:00,8.786
2022-05-28 12:00:00,8.963
2022-05-28 13:00:00,7.769
2022-05-28 14:00:00,5.833
2022-05-28 15:00:00,4.341
2022-05-28 16:00:00,2.643
2022-05-28 17:00:00,1.364
2022-05-28 18:00:00,0.353
2022-05-28 19:00:00,0.0
2022-05-28 20:00:00,0.0
2022-05-28 21:00:00,0.0
2022-05-28 22:00:00,0.0
2022-05-28 23:00:00,0.0
2022-05-29 00:00:00,0.0
2022-05-29 01:00:00,0.0
2022-05-29 02:00:00,0.0
2022-05-29 03:00:00,0.0
2022-05-29 04:00:00,0.0
2022-05-29 05:00:00,0.0
2022-05-29 06:00:00,0.725
2022-05-29 07:00:00,3.013
2022-05-29 08:00:00,6.16
2022-05-29 09:00:00,9.274000000000001
2022-05-29 10:00:00,11.626
2022-05-29 11:00:00,12.874
2022-05-29 12:00:00,12.955
2022-05-29 13:00:00,12.118
2022-05-29 14:00:00,10.361
2022-05-29 15:00:00,8.396
2022-05-29 16:00:00,5.463
2022-05-29 17:00:00,3.132
2022-05-29 18:00:00,0.9510000000000001
2022-05-29 19:00:00,0.0
2022-05-29 20:00:00,0.0
2022-05-29 21:00:00,0.0
2022-05-29 22:00:00,0.0
2022-05-29 23:00:00,0.0
2022-05-30 00:00:00,0.0
2022-05-30 01:00:00,0.0
2022-05-30 02:00:00,0.0
2022-05-30 03:00:00,0.0
2022-05-30 04:00:00,0.0
2022-05-30 05:00:00,0.0
2022-05-30 06:00:00,0.407
2022-05-30 07:00:00,1.726
2022-05-30 08:00:00,3.34
2022-05-30 09:00:00,4.599
2022-05-30 10:00:00,5.638
2022-05-30 11:00:00,6.458
2022-05-30 12:00:00,6.512
2022-05-30 13:00:00,6.78
2022-05-30 14:00:00,6.936
2022-05-30 15:00:00,5.736
2022-05-30 16:00:00,3.969
2022-05-30 17:00:00,2.042
2022-05-30 18:00:00,0.455
2022-05-30 19:00:00,0.0
2022-05-30 20:00:00,0.0
2022-05-30 21:00:00,0.0
2022-05-30 22:00:00,0.0
2022-05-30 23:00:00,0.0
2022-05-31 00:00:00,0.0
2022-05-31 01:00:00,0.0
2022-05-31 02:00:00,0.0
2022-05-31 03:00:00,0.0
2022-05-31 04:00:00,0.0
2022-05-31 05:00:00,0.0
2022-05-31 06:00:00,0.346
2022-05-31 07:00:00,1.389
2022-05-31 08:00:00,2.618
2022-05-31 09:00:00,3.91
2022-05-31 10:00:00,5.032
2022-05-31 11:00:00,5.649
2022-05-31 12:00:00,5.812
2022-05-31 13:00:00,5.937
2022-05-31 14:00:00,5.908
2022-05-31 15:00:00,4.947
2022-05-31 16:00:00,2.877
2022-05-31 17:00:00,1.283
2022-05-31 18:00:00,0.337
2022-05-31 19:00:00,0.0
2022-05-31 20:00:00,0.0
2022-05-31 21:00:00,0.0
2022-05-31 22:00:00,0.0
2022-05-31 23:00:00,0.0
2022-06-01 00:00:00,0.0
2022-06-01 01:00:00,0.0
2022-06-01 02:00:00,0.0
2022-06-01 03:00:00,0.0
2022-06-01 04:00:00,0.0
2022-06-01 05:00:00,0.0
2022-06-01 06:00:00,0.584
2022-06-01 07:00:00,2.409
2022-06-01 08:00:00,4.727
2022-06-01 09:00:00,7.549
2022-06-01 10:00:00,9.756
2022-06-01 11:00:00,10.623
2022-06-01 12:00:00,10.949
2022-06-01 13:00:00,10.986
2022-06-01 14:00:00,10.154
2022-06-01 15:00:00,8.234
2022-06-01 16:00:00,5.255
2022-06-01 17:00:00,2.635
2022-06-01 18:00:00,0.604
2022-06-01 19:00:00,0.0
2022-06-01 20:00:00,0.0
2022-06-01 21:00:00,0.0
2022-06-01 22:00:00,0.0
2022-06-01 23:00:00,0.0
2022-06-02 00:00:00,0.0
2022-06-02 01:00:00,0.0
2022-06-02 02:00:00,0.0
2022-06-02 03:00:00,0.0
2022-06-02 04:00:00,0.0
2022-06-02 05:00:00,0.0
2022-06-02 06:00:00,0.588
2022-06-02 07:00:00,2.179
2022-06-02 08:00:00,3.744
2022-06-02 09:00:00,5.088
2022-06-02 10:00:00,5.867
2022-06-02 11:00:00,6.093
2022-06-02 12:00:00,6.166
2022-06-02 13:00:00,6.111
2022-06-02 14:00:00,5.547
2022-06-02 15:00:00,4.245
2022-06-02 16:00:00,2.806
2022-06-02 17:00:00,1.368
2022-06-02 18:00:00,0.305
2022-06-02 19:00:00,0.0
2022-06-02 20:00:00,0.0
2022-06-02 21:00:00,0.0
2022-06-02 22:00:00,0.0
2022-06-02 23:00:00,0.0
2022-06-03 00:00:00,0.0
2022-06-03 01:00:00,0.0
2022-06-03 02:00:00,0.0
2022-06-03 03:00:00,0.0
2022-06-03 04:00:00,0.0
2022-06-03 05:00:00,0.0
2022-06-03 06:00:00,0.975
2022-06-03 07:00:00,3.505
2022-06-03 08:00:00,6.226
2022-06-03 09:00:00,8.285
2022-06-03 10:00:00,9.556000000000001
2022-06-03 11:00:00,10.331
2022-06-03 12:00:00,10.438
2022-06-03 13:00:00,9.393
2022-06-03 14:00:00,8.122
2022-06-03 15:00:00,5.878
2022-06-03 16:00:00,3.661
2022-06-03 17:00:00,1.771
2022-06-03 18:00:00,0.388
2022-06-03 19:00:00,0.0
2022-06-03 20:00:00,0.0
2022-06-03 21:00:00,0.0
2022-06-03 22:00:00,0.0
2022-06-03 23:00:00,0.0
2022-06-04 00:00:00,0.0
2022-06-04 01:00:00,0.0
2022-06-04 02:00:00,0.0
2022-06-04 03:00:00,0.0
2022-06-04 04:00:00,0.0
2022-06-04 05:00:00,0.0
2022-06-04 06:00:00,0.308
2022-06-04 07:00:00,1.379
2022-06-04 08:00:00,2.951
2022-06-04 09:00:00,4.615
2022-06-04 10:00:00,5.406
2022-06-04 11:00:00,5.686
2022-06-04 12:00:00,5.412
2022-06-04 13:00:00,4.925
2022-06-04 14:00:00,4.255
2022-06-04 15:00:00,3.205
2022-06-04 16:00:00,2.087
2022-06-04 17:00:00,0.9440000000000001
2022-06-04 18:00:00,0.192
2022-06-04 19:00:00,0.0
2022-06-04 20:00:00,0.0
2022-06-04 21:00:00,0.0
2022-06-04 22:00:00,0.0
2022-06-04 23:00:00,0.0
2022-06-05 00:00:00,0.0
2022-06-05 01:00:00,0.0
2022-06-05 02:00:00,0.0
2022-06-05 03:00:00,0.0
2022-06-05 04:00:00,0.0
2022-06-05 05:00:00,0.0
2022-06-05 06:00:00,0.26
2022-06-05 07:00:00,1.584
2022-06-05 08:00:00,3.699
2022-06-05 09:00:00,5.745
2022-06-05 10:00:00,7.322
2022-06-05 11:00:00,8.967
2022-06-05 12:00:00,9.571
2022-06-05 13:00:00,9.631
2022-06-05 14:00:00,8.96
2022-06-05 15:00:00,7.025
2022-06-05 16:00:00,3.928
2022-06-05 17:00:00,1.735
2022-06-05 18:00:00,0.412
2022-06-05 19:00:00,0.0
2022-06-05 20:00:00,0.0
2022-06-05 21:00:00,0.0
2022-06-05 22:00:00,0.0
2022-06-05 23:00:00,0.0
2022-06-06 00:00:00,0.0
2022-06-06 01:00:00,0.0
2022-06-06 02:00:00,0.0
2022-06-06 03:00:00,0.0
2022-06-06 04:00:00,0.0
2022-06-06 05:00:00,0.0
2022-06-06 06:00:00,0.335
2022-06-06 07:00:00,1.155
2022-06-06 08:00:00,2.086
2022-06-06 09:00:00,3.126
2022-06-06 10:00:00,4.123
2022-06-06 11:00:00,4.882
2022-06-06 12:00:00,5.525
2022-06-06 13:00:00,5.29
2022-06-06 14:00:00,4.579
2022-06-06 15:00:00,3.611
2022-06-06 16:00:00,2.485
2022-06-06 17:00:00,1.445
2022-06-06 18:00:00,0.369
2022-06-06 19:00:00,0.0
2022-06-06 20:00:00,0.0
2022-06-06 21:00:00,0.0
2022-06-06 22:00:00,0.0
2022-06-06 23:00:00,0.0
2022-06-07 00:00:00,0.0
2022-06-07 01:00:00,0.0
2022-06-07 02:00:00,0.0
2022-06-07 03:00:00,0.0
2022-06-07 04:00:00,0.0
2022-06-07 05:00:00,0.0
2022-06-07 06:00:00,0.58
2022-06-07 07:00:00,2.11
2022-06-07 08:00:00,4.332
2022-06-07 09:00:00,6.467
2022-06-07 10:00:00,7.953
2022-06-07 11:00:00,8.328
2022-06-07 12:00:00,8.028
2022-06-07 13:00:00,7.542
2022-06-07 14:00:00,6.617
2022-06-07 15:00:00,5.031
2022-06-07 16:00:00,3.358
2022-06-07 17:00:00,1.586
2022-06-07 18:00:00,0.387
2022-06-07 19:00:00,0.0
2022-06-07 20:00:00,0.0
2022-06-07 21:00:00,0.0
2022-06-07 22:00:00,0.0
2022-06-07 23:00:00,0.0
2022-06-08 00:00:00,0.0
2022-06-08 01:00:00,0.0
2022-06-08 02:00:00,0.0
2022-06-08 03:00:00,0.0
2022-06-08 04:00:00,0.0
2022-06-08 05:00:00,0.0
2022-06-08 06:00:00,0.607
2022-06-08 07:00:00,2.318
2022-06-08 08:00:00,4.294
2022-06-08 09:00:00,6.069
2022-06-08 10:00:00,7.088
2022-06-08 11:00:00,7.345
2022-06-08 12:00:00,8.255
2022-06-08 13:00:00,6.801
2022-06-08 14:00:00,5.688
2022-06-08 15:00:00,4.109
2022-06-08 16:00:00,3.019
2022-06-08 17:00:00,1.779
2022-06-08 18:00:00,0.439
2022-06-08 19:00:00,0.0
2022-06-08 20:00:00,0.0
2022-06-08 21:00:00,0.0
2022-06-08 22:00:00,0.0
2022-06-08 23:00:00,0.0
2022-06-09 00:00:00,0.0
2022-06-09 01:00:00,0.0
2022-06-09 02:00:00,0.0
2022-06-09 03:00:00,0.0
2022-06-09 04:00:00,0.0
2022-06-09 05:00:00,0.0
2022-06-09 06:00:00,0.864
2022-06-09 07:00:00,3.237
2022-06-09 08:00:00,5.839
2022-06-09 09:00:00,8.367
2022-06-09 10:00:00,10.685
2022-06-09 11:00:00,10.928
2022-06-09 12:00:00,10.607
2022-06-09 13:00:00,9.003
2022-06-09 14:00:00,8.061
2022-06-09 15:00:00,6.52
2022-06-09 16:00:00,4.28
2022-06-09 17:00:00,2.026
2022-06-09 18:00:00,0.416
2022-06-09 19:00:00,0.0
2022-06-09 20:00:00,0.0
2022-06-09 21:00:00,0.0
2022-06-09 22:00:00,0.0
2022-06-09 23:00:00,0.0
2022-06-10 00:00:00,0.0
2022-06-10 01:00:00,0.0
2022-06-10 02:00:00,0.0
2022-06-10 03:00:00,0.0
2022-06-10 04:00:00,0.0
2022-06-10 05:00:00,0.0
2022-06-10 06:00:00,0.804
2022-06-10 07:00:00,2.791
2022-06-10 08:00:00,5.333
2022-06-10 09:00:00,6.623
2022-06-10 10:00:00,7.859
2022-06-10 11:00:00,9.153
2022-06-10 12:00:00,9.504
2022-06-10 13:00:00,9.552
2022-06-10 14:00:00,8.894
2022-06-10 15:00:00,6.432
2022-06-10 16:00:00,3.184
2022-06-10 17:00:00,1.129
2022-06-10 18:00:00,0.223
2022-06-10 19:00:00,0.0
2022-06-10 20:00:00,0.0
2022-06-10 21:00:00,0.0
2022-06-10 22:00:00,0.0
2022-06-10 23:00:00,0.0
2022-06-11 00:00:00,0.0
2022-06-11 01:00:00,0.0
2022-06-11 02:00:00,0.0
2022-06-11 03:00:00,0.0
2022-06-11 04:00:00,0.0
2022-06-11 05:00:00,0.0
2022-06-11 06:00:00,0.466
2022-06-11 07:00:00,1.814
2022-06-11 08:00:00,3.27
2022-06-11 09:00:00,4.224
2022-06-11 10:00:00,4.966
2022-06-11 11:00:00,5.508
2022-06-11 12:00:00,5.467
2022-06-11 13:00:00,5.289
2022-06-11 14:00:00,4.822
2022-06-11 15:00:00,3.886
2022-06-11 16:00:00,2.79
2022-06-11 17:00:00,1.636
2022-06-11 18:00:00,0.437
2022-06-11 19:00:00,0.0
2022-06-11 20:00:00,0.0
2022-06-11 21:00:00,0.0
2022-06-11 22:00:00,0.0
2022-06-11 23:00:00,0.0
2022-06-12 00:00:00,0.0
2022-06-12 01:00:00,0.0
2022-06-12 02:00:00,0.0
2022-06-12 03:00:00,0.0
2022-06-12 04:00:00,0.0
2022-06-12 05:00:00,0.0
2022-06-12 06:00:00,0.6000000000000001
2022-06-12 07:00:00,1.635
2022-06-12 08:00:00,2.934
2022-06-12 09:00:00,4.201
2022-06-12 10:00:00,5.419
2022-06-12 11:00:00,7.229
2022-06-12 12:00:00,8.344
2022-06-12 13:00:00,9.835
2022-06-12 14:00:00,9.348
2022-06-12 15:00:00,7.616
2022-06-12 16:00:00,5.205
2022-06-12 17:00:00,2.715
2022-06-12 18:00:00,0.597
2022-06-12 19:00:00,0.0
2022-06-12 20:00:00,0.0
2022-06-12 21:00:00,0.0
2022-06-12 22:00:00,0.0
2022-06-12 23:00:00,0.0
2022-06-13 00:00:00,0.0
2022-06-13 01:00:00,0.0
2022-06-13 02:00:00,0.0
2022-06-13 03:00:00,0.0
2022-06-13 04:00:00,0.0
2022-06-13 05:00:00,0.0
2022-06-13 06:00:00,0.284
2022-06-13 07:00:00,1.285
2022-06-13 08:00:00,2.716
2022-06-13 09:00:00,3.892
2022-06-13 10:00:00,4.093
2022-06-13 11:00:00,4.55
2022-06-13 12:00:00,4.988
2022-06-13 13:00:00,5.04
2022-06-13 14:00:00,5.085
2022-06-13 15:00:00,4.466
2022-06-13 16:00:00,3.094
2022-06-13 17:00:00,1.485
2022-06-13 18:00:00,0.34
2022-06-13 19:00:00,0.0
2022-06-13 20:00:00,0.0
2022-06-13 21:00:00,0.0
2022-06-13 22:00:00,0.0
2022-06-13 23:00:00,0.0
2022-06-14 00:00:00,0.0
2022-06-14 01:00:00,0.0
2022-06-14 02:00:00,0.0
2022-06-14 03:00:00,0.0
2022-06-14 04:00:00,0.0
2022-06-14 05:00:00,0.0
2022-06-14 06:00:00,0.9570000000000001
2022-06-14 07:00:00,3.33
2022-06-14 08:00:00,5.949
2022-06-14 09:00:00,8.518
2022-06-14 10:00:00,10.186
2022-06-14 11:00:00,11.209
2022-06-14 12:00:00,12.37
2022-06-14 13:00:00,12.639
2022-06-14 14:00:00,11.608
2022-06-14 15:00:00,9.706
2022-06-14 16:00:00,6.851
2022-06-14 17:00:00,3.618
2022-06-14 18:00:00,1.078
2022-06-14 19:00:00,0.0
2022-06-14 20:00:00,0.0
2022-06-14 21:00:00,0.0
2022-06-14 22:00:00,0.0
2022-06-14 23:00:00,0.0
2022-06-15 00:00:00,0.0
2022-06-15 01:00:00,0.0
2022-06-15 02:00:00,0.0
2022-06-15 03:00:00,0.0
2022-06-15 04:00:00,0.0
2022-06-15 05:00:00,0.0
2022-06-15 06:00:00,0.918
2022-06-15 07:00:00,2.919
2022-06-15 08:00:00,5.181
2022-06-15 09:00:00,8.05
2022-06-15 10:00:00,10.415
2022-06-15 11:00:00,11.429
2022-06-15 12:00:00,10.733
2022-06-15 13:00:00,8.602
2022-06-15 14:00:00,6.061
2022-06-15 15:00:00,5.014
2022-06-15 16:00:00,3.552
2022-06-15 17:00:00,1.664
2022-06-15 18:00:00,0.465
2022-06-15 19:00:00,0.0
2022-06-15 20:00:00,0.0
2022-06-15 21:00:00,0.0
2022-06-15 22:00:00,0.0
2022-06-15 23:00:00,0.0
2022-06-16 00:00:00,0.0
2022-06-16 01:00:00,0.0
2022-06-16 02:00:00,0.0
2022-06-16 03:00:00,0.0
2022-06-16 04:00:00,0.0
2022-06-16 05:00:00,0.0
2022-06-16 06:00:00,0.337
2022-06-16 07:00:00,1.573
2022-06-16 08:00:00,2.681
2022-06-16 09:00:00,3.357
2022-06-16 10:00:00,3.751
2022-06-16 11:00:00,4.731
2022-06-16 12:00:00,6.203
2022-06-16 13:00:00,7.337
2022-06-16 14:00:00,8.249
2022-06-16 15:00:00,7.497
2022-06-16 16:00:00,5.168
2022-06-16 17:00:00,2.199
2022-06-16 18:00:00,0.34
2022-06-16 19:00:00,0.0
2022-06-16 20:00:00,0.0
2022-06-16 21:00:00,0.0
2022-06-16 22:00:00,0.0
2022-06-16 23:00:00,0.0
2022-06-17 00:00:00,0.0
2022-06-17 01:00:00,0.0
2022-06-17 02:00:00,0.0
2022-06-17 03:00:00,0.0
2022-06-17 04:00:00,0.0
2022-06-17 05:00:00,0.0
2022-06-17 06:00:00,0.405
2022-06-17 07:00:00,1.937
2022-06-17 08:00:00,4.619
2022-06-17 09:00:00,7.637
2022-06-17 10:00:00,8.919
2022-06-17 11:00:00,8.858
2022-06-17 12:00:00,7.797
2022-06-17 13:00:00,6.734
2022-06-17 14:00:00,5.446
2022-06-17 15:00:00,3.414
2022-06-17 16:00:00,1.96
2022-06-17 17:00:00,1.054
2022-06-17 18:00:00,0.26
2022-06-17 19:00:00,0.0
2022-06-17 20:00:00,0.0
2022-06-17 21:00:00,0.0
2022-06-17 22:00:00,0.0
2022-06-17 23:00:00,0.0
2022-06-18 00:00:00,0.0
2022-06-18 01:00:00,0.0
2022-06-18 02:00:00,0.0
2022-06-18 03:00:00,0.0
2022-06-18 04:00:00,0.0
2022-06-18 05:00:00,0.0
2022-06-18 06:00:00,0.631
2022-06-18 07:00:00,2.616
2022-06-18 08:00:00,4.978
2022-06-18 09:00:00,7.254
2022-06-18 10:00:00,6.162
2022-06-18 11:00:00,6.643
2022-06-18 12:00:00,7.905
2022-06-18 13:00:00,8.44
2022-06-18 14:00:00,8.26
2022-06-18 15:00:00,6.741
2022-06-18 16:00:00,4.623
2022-06-18 17:00:00,2.391
2022-06-18 18:00:00,0.681
2022-06-18 19:00:00,0.0
2022-06-18 20:00:00,0.0
2022-06-18 21:00:00,0.0
2022-06-18 22:00:00,0.0
2022-06-18 23:00:00,0.0
2022-06-19 00:00:00,0.0
2022-06-19 01:00:00,0.0
2022-06-19 02:00:00,0.0
2022-06-19 03:00:00,0.0
2022-06-19 04:00:00,0.0
2022-06-19 05:00:00,0.0
2022-06-19 06:00:00,0.6980000000000001
2022-06-19 07:00:00,2.095
2022-06-19 08:00:00,3.79
2022-06-19 09:00:00,5.544
2022-06-19 10:00:00,7.151
2022-06-19 11:00:00,7.914
2022-06-19 12:00:00,8.133
2022-06-19 13:00:00,8.025
2022-06-19 14:00:00,7.966
2022-06-19 15:00:00,6.447
2022-06-19 16:00:00,3.829
2022-06-19 17:00:00,1.663
2022-06-19 18:00:00,0.419
2022-06-19 19:00:00,0.0
2022-06-19 20:00:00,0.0
2022-06-19 21:00:00,0.0
2022-06-19 22:00:00,0.0
2022-06-19 23:00:00,0.0
2022-06-20 00:00:00,0.0
2022-06-20 01:00:00,0.0
2022-06-20 02:00:00,0.0
2022-06-20 03:00:00,0.0
2022-06-20 04:00:00,0.0
2022-06-20 05:00:00,0.0
2022-06-20 06:00:00,0.219
2022-06-20 07:00:00,1.02
2022-06-20 08:00:00,2.401
2022-06-20 09:00:00,4.339
2022-06-20 10:00:00,6.247
2022-06-20 11:00:00,7.437
2022-06-20 12:00:00,7.613
2022-06-20 13:00:00,7.642
2022-06-20 14:00:00,6.851
2022-06-20 15:00:00,5.449
2022-06-20 16:00:00,3.762
2022-06-20 17:00:00,2.434
2022-06-20 18:00:00,0.873
2022-06-20 19:00:00,0.0
2022-06-20 20:00:00,0.0
2022-06-20 21:00:00,0.0
2022-06-20 22:00:00,0.0
2022-06-20 23:00:00,0.0
2022-06-21 00:00:00,0.0
2022-06-21 01:00:00,0.0
2022-06-21 02:00:00,0.0
2022-06-21 03:00:00,0.0
2022-06-21 04:00:00,0.0
2022-06-21 05:00:00,0.0
2022-06-21 06:00:00,0.999
2022-06-21 07:00:00,3.255
2022-06-21 08:00:00,5.818
2022-06-21 09:00:00,8.153
2022-06-21 10:00:00,9.986
2022-06-21 11:00:00,11.008
2022-06-21 12:00:00,11.051
2022-06-21 13:00:00,10.552
2022-06-21 14:00:00,9.511
2022-06-21 15:00:00,8.231
2022-06-21 16:00:00,5.612
2022-06-21 17:00:00,2.987
2022-06-21 18:00:00,1.002
2022-06-21 19:00:00,0.0
2022-06-21 20:00:00,0.0
2022-06-21 21:00:00,0.0
2022-06-21 22:00:00,0.0
2022-06-21 23:00:00,0.0
2022-06-22 00:00:00,0.0
2022-06-22 01:00:00,0.0
2022-06-22 02:00:00,0.0
2022-06-22 03:00:00,0.0
2022-06-22 04:00:00,0.0
2022-06-22 05:00:00,0.0
2022-06-22 06:00:00,0.664
2022-06-22 07:00:00,2.653
2022-06-22 08:00:00,5.458
2022-06-22 09:00:00,6.975
2022-06-22 10:00:00,8.157
2022-06-22 11:00:00,9.077
2022-06-22 12:00:00,9.635
2022-06-22 13:00:00,9.992
2022-06-22 14:00:00,9.342
2022-06-22 15:00:00,7.899
2022-06-22 16:00:00,6.086
2022-06-22 17:00:00,3.426
2022-06-22 18:00:00,0.978
2022-06-22 19:00:00,0.0
2022-06-22 20:00:00,0.0
2022-06-22 21:00:00,0.0
2022-06-22 22:00:00,0.0
2022-06-22 23:00:00,0.0
2022-06-23 00:00:00,0.0
2022-06-23 01:00:00,0.0
2022-06-23 02:00:00,0.0
2022-06-23 03:00:00,0.0
2022-06-23 04:00:00,0.0
2022-06-23 05:00:00,0.0
2022-06-23 06:00:00,1.037
2022-06-23 07:00:00,3.527
2022-06-23 08:00:00,6.654
2022-06-23 09:00:00,9.592
2022-06-23 10:00:00,11.768
2022-06-23 11:00:00,13.071
2022-06-23 12:00:00,13.473
2022-06-23 13:00:00,13.03
2022-06-23 14:00:00,11.649
2022-06-23 15:00:00,9.551
2022-06-23 16:00:00,6.409
2022-06-23 17:00:00,3.453
2022-06-23 18:00:00,1.034
2022-06-23 19:00:00,0.0
2022-06-23 20:00:00,0.0
2022-06-23 21:00:00,0.0
2022-06-23 22:00:00,0.0
2022-06-23 23:00:00,0.0
2022-06-24 00:00:00,0.0
2022-06-24 01:00:00,0.0
2022-06-24 02:00:00,0.0
2022-06-24 03:00:00,0.0
2022-06-24 04:00:00,0.0
2022-06-24 05:00:00,0.0
2022-06-24 06:00:00,0.351
2022-06-24 07:00:00,1.501
2022-06-24 08:00:00,2.947
2022-06-24 09:00:00,4.589
2022-06-24 10:00:00,6.332
2022-06-24 11:00:00,7.795
2022-06-24 12:00:00,8.288
2022-06-24 13:00:00,8.066
2022-06-24 14:00:00,7.246
2022-06-24 15:00:00,6.225
2022-06-24 16:00:00,4.259
2022-06-24 17:00:00,2.258
2022-06-24 18:00:00,0.622
2022-06-24 19:00:00,0.0
2022-06-24 20:00:00,0.0
2022-06-24 21:00:00,0.0
2022-06-24 22:00:00,0.0
2022-06-24 23:00:00,0.0
2022-06-25 00:00:00,0.0
2022-06-25 01:00:00,0.0
2022-06-25 02:00:00,0.0
2022-06-25 03:00:00,0.0
2022-06-25 04:00:00,0.0
2022-06-25 05:00:00,0.0
2022-06-25 06:00:00,1.084
2022-06-25 07:00:00,3.611
2022-06-25 08:00:00,6.585
2022-06-25 09:00:00,9.455
2022-06-25 10:00:00,11.504
2022-06-25 11:00:00,12.821
2022-06-25 12:00:00,13.146
2022-06-25 13:00:00,12.48
2022-06-25 14:00:00,11.178
2022-06-25 15:00:00,8.923
2022-06-25 16:00:00,6.068
2022-06-25 17:00:00,3.26
2022-06-25 18:00:00,0.907
2022-06-25 19:00:00,0.0
2022-06-25 20:00:00,0.0
2022-06-25 21:00:00,0.0
2022-06-25 22:00:00,0.0
2022-06-25 23:00:00,0.0
2022-06-26 00:00:00,0.0
2022-06-26 01:00:00,0.0
2022-06-26 02:00:00,0.0
2022-06-26 03:00:00,0.0
2022-06-26 04:00:00,0.0
2022-06-26 05:00:00,0.0
2022-06-26 06:00:00,0.76
2022-06-26 07:00:00,3.111
2022-06-26 08:00:00,6.15
2022-06-26 09:00:00,9.107
2022-06-26 10:00:00,11.67
2022-06-26 11:00:00,13.058
2022-06-26 12:00:00,13.405
2022-06-26 13:00:00,12.87
2022-06-26 14:00:00,11.503
2022-06-26 15:00:00,9.407
2022-06-26 16:00:00,6.498
2022-06-26 17:00:00,3.478
2022-06-26 18:00:00,1.032
2022-06-26 19:00:00,0.0
2022-06-26 20:00:00,0.0
2022-06-26 21:00:00,0.0
2022-06-26 22:00:00,0.0
2022-06-26 23:00:00,0.0
2022-06-27 00:00:00,0.0
2022-06-27 01:00:00,0.0
2022-06-27 02:00:00,0.0
2022-06-27 03:00:00,0.0
2022-06-27 04:00:00,0.0
2022-06-27 05:00:00,0.0
2022-06-27 06:00:00,0.923
2022-06-27 07:00:00,3.209
2022-06-27 08:00:00,6.318
2022-06-27 09:00:00,9.246
2022-06-27 10:00:00,11.435
2022-06-27 11:00:00,12.599
2022-06-27 12:00:00,12.86
2022-06-27 13:00:00,12.249
2022-06-27 14:00:00,10.621
2022-06-27 15:00:00,8.347
2022-06-27 16:00:00,5.719
2022-06-27 17:00:00,3.205
2022-06-27 18:00:00,0.9420000000000001
2022-06-27 19:00:00,0.0
2022-06-27 20:00:00,0.0
2022-06-27 21:00:00,0.0
2022-06-27 22:00:00,0.0
2022-06-27 23:00:00,0.0
2022-06-28 00:00:00,0.0
2022-06-28 01:00:00,0.0
2022-06-28 02:00:00,0.0
2022-06-28 03:00:00,0.0
2022-06-28 04:00:00,0.0
2022-06-28 05:00:00,0.0
2022-06-28 06:00:00,0.978
2022-06-28 07:00:00,3.376
2022-06-28 08:00:00,6.567
2022-06-28 09:00:00,9.223
2022-06-28 10:00:00,10.729
2022-06-28 11:00:00,10.585
2022-06-28 12:00:00,10.159
2022-06-28 13:00:00,8.111
2022-06-28 14:00:00,6.206
2022-06-28 15:00:00,4.616
2022-06-28 16:00:00,2.778
2022-06-28 17:00:00,1.443
2022-06-28 18:00:00,0.419
2022-06-28 19:00:00,0.0
2022-06-28 20:00:00,0.0
2022-06-28 21:00:00,0.0
2022-06-28 22:00:00,0.0
2022-06-28 23:00:00,0.0
2022-06-29 00:00:00,0.0
2022-06-29 01:00:00,0.0
2022-06-29 02:00:00,0.0
2022-06-29 03:00:00,0.0
2022-06-29 04:00:00,0.0
2022-06-29 05:00:00,0.0
2022-06-29 06:00:00,0.19
2022-06-29 07:00:00,0.993
2022-06-29 08:00:00,2.269
2022-06-29 09:00:00,3.725
2022-06-29 10:00:00,5.042
2022-06-29 11:00:00,6.033
2022-06-29 12:00:00,6.573
2022-06-29 13:00:00,6.769
2022-06-29 14:00:00,6.393
2022-06-29 15:00:00,5.467
2022-06-29 16:00:00,3.819
2022-06-29 17:00:00,2.032
2022-06-29 18:00:00,0.585
2022-06-29 19:00:00,0.0
2022-06-29 20:00:00,0.0
2022-06-29 21:00:00,0.0
2022-06-29 22:00:00,0.0
2022-06-29 23:00:00,0.0
2022-06-30 00:00:00,0.0
2022-06-30 01:00:00,0.0
2022-06-30 02:00:00,0.0
2022-06-30 03:00:00,0.0
2022-06-30 04:00:00,0.0
2022-06-30 05:00:00,0.0
2022-06-30 06:00:00,1.088
2022-06-30 07:00:00,3.584
2022-06-30 08:00:00,6.262
2022-06-30 09:00:00,8.857
2022-06-30 10:00:00,10.941
2022-06-30 11:00:00,12.217
2022-06-30 12:00:00,12.322
2022-06-30 13:00:00,11.48
2022-06-30 14:00:00,10.144
2022-06-30 15:00:00,7.89
2022-06-30 16:00:00,5.265
2022-06-30 17:00:00,2.836
2022-06-30 18:00:00,0.755
2022-06-30 19:00:00,0.0
2022-06-30 20:00:00,0.0
2022-06-30 21:00:00,0.0
2022-06-30 22:00:00,0.0
2022-06-30 23:00:00,0.0
2022-07-01 00:00:00,0.0
2022-07-01 01:00:00,0.0
2022-07-01 02:00:00,0.0
2022-07-01 03:00:00,0.0
2022-07-01 04:00:00,0.0
2022-07-01 05:00:00,0.0
2022-07-01 06:00:00,0.809
2022-07-01 07:00:00,2.925
2022-07-01 08:00:00,5.474
2022-07-01 09:00:00,7.75
2022-07-01 10:00:00,9.502
2022-07-01 11:00:00,10.779
2022-07-01 12:00:00,11.331
2022-07-01 13:00:00,10.945
2022-07-01 14:00:00,10.024
2022-07-01 15:00:00,7.746
2022-07-01 16:00:00,5.546
2022-07-01 17:00:00,2.937
2022-07-01 18:00:00,0.914
2022-07-01 19:00:00,0.0
2022-07-01 20:00:00,0.0
2022-07-01 21:00:00,0.0
2022-07-01 22:00:00,0.0
2022-07-01 23:00:00,0.0
2022-07-02 00:00:00,0.0
2022-07-02 01:00:00,0.0
2022-07-02 02:00:00,0.0
2022-07-02 03:00:00,0.0
2022-07-02 04:00:00,0.0
2022-07-02 05:00:00,0.0
2022-07-02 06:00:00,0.578
2022-07-02 07:00:00,2.094
2022-07-02 08:00:00,4.201
2022-07-02 09:00:00,5.836
2022-07-02 10:00:00,7.225
2022-07-02 11:00:00,8.088
2022-07-02 12:00:00,8.478
2022-07-02 13:00:00,8.239
2022-07-02 14:00:00,7.364
2022-07-02 15:00:00,5.535
2022-07-02 16:00:00,3.125
2022-07-02 17:00:00,1.151
2022-07-02 18:00:00,0.241
2022-07-02 19:00:00,0.0
2022-07-02 20:00:00,0.0
2022-07-02 21:00:00,0.0
2022-07-02 22:00:00,0.0
2022-07-02 23:00:00,0.0
2022-07-03 00:00:00,0.0
2022-07-03 01:00:00,0.0
2022-07-03 02:00:00,0.0
2022-07-03 03:00:00,0.0
2022-07-03 04:00:00,0.0
2022-07-03 05:00:00,0.0
2022-07-03 06:00:00,0.5700000000000001
2022-07-03 07:00:00,2.605
2022-07-03 08:00:00,5.492
2022-07-03 09:00:00,7.596
2022-07-03 10:00:00,8.051
2022-07-03 11:00:00,6.778
2022-07-03 12:00:00,5.785
2022-07-03 13:00:00,4.91
2022-07-03 14:00:00,4.175
2022-07-03 15:00:00,3.203
2022-07-03 16:00:00,2.055
2022-07-03 17:00:00,0.991
2022-07-03 18:00:00,0.218
2022-07-03 19:00:00,0.0
2022-07-03 20:00:00,0.0
2022-07-03 21:00:00,0.0
2022-07-03 22:00:00,0.0
2022-07-03 23:00:00,0.0
2022-07-04 00:00:00,0.0
2022-07-04 01:00:00,0.0
2022-07-04 02:00:00,0.0
2022-07-04 03:00:00,0.0
2022-07-04 04:00:00,0.0
2022-07-04 05:00:00,0.0
2022-07-04 06:00:00,0.372
2022-07-04 07:00:00,1.691
2022-07-04 08:00:00,3.842
2022-07-04 09:00:00,5.148
2022-07-04 10:00:00,5.712
2022-07-04 11:00:00,6.203
2022-07-04 12:00:00,6.39
2022-07-04 13:00:00,5.91
2022-07-04 14:00:00,4.863
2022-07-04 15:00:00,3.691
2022-07-04 16:00:00,2.24
2022-07-04 17:00:00,1.034
2022-07-04 18:00:00,0.216
2022-07-04 19:00:00,0.0
2022-07-04 20:00:00,0.0
2022-07-04 21:00:00,0.0
2022-07-04 22:00:00,0.0
2022-07-04 23:00:00,0.0
2022-07-05 00:00:00,0.0
2022-07-05 01:00:00,0.0
2022-07-05 02:00:00,0.0
2022-07-05 03:00:00,0.0
2022-07-05 04:00:00,0.0
2022-07-05 05:00:00,0.0
2022-07-05 06:00:00,0.468
2022-07-05 07:00:00,1.469
2022-07-05 08:00:00,2.439
2022-07-05 09:00:00,3.533
2022-07-05 10:00:00,4.762
2022-07-05 11:00:00,6.033
2022-07-05 12:00:00,6.812
2022-07-05 13:00:00,7.328
2022-07-05 14:00:00,7.419
2022-07-05 15:00:00,6.345
2022-07-05 16:00:00,4.105
2022-07-05 17:00:00,1.963
2022-07-05 18:00:00,0.537
2022-07-05 19:00:00,0.0
2022-07-05 20:00:00,0.0
2022-07-05 21:00:00,0.0
2022-07-05 22:00:00,0.0
2022-07-05 23:00:00,0.0
2022-07-06 00:00:00,0.0
2022-07-06 01:00:00,0.0
2022-07-06 02:00:00,0.0
2022-07-06 03:00:00,0.0
2022-07-06 04:00:00,0.0
2022-07-06 05:00:00,0.0
2022-07-06 06:00:00,0.974
2022-07-06 07:00:00,3.473
2022-07-06 08:00:00,6.454
2022-07-06 09:00:00,9.194
2022-07-06 10:00:00,11.411
2022-07-06 11:00:00,12.613
2022-07-06 12:00:00,12.788
2022-07-06 13:00:00,12.287
2022-07-06 14:00:00,10.717
2022-07-06 15:00:00,8.793
2022-07-06 16:00:00,6.013
2022-07-06 17:00:00,2.824
2022-07-06 18:00:00,0.709
2022-07-06 19:00:00,0.0
2022-07-06 20:00:00,0.0
2022-07-06 21:00:00,0.0
2022-07-06 22:00:00,0.0
2022-07-06 23:00:00,0.0
2022-07-07 00:00:00,0.0
2022-07-07 01:00:00,0.0
2022-07-07 02:00:00,0.0
2022-07-07 03:00:00,0.0
2022-07-07 04:00:00,0.0
2022-07-07 05:00:00,0.0
2022-07-07 06:00:00,0.885
2022-07-07 07:00:00,3.1
2022-07-07 08:00:00,5.972
2022-07-07 09:00:00,8.563
2022-07-07 10:00:00,9.966
2022-07-07 11:00:00,9.967
2022-07-07 12:00:00,8.944
2022-07-07 13:00:00,6.716
2022-07-07 14:00:00,5.116
2022-07-07 15:00:00,3.646
2022-07-07 16:00:00,2.261
2022-07-07 17:00:00,1.152
2022-07-07 18:00:00,0.31
2022-07-07 19:00:00,0.0
2022-07-07 20:00:00,0.0
2022-07-07 21:00:00,0.0
2022-07-07 22:00:00,0.0
2022-07-07 23:00:00,0.0
2022-07-08 00:00:00,0.0
2022-07-08 01:00:00,0.0
2022-07-08 02:00:00,0.0
2022-07-08 03:00:00,0.0
2022-07-08 04:00:00,0.0
2022-07-08 05:00:00,0.0
2022-07-08 06:00:00,0.802
2022-07-08 07:00:00,3.05
2022-07-08 08:00:00,5.714
2022-07-08 09:00:00,8.256
2022-07-08 10:00:00,10.463
2022-07-08 11:00:00,11.869
2022-07-08 12:00:00,12.411
2022-07-08 13:00:00,11.847
2022-07-08 14:00:00,10.646
2022-07-08 15:00:00,8.708
2022-07-08 16:00:00,6.099
2022-07-08 17:00:00,3.054
2022-07-08 18:00:00,0.732
2022-07-08 19:00:00,0.0
2022-07-08 20:00:00,0.0
2022-07-08 21:00:00,0.0
2022-07-08 22:00:00,0.0
2022-07-08 23:00:00,0.0
2022-07-09 00:00:00,0.0
2022-07-09 01:00:00,0.0
2022-07-09 02:00:00,0.0
2022-07-09 03:00:00,0.0
2022-07-09 04:00:00,0.0
2022-07-09 05:00:00,0.0
2022-07-09 06:00:00,0.92
2022-07-09 07:00:00,3.275
2022-07-09 08:00:00,6.048
2022-07-09 09:00:00,8.739
2022-07-09 10:00:00,10.932
2022-07-09 11:00:00,12.146
2022-07-09 12:00:00,12.359
2022-07-09 13:00:00,11.823
2022-07-09 14:00:00,10.619
2022-07-09 15:00:00,8.7
2022-07-09 16:00:00,5.979
2022-07-09 17:00:00,3.278
2022-07-09 18:00:00,0.9550000000000001
2022-07-09 19:00:00,0.0
2022-07-09 20:00:00,0.0
2022-07-09 21:00:00,0.0
2022-07-09 22:00:00,0.0
2022-07-09 23:00:00,0.0
2022-07-10 00:00:00,0.0
2022-07-10 01:00:00,0.0
2022-07-10 02:00:00,0.0
2022-07-10 03:00:00,0.0
2022-07-10 04:00:00,0.0
2022-07-10 05:00:00,0.0
2022-07-10 06:00:00,0.934
2022-07-10 07:00:00,3.337
2022-07-10 08:00:00,6.534
2022-07-10 09:00:00,9.349
2022-07-10 10:00:00,11.329
2022-07-10 11:00:00,12.472
2022-07-10 12:00:00,12.765
2022-07-10 13:00:00,12.192
2022-07-10 14:00:00,10.986
2022-07-10 15:00:00,8.872
2022-07-10 16:00:00,5.884
2022-07-10 17:00:00,3.082
2022-07-10 18:00:00,0.9580000000000001
2022-07-10 19:00:00,0.0
2022-07-10 20:00:00,0.0
2022-07-10 21:00:00,0.0
2022-07-10 22:00:00,0.0
2022-07-10 23:00:00,0.0
2022-07-11 00:00:00,0.0
2022-07-11 01:00:00,0.0
2022-07-11 02:00:00,0.0
2022-07-11 03:00:00,0.0
2022-07-11 04:00:00,0.0
2022-07-11 05:00:00,0.0
2022-07-11 06:00:00,0.915
2022-07-11 07:00:00,3.308
2022-07-11 08:00:00,6.413
2022-07-11 09:00:00,9.275
2022-07-11 10:00:00,11.516
2022-07-11 11:00:00,12.855
2022-07-11 12:00:00,13.229
2022-07-11 13:00:00,12.713
2022-07-11 14:00:00,11.233
2022-07-11 15:00:00,8.857
2022-07-11 16:00:00,6.066
2022-07-11 17:00:00,3.276
2022-07-11 18:00:00,0.906
2022-07-11 19:00:00,0.0
2022-07-11 20:00:00,0.0
2022-07-11 21:00:00,0.0
2022-07-11 22:00:00,0.0
2022-07-11 23:00:00,0.0
2022-07-12 00:00:00,0.0
2022-07-12 01:00:00,0.0
2022-07-12 02:00:00,0.0
2022-07-12 03:00:00,0.0
2022-07-12 04:00:00,0.0
2022-07-12 05:00:00,0.0
2022-07-12 06:00:00,0.873
2022-07-12 07:00:00,3.253
2022-07-12 08:00:00,6.433
2022-07-12 09:00:00,9.353
2022-07-12 10:00:00,11.592
2022-07-12 11:00:00,12.93
2022-07-12 12:00:00,13.265
2022-07-12 13:00:00,12.7
2022-07-12 14:00:00,11.29
2022-07-12 15:00:00,9.274000000000001
2022-07-12 16:00:00,6.069
2022-07-12 17:00:00,3.177
2022-07-12 18:00:00,0.96
2022-07-12 19:00:00,0.0
2022-07-12 20:00:00,0.0
2022-07-12 21:00:00,0.0
2022-07-12 22:00:00,0.0
2022-07-12 23:00:00,0.0
2022-07-13 00:00:00,0.0
2022-07-13 01:00:00,0.0
2022-07-13 02:00:00,0.0
2022-07-13 03:00:00,0.0
2022-07-13 04:00:00,0.0
2022-07-13 05:00:00,0.0
2022-07-13 06:00:00,0.89
2022-07-13 07:00:00,3.308
2022-07-13 08:00:00,6.62
2022-07-13 09:00:00,9.564
2022-07-13 10:00:00,11.718
2022-07-13 11:00:00,12.998
2022-07-13 12:00:00,13.407
2022-07-13 13:00:00,12.936
2022-07-13 14:00:00,11.656
2022-07-13 15:00:00,9.554
2022-07-13 16:00:00,6.475
2022-07-13 17:00:00,3.434
2022-07-13 18:00:00,0.9380000000000001
2022-07-13 19:00:00,0.0
2022-07-13 20:00:00,0.0
2022-07-13 21:00:00,0.0
2022-07-13 22:00:00,0.0
2022-07-13 23:00:00,0.0
2022-07-14 00:00:00,0.0
2022-07-14 01:00:00,0.0
2022-07-14 02:00:00,0.0
2022-07-14 03:00:00,0.0
2022-07-14 04:00:00,0.0
2022-07-14 05:00:00,0.0
2022-07-14 06:00:00,0.855
2022-07-14 07:00:00,3.299
2022-07-14 08:00:00,6.692
2022-07-14 09:00:00,9.616
2022-07-14 10:00:00,11.76
2022-07-14 11:00:00,12.987
2022-07-14 12:00:00,13.373
2022-07-14 13:00:00,12.833
2022-07-14 14:00:00,11.55
2022-07-14 15:00:00,9.214
2022-07-14 16:00:00,6.271
2022-07-14 17:00:00,3.235
2022-07-14 18:00:00,0.879
2022-07-14 19:00:00,0.0
2022-07-14 20:00:00,0.0
2022-07-14 21:00:00,0.0
2022-07-14 22:00:00,0.0
2022-07-14 23:00:00,0.0
2022-07-15 00:00:00,0.0
2022-07-15 01:00:00,0.0
2022-07-15 02:00:00,0.0
2022-07-15 03:00:00,0.0
2022-07-15 04:00:00,0.0
2022-07-15 05:00:00,0.0
2022-07-15 06:00:00,0.876
2022-07-15 07:00:00,3.311
2022-07-15 08:00:00,6.638
2022-07-15 09:00:00,9.575
2022-07-15 10:00:00,11.868
2022-07-15 11:00:00,13.102
2022-07-15 12:00:00,13.431
2022-07-15 13:00:00,12.915
2022-07-15 14:00:00,11.538
2022-07-15 15:00:00,9.424
2022-07-15 16:00:00,6.508
2022-07-15 17:00:00,3.358
2022-07-15 18:00:00,0.9560000000000001
2022-07-15 19:00:00,0.0
2022-07-15 20:00:00,0.0
2022-07-15 21:00:00,0.0
2022-07-15 22:00:00,0.0
2022-07-15 23:00:00,0.0
2022-07-16 00:00:00,0.0
2022-07-16 01:00:00,0.0
2022-07-16 02:00:00,0.0
2022-07-16 03:00:00,0.0
2022-07-16 04:00:00,0.0
2022-07-16 05:00:00,0.0
2022-07-16 06:00:00,0.285
2022-07-16 07:00:00,1.417
2022-07-16 08:00:00,3.284
2022-07-16 09:00:00,5.701000000000001
2022-07-16 10:00:00,8.259
2022-07-16 11:00:00,10.74
2022-07-16 12:00:00,12.072
2022-07-16 13:00:00,11.99
2022-07-16 14:00:00,11.07
2022-07-16 15:00:00,9.024
2022-07-16 16:00:00,5.664
2022-07-16 17:00:00,2.586
2022-07-16 18:00:00,0.751
2022-07-16 19:00:00,0.0
2022-07-16 20:00:00,0.0
2022-07-16 21:00:00,0.0
2022-07-16 22:00:00,0.0
2022-07-16 23:00:00,0.0
2022-07-17 00:00:00,0.0
2022-07-17 01:00:00,0.0
2022-07-17 02:00:00,0.0
2022-07-17 03:00:00,0.0
2022-07-17 04:00:00,0.0
2022-07-17 05:00:00,0.0
2022-07-17 06:00:00,0.884
2022-07-17 07:00:00,3.254
2022-07-17 08:00:00,6.284
2022-07-17 09:00:00,8.997
2022-07-17 10:00:00,10.958
2022-07-17 11:00:00,12.116
2022-07-17 12:00:00,12.536
2022-07-17 13:00:00,11.981
2022-07-17 14:00:00,10.547
2022-07-17 15:00:00,8.447
2022-07-17 16:00:00,5.399
2022-07-17 17:00:00,2.768
2022-07-17 18:00:00,0.597
2022-07-17 19:00:00,0.0
2022-07-17 20:00:00,0.0
2022-07-17 21:00:00,0.0
2022-07-17 22:00:00,0.0
2022-07-17 23:00:00,0.0
2022-07-18 00:00:00,0.0
2022-07-18 01:00:00,0.0
2022-07-18 02:00:00,0.0
2022-07-18 03:00:00,0.0
2022-07-18 04:00:00,0.0
2022-07-18 05:00:00,0.0
2022-07-18 06:00:00,0.5
2022-07-18 07:00:00,1.506
2022-07-18 08:00:00,2.072
2022-07-18 09:00:00,2.887
2022-07-18 10:00:00,3.908
2022-07-18 11:00:00,5.003
2022-07-18 12:00:00,5.484
2022-07-18 13:00:00,5.3
2022-07-18 14:00:00,4.556
2022-07-18 15:00:00,3.487
2022-07-18 16:00:00,2.23
2022-07-18 17:00:00,1.22
2022-07-18 18:00:00,0.338
2022-07-18 19:00:00,0.0
2022-07-18 20:00:00,0.0
2022-07-18 21:00:00,0.0
2022-07-18 22:00:00,0.0
2022-07-18 23:00:00,0.0
2022-07-19 00:00:00,0.0
2022-07-19 01:00:00,0.0
2022-07-19 02:00:00,0.0
2022-07-19 03:00:00,0.0
2022-07-19 04:00:00,0.0
2022-07-19 05:00:00,0.0
2022-07-19 06:00:00,0.445
2022-07-19 07:00:00,1.924
2022-07-19 08:00:00,3.935
2022-07-19 09:00:00,5.978
2022-07-19 10:00:00,7.607
2022-07-19 11:00:00,8.749
2022-07-19 12:00:00,9.532
2022-07-19 13:00:00,9.33
2022-07-19 14:00:00,8.854
2022-07-19 15:00:00,7.342
2022-07-19 16:00:00,5.455
2022-07-19 17:00:00,3.081
2022-07-19 18:00:00,0.861
2022-07-19 19:00:00,0.0
2022-07-19 20:00:00,0.0
2022-07-19 21:00:00,0.0
2022-07-19 22:00:00,0.0
2022-07-19 23:00:00,0.0
2022-07-20 00:00:00,0.0
2022-07-20 01:00:00,0.0
2022-07-20 02:00:00,0.0
2022-07-20 03:00:00,0.0
2022-07-20 04:00:00,0.0
2022-07-20 05:00:00,0.0
2022-07-20 06:00:00,0.648
2022-07-20 07:00:00,2.719
2022-07-20 08:00:00,5.288
2022-07-20 09:00:00,7.99
2022-07-20 10:00:00,10.293
2022-07-20 11:00:00,12.04
2022-07-20 12:00:00,12.231
2022-07-20 13:00:00,10.373
2022-07-20 14:00:00,8.98
2022-07-20 15:00:00,7.332
2022-07-20 16:00:00,5.317
2022-07-20 17:00:00,2.786
2022-07-20 18:00:00,0.748
2022-07-20 19:00:00,0.0
2022-07-20 20:00:00,0.0
2022-07-20 21:00:00,0.0
2022-07-20 22:00:00,0.0
2022-07-20 23:00:00,0.0
2022-07-21 00:00:00,0.0
2022-07-21 01:00:00,0.0
2022-07-21 02:00:00,0.0
2022-07-21 03:00:00,0.0
2022-07-21 04:00:00,0.0
2022-07-21 05:00:00,0.0
2022-07-21 06:00:00,0.864
2022-07-21 07:00:00,3.358
2022-07-21 08:00:00,6.592
2022-07-21 09:00:00,9.324
2022-07-21 10:00:00,11.342
2022-07-21 11:00:00,12.563
2022-07-21 12:00:00,11.891
2022-07-21 13:00:00,10.807
2022-07-21 14:00:00,9.157
2022-07-21 15:00:00,6.832
2022-07-21 16:00:00,4.548
2022-07-21 17:00:00,2.333
2022-07-21 18:00:00,0.687
2022-07-21 19:00:00,0.0
2022-07-21 20:00:00,0.0
2022-07-21 21:00:00,0.0
2022-07-21 22:00:00,0.0
2022-07-21 23:00:00,0.0
2022-07-22 00:00:00,0.0
2022-07-22 01:00:00,0.0
2022-07-22 02:00:00,0.0
2022-07-22 03:00:00,0.0
2022-07-22 04:00:00,0.0
2022-07-22 05:00:00,0.0
2022-07-22 06:00:00,0.8320000000000001
2022-07-22 07:00:00,3.17
2022-07-22 08:00:00,6.124
2022-07-22 09:00:00,8.597
2022-07-22 10:00:00,10.806
2022-07-22 11:00:00,12.287
2022-07-22 12:00:00,12.835
2022-07-22 13:00:00,12.569
2022-07-22 14:00:00,11.313
2022-07-22 15:00:00,9.233
2022-07-22 16:00:00,6.435
2022-07-22 17:00:00,3.405
2022-07-22 18:00:00,0.873
2022-07-22 19:00:00,0.0
2022-07-22 20:00:00,0.0
2022-07-22 21:00:00,0.0
2022-07-22 22:00:00,0.0
2022-07-22 23:00:00,0.0
2022-07-23 00:00:00,0.0
2022-07-23 01:00:00,0.0
2022-07-23 02:00:00,0.0
2022-07-23 03:00:00,0.0
2022-07-23 04:00:00,0.0
2022-07-23 05:00:00,0.0
2022-07-23 06:00:00,0.797
2022-07-23 07:00:00,3.352
2022-07-23 08:00:00,6.812
2022-07-23 09:00:00,9.75
2022-07-23 10:00:00,11.854
2022-07-23 11:00:00,13.022
2022-07-23 12:00:00,13.21
2022-07-23 13:00:00,12.677
2022-07-23 14:00:00,11.308
2022-07-23 15:00:00,9.056
2022-07-23 16:00:00,6.188
2022-07-23 17:00:00,3.292
2022-07-23 18:00:00,0.833
2022-07-23 19:00:00,0.0
2022-07-23 20:00:00,0.0
2022-07-23 21:00:00,0.0
2022-07-23 22:00:00,0.0
2022-07-23 23:00:00,0.0
2022-07-24 00:00:00,0.0
2022-07-24 01:00:00,0.0
2022-07-24 02:00:00,0.0
2022-07-24 03:00:00,0.0
2022-07-24 04:00:00,0.0
2022-07-24 05:00:00,0.0
2022-07-24 06:00:00,0.79
2022-07-24 07:00:00,3.304
2022-07-24 08:00:00,6.649
2022-07-24 09:00:00,9.474
2022-07-24 10:00:00,11.496
2022-07-24 11:00:00,12.742
2022-07-24 12:00:00,13.127
2022-07-24 13:00:00,12.679
2022-07-24 14:00:00,11.374
2022-07-24 15:00:00,9.155
2022-07-24 16:00:00,6.225
2022-07-24 17:00:00,3.301
2022-07-24 18:00:00,0.836
2022-07-24 19:00:00,0.0
2022-07-24 20:00:00,0.0
2022-07-24 21:00:00,0.0
2022-07-24 22:00:00,0.0
2022-07-24 23:00:00,0.0
2022-07-25 00:00:00,0.0
2022-07-25 01:00:00,0.0
2022-07-25 02:00:00,0.0
2022-07-25 03:00:00,0.0
2022-07-25 04:00:00,0.0
2022-07-25 05:00:00,0.0
2022-07-25 06:00:00,0.78
2022-07-25 07:00:00,3.249
2022-07-25 08:00:00,6.477
2022-07-25 09:00:00,9.26
2022-07-25 10:00:00,11.389
2022-07-25 11:00:00,12.821
2022-07-25 12:00:00,13.348
2022-07-25 13:00:00,12.972
2022-07-25 14:00:00,11.746
2022-07-25 15:00:00,9.627
2022-07-25 16:00:00,6.775
2022-07-25 17:00:00,3.514
2022-07-25 18:00:00,0.834
2022-07-25 19:00:00,0.0
2022-07-25 20:00:00,0.0
2022-07-25 21:00:00,0.0
2022-07-25 22:00:00,0.0
2022-07-25 23:00:00,0.0
2022-07-26 00:00:00,0.0
2022-07-26 01:00:00,0.0
2022-07-26 02:00:00,0.0
2022-07-26 03:00:00,0.0
2022-07-26 04:00:00,0.0
2022-07-26 05:00:00,0.0
2022-07-26 06:00:00,0.769
2022-07-26 07:00:00,3.251
2022-07-26 08:00:00,6.47
2022-07-26 09:00:00,9.014
2022-07-26 10:00:00,10.93
2022-07-26 11:00:00,12.12
2022-07-26 12:00:00,12.551
2022-07-26 13:00:00,12.076
2022-07-26 14:00:00,10.797
2022-07-26 15:00:00,8.924
2022-07-26 16:00:00,6.316
2022-07-26 17:00:00,3.377
2022-07-26 18:00:00,0.844
2022-07-26 19:00:00,0.0
2022-07-26 20:00:00,0.0
2022-07-26 21:00:00,0.0
2022-07-26 22:00:00,0.0
2022-07-26 23:00:00,0.0
2022-07-27 00:00:00,0.0
2022-07-27 01:00:00,0.0
2022-07-27 02:00:00,0.0
2022-07-27 03:00:00,0.0
2022-07-27 04:00:00,0.0
2022-07-27 05:00:00,0.0
2022-07-27 06:00:00,0.771
2022-07-27 07:00:00,3.259
2022-07-27 08:00:00,6.553
2022-07-27 09:00:00,9.426
2022-07-27 10:00:00,11.654
2022-07-27 11:00:00,13.006
2022-07-27 12:00:00,13.421
2022-07-27 13:00:00,12.918
2022-07-27 14:00:00,11.453
2022-07-27 15:00:00,9.217
2022-07-27 16:00:00,6.264
2022-07-27 17:00:00,3.153
2022-07-27 18:00:00,0.769
2022-07-27 19:00:00,0.0
2022-07-27 20:00:00,0.0
2022-07-27 21:00:00,0.0
2022-07-27 22:00:00,0.0
2022-07-27 23:00:00,0.0
2022-07-28 00:00:00,0.0
2022-07-28 01:00:00,0.0
2022-07-28 02:00:00,0.0
2022-07-28 03:00:00,0.0
2022-07-28 04:00:00,0.0
2022-07-28 05:00:00,0.0
2022-07-28 06:00:00,0.745
2022-07-28 07:00:00,3.19
2022-07-28 08:00:00,6.421
2022-07-28 09:00:00,9.01
2022-07-28 10:00:00,10.827
2022-07-28 11:00:00,12.057
2022-07-28 12:00:00,12.028
2022-07-28 13:00:00,10.543
2022-07-28 14:00:00,8.586
2022-07-28 15:00:00,6.31
2022-07-28 16:00:00,3.714
2022-07-28 17:00:00,1.76
2022-07-28 18:00:00,0.388
2022-07-28 19:00:00,0.0
2022-07-28 20:00:00,0.0
2022-07-28 21:00:00,0.0
2022-07-28 22:00:00,0.0
2022-07-28 23:00:00,0.0
2022-07-29 00:00:00,0.0
2022-07-29 01:00:00,0.0
2022-07-29 02:00:00,0.0
2022-07-29 03:00:00,0.0
2022-07-29 04:00:00,0.0
2022-07-29 05:00:00,0.0
2022-07-29 06:00:00,0.478
2022-07-29 07:00:00,2.305
2022-07-29 08:00:00,4.747
2022-07-29 09:00:00,6.854
2022-07-29 10:00:00,8.008
2022-07-29 11:00:00,8.75
2022-07-29 12:00:00,8.905
2022-07-29 13:00:00,7.815
2022-07-29 14:00:00,6.655
2022-07-29 15:00:00,4.746
2022-07-29 16:00:00,3.02
2022-07-29 17:00:00,1.425
2022-07-29 18:00:00,0.3
2022-07-29 19:00:00,0.0
2022-07-29 20:00:00,0.0
2022-07-29 21:00:00,0.0
2022-07-29 22:00:00,0.0
2022-07-29 23:00:00,0.0
2022-07-30 00:00:00,0.0
2022-07-30 01:00:00,0.0
2022-07-30 02:00:00,0.0
2022-07-30 03:00:00,0.0
2022-07-30 04:00:00,0.0
2022-07-30 05:00:00,0.0
2022-07-30 06:00:00,0.404
2022-07-30 07:00:00,2.238
2022-07-30 08:00:00,4.762
2022-07-30 09:00:00,7.084
2022-07-30 10:00:00,8.54
2022-07-30 11:00:00,9.673
2022-07-30 12:00:00,9.335
2022-07-30 13:00:00,8.491
2022-07-30 14:00:00,7.211
2022-07-30 15:00:00,6.166
2022-07-30 16:00:00,4.514
2022-07-30 17:00:00,2.614
2022-07-30 18:00:00,0.72
2022-07-30 19:00:00,0.0
2022-07-30 20:00:00,0.0
2022-07-30 21:00:00,0.0
2022-07-30 22:00:00,0.0
2022-07-30 23:00:00,0.0
2022-07-31 00:00:00,0.0
2022-07-31 01:00:00,0.0
2022-07-31 02:00:00,0.0
2022-07-31 03:00:00,0.0
2022-07-31 04:00:00,0.0
2022-07-31 05:00:00,0.0
2022-07-31 06:00:00,0.761
2022-07-31 07:00:00,3.327
2022-07-31 08:00:00,6.315
2022-07-31 09:00:00,9.132
2022-07-31 10:00:00,11.481
2022-07-31 11:00:00,12.955
2022-07-31 12:00:00,13.48
2022-07-31 13:00:00,13.019
2022-07-31 14:00:00,11.703
2022-07-31 15:00:00,9.497
2022-07-31 16:00:00,6.542
2022-07-31 17:00:00,3.239
2022-07-31 18:00:00,0.729
2022-07-31 19:00:00,0.0
2022-07-31 20:00:00,0.0
2022-07-31 21:00:00,0.0
2022-07-31 22:00:00,0.0
2022-07-31 23:00:00,0.0
2022-08-01 00:00:00,0.0
2022-08-01 01:00:00,0.0
2022-08-01 02:00:00,0.0
2022-08-01 03:00:00,0.0
2022-08-01 04:00:00,0.0
2022-08-01 05:00:00,0.0
2022-08-01 06:00:00,0.707
2022-08-01 07:00:00,3.235
2022-08-01 08:00:00,6.494
2022-08-01 09:00:00,8.957
2022-08-01 10:00:00,10.704
2022-08-01 11:00:00,11.397
2022-08-01 12:00:00,11.221
2022-08-01 13:00:00,10.804
2022-08-01 14:00:00,10.008
2022-08-01 15:00:00,8.319
2022-08-01 16:00:00,6.063
2022-08-01 17:00:00,3.107
2022-08-01 18:00:00,0.6880000000000001
2022-08-01 19:00:00,0.0
2022-08-01 20:00:00,0.0
2022-08-01 21:00:00,0.0
2022-08-01 22:00:00,0.0
2022-08-01 23:00:00,0.0
2022-08-02 00:00:00,0.0
2022-08-02 01:00:00,0.0
2022-08-02 02:00:00,0.0
2022-08-02 03:00:00,0.0
2022-08-02 04:00:00,0.0
2022-08-02 05:00:00,0.0
2022-08-02 06:00:00,0.713
2022-08-02 07:00:00,3.29
2022-08-02 08:00:00,6.628
2022-08-02 09:00:00,9.379
2022-08-02 10:00:00,11.189
2022-08-02 11:00:00,12.229
2022-08-02 12:00:00,11.965
2022-08-02 13:00:00,11.505
2022-08-02 14:00:00,10.118
2022-08-02 15:00:00,8.138
2022-08-02 16:00:00,5.14
2022-08-02 17:00:00,2.625
2022-08-02 18:00:00,0.493
2022-08-02 19:00:00,0.0
2022-08-02 20:00:00,0.0
2022-08-02 21:00:00,0.0
2022-08-02 22:00:00,0.0
2022-08-02 23:00:00,0.0
2022-08-03 00:00:00,0.0
2022-08-03 01:00:00,0.0
2022-08-03 02:00:00,0.0
2022-08-03 03:00:00,0.0
2022-08-03 04:00:00,0.0
2022-08-03 05:00:00,0.0
2022-08-03 06:00:00,0.215
2022-08-03 07:00:00,1.48
2022-08-03 08:00:00,3.146
2022-08-03 09:00:00,5.531
2022-08-03 10:00:00,7.848
2022-08-03 11:00:00,9.075
2022-08-03 12:00:00,7.92
2022-08-03 13:00:00,7.925
2022-08-03 14:00:00,7.61
2022-08-03 15:00:00,6.562
2022-08-03 16:00:00,4.806
2022-08-03 17:00:00,2.619
2022-08-03 18:00:00,0.56
2022-08-03 19:00:00,0.0
2022-08-03 20:00:00,0.0
2022-08-03 21:00:00,0.0
2022-08-03 22:00:00,0.0
2022-08-03 23:00:00,0.0
2022-08-04 00:00:00,0.0
2022-08-04 01:00:00,0.0
2022-08-04 02:00:00,0.0
2022-08-04 03:00:00,0.0
2022-08-04 04:00:00,0.0
2022-08-04 05:00:00,0.0
2022-08-04 06:00:00,0.515
2022-08-04 07:00:00,2.636
2022-08-04 08:00:00,5.556
2022-08-04 09:00:00,8.342
2022-08-04 10:00:00,10.383
2022-08-04 11:00:00,10.625
2022-08-04 12:00:00,11.061
2022-08-04 13:00:00,9.706
2022-08-04 14:00:00,8.008
2022-08-04 15:00:00,5.943
2022-08-04 16:00:00,4.447
2022-08-04 17:00:00,2.496
2022-08-04 18:00:00,0.539
2022-08-04 19:00:00,0.0
2022-08-04 20:00:00,0.0
2022-08-04 21:00:00,0.0
2022-08-04 22:00:00,0.0
2022-08-04 23:00:00,0.0
2022-08-05 00:00:00,0.0
2022-08-05 01:00:00,0.0
2022-08-05 02:00:00,0.0
2022-08-05 03:00:00,0.0
2022-08-05 04:00:00,0.0
2022-08-05 05:00:00,0.0
2022-08-05 06:00:00,0.505
2022-08-05 07:00:00,2.894
2022-08-05 08:00:00,6.018
2022-08-05 09:00:00,8.694
2022-08-05 10:00:00,10.746
2022-08-05 11:00:00,12.189
2022-08-05 12:00:00,11.955
2022-08-05 13:00:00,10.635
2022-08-05 14:00:00,8.797
2022-08-05 15:00:00,6.894
2022-08-05 16:00:00,4.967
2022-08-05 17:00:00,2.807
2022-08-05 18:00:00,0.687
2022-08-05 19:00:00,0.0
2022-08-05 20:00:00,0.0
2022-08-05 21:00:00,0.0
2022-08-05 22:00:00,0.0
2022-08-05 23:00:00,0.0
2022-08-06 00:00:00,0.0
2022-08-06 01:00:00,0.0
2022-08-06 02:00:00,0.0
2022-08-06 03:00:00,0.0
2022-08-06 04:00:00,0.0
2022-08-06 05:00:00,0.0
2022-08-06 06:00:00,0.5660000000000001
2022-08-06 07:00:00,2.931
2022-08-06 08:00:00,6.116
2022-08-06 09:00:00,9.001
2022-08-06 10:00:00,11.43
2022-08-06 11:00:00,12.866
2022-08-06 12:00:00,12.519
2022-08-06 13:00:00,11.496
2022-08-06 14:00:00,10.719
2022-08-06 15:00:00,8.766
2022-08-06 16:00:00,5.401
2022-08-06 17:00:00,2.248
2022-08-06 18:00:00,0.405
2022-08-06 19:00:00,0.0
2022-08-06 20:00:00,0.0
2022-08-06 21:00:00,0.0
2022-08-06 22:00:00,0.0
2022-08-06 23:00:00,0.0
2022-08-07 00:00:00,0.0
2022-08-07 01:00:00,0.0
2022-08-07 02:00:00,0.0
2022-08-07 03:00:00,0.0
2022-08-07 04:00:00,0.0
2022-08-07 05:00:00,0.0
2022-08-07 06:00:00,0.562
2022-08-07 07:00:00,2.748
2022-08-07 08:00:00,5.441
2022-08-07 09:00:00,7.526
2022-08-07 10:00:00,9.395
2022-08-07 11:00:00,11.622
2022-08-07 12:00:00,12.539
2022-08-07 13:00:00,12.184
2022-08-07 14:00:00,10.971
2022-08-07 15:00:00,8.949
2022-08-07 16:00:00,5.975
2022-08-07 17:00:00,2.945
2022-08-07 18:00:00,0.58
2022-08-07 19:00:00,0.0
2022-08-07 20:00:00,0.0
2022-08-07 21:00:00,0.0
2022-08-07 22:00:00,0.0
2022-08-07 23:00:00,0.0
2022-08-08 00:00:00,0.0
2022-08-08 01:00:00,0.0
2022-08-08 02:00:00,0.0
2022-08-08 03:00:00,0.0
2022-08-08 04:00:00,0.0
2022-08-08 05:00:00,0.0
2022-08-08 06:00:00,0.506
2022-08-08 07:00:00,3.318
2022-08-08 08:00:00,6.729
2022-08-08 09:00:00,9.586
2022-08-08 10:00:00,11.465
2022-08-08 11:00:00,12.468
2022-08-08 12:00:00,12.52
2022-08-08 13:00:00,12.215
2022-08-08 14:00:00,10.891
2022-08-08 15:00:00,8.365
2022-08-08 16:00:00,5.979
2022-08-08 17:00:00,3.081
2022-08-08 18:00:00,0.639
2022-08-08 19:00:00,0.0
2022-08-08 20:00:00,0.0
2022-08-08 21:00:00,0.0
2022-08-08 22:00:00,0.0
2022-08-08 23:00:00,0.0
2022-08-09 00:00:00,0.0
2022-08-09 01:00:00,0.0
2022-08-09 02:00:00,0.0
2022-08-09 03:00:00,0.0
2022-08-09 04:00:00,0.0
2022-08-09 05:00:00,0.0
2022-08-09 06:00:00,0.468
2022-08-09 07:00:00,3.355
2022-08-09 08:00:00,6.862
2022-08-09 09:00:00,9.986
2022-08-09 10:00:00,12.262
2022-08-09 11:00:00,13.612
2022-08-09 12:00:00,14.022
2022-08-09 13:00:00,13.547
2022-08-09 14:00:00,12.191
2022-08-09 15:00:00,9.947
2022-08-09 16:00:00,6.914
2022-08-09 17:00:00,3.494
2022-08-09 18:00:00,0.666
2022-08-09 19:00:00,0.0
2022-08-09 20:00:00,0.0
2022-08-09 21:00:00,0.0
2022-08-09 22:00:00,0.0
2022-08-09 23:00:00,0.0
2022-08-10 00:00:00,0.0
2022-08-10 01:00:00,0.0
2022-08-10 02:00:00,0.0
2022-08-10 03:00:00,0.0
2022-08-10 04:00:00,0.0
2022-08-10 05:00:00,0.0
2022-08-10 06:00:00,0.461
2022-08-10 07:00:00,3.142
2022-08-10 08:00:00,6.491
2022-08-10 09:00:00,9.512
2022-08-10 10:00:00,11.831
2022-08-10 11:00:00,13.008
2022-08-10 12:00:00,13.104
2022-08-10 13:00:00,12.173
2022-08-10 14:00:00,10.309
2022-08-10 15:00:00,7.237
2022-08-10 16:00:00,3.888
2022-08-10 17:00:00,1.573
2022-08-10 18:00:00,0.226
2022-08-10 19:00:00,0.0
2022-08-10 20:00:00,0.0
2022-08-10 21:00:00,0.0
2022-08-10 22:00:00,0.0
2022-08-10 23:00:00,0.0
2022-08-11 00:00:00,0.0
2022-08-11 01:00:00,0.0
2022-08-11 02:00:00,0.0
2022-08-11 03:00:00,0.0
2022-08-11 04:00:00,0.0
2022-08-11 05:00:00,0.0
2022-08-11 06:00:00,0.386
2022-08-11 07:00:00,2.311
2022-08-11 08:00:00,4.86
2022-08-11 09:00:00,7.603
2022-08-11 10:00:00,10.978
2022-08-11 11:00:00,13.332
2022-08-11 12:00:00,13.513
2022-08-11 13:00:00,12.765
2022-08-11 14:00:00,11.476
2022-08-11 15:00:00,9.335
2022-08-11 16:00:00,6.303
2022-08-11 17:00:00,3.154
2022-08-11 18:00:00,0.608
2022-08-11 19:00:00,0.0
2022-08-11 20:00:00,0.0
2022-08-11 21:00:00,0.0
2022-08-11 22:00:00,0.0
2022-08-11 23:00:00,0.0
2022-08-12 00:00:00,0.0
2022-08-12 01:00:00,0.0
2022-08-12 02:00:00,0.0
2022-08-12 03:00:00,0.0
2022-08-12 04:00:00,0.0
2022-08-12 05:00:00,0.0
2022-08-12 06:00:00,0.435
2022-08-12 07:00:00,3.389
2022-08-12 08:00:00,7.014
2022-08-12 09:00:00,10.113
2022-08-12 10:00:00,12.332
2022-08-12 11:00:00,13.657
2022-08-12 12:00:00,14.038
2022-08-12 13:00:00,13.577
2022-08-12 14:00:00,12.284
2022-08-12 15:00:00,10.076
2022-08-12 16:00:00,7.043
2022-08-12 17:00:00,3.316
2022-08-12 18:00:00,0.609
2022-08-12 19:00:00,0.0
2022-08-12 20:00:00,0.0
2022-08-12 21:00:00,0.0
2022-08-12 22:00:00,0.0
2022-08-12 23:00:00,0.0
2022-08-13 00:00:00,0.0
2022-08-13 01:00:00,0.0
2022-08-13 02:00:00,0.0
2022-08-13 03:00:00,0.0
2022-08-13 04:00:00,0.0
2022-08-13 05:00:00,0.0
2022-08-13 06:00:00,0.407
2022-08-13 07:00:00,3.302
2022-08-13 08:00:00,6.968
2022-08-13 09:00:00,10.067
2022-08-13 10:00:00,12.249
2022-08-13 11:00:00,13.548
2022-08-13 12:00:00,14.004
2022-08-13 13:00:00,13.528
2022-08-13 14:00:00,12.18
2022-08-13 15:00:00,9.957
2022-08-13 16:00:00,6.814
2022-08-13 17:00:00,3.206
2022-08-13 18:00:00,0.579
2022-08-13 19:00:00,0.0
2022-08-13 20:00:00,0.0
2022-08-13 21:00:00,0.0
2022-08-13 22:00:00,0.0
2022-08-13 23:00:00,0.0
2022-08-14 00:00:00,0.0
2022-08-14 01:00:00,0.0
2022-08-14 02:00:00,0.0
2022-08-14 03:00:00,0.0
2022-08-14 04:00:00,0.0
2022-08-14 05:00:00,0.0
2022-08-14 06:00:00,0.402
2022-08-14 07:00:00,3.285
2022-08-14 08:00:00,6.849
2022-08-14 09:00:00,9.832
2022-08-14 10:00:00,11.914
2022-08-14 11:00:00,13.127
2022-08-14 12:00:00,13.124
2022-08-14 13:00:00,11.991
2022-08-14 14:00:00,10.613
2022-08-14 15:00:00,8.214
2022-08-14 16:00:00,5.605
2022-08-14 17:00:00,2.862
2022-08-14 18:00:00,0.496
2022-08-14 19:00:00,0.0
2022-08-14 20:00:00,0.0
2022-08-14 21:00:00,0.0
2022-08-14 22:00:00,0.0
2022-08-14 23:00:00,0.0
2022-08-15 00:00:00,0.0
2022-08-15 01:00:00,0.0
2022-08-15 02:00:00,0.0
2022-08-15 03:00:00,0.0
2022-08-15 04:00:00,0.0
2022-08-15 05:00:00,0.0
2022-08-15 06:00:00,0.415
2022-08-15 07:00:00,3.232
2022-08-15 08:00:00,6.648
2022-08-15 09:00:00,9.554
2022-08-15 10:00:00,11.514
2022-08-15 11:00:00,12.523
2022-08-15 12:00:00,12.104
2022-08-15 13:00:00,11.255
2022-08-15 14:00:00,10.053
2022-08-15 15:00:00,8.933
2022-08-15 16:00:00,6.172
2022-08-15 17:00:00,3.005
2022-08-15 18:00:00,0.479
2022-08-15 19:00:00,0.0
2022-08-15 20:00:00,0.0
2022-08-15 21:00:00,0.0
2022-08-15 22:00:00,0.0
2022-08-15 23:00:00,0.0
2022-08-16 00:00:00,0.0
2022-08-16 01:00:00,0.0
2022-08-16 02:00:00,0.0
2022-08-16 03:00:00,0.0
2022-08-16 04:00:00,0.0
2022-08-16 05:00:00,0.0
2022-08-16 06:00:00,0.384
2022-08-16 07:00:00,2.832
2022-08-16 08:00:00,6.062
2022-08-16 09:00:00,8.374
2022-08-16 10:00:00,10.309
2022-08-16 11:00:00,10.804
2022-08-16 12:00:00,10.699
2022-08-16 13:00:00,9.73
2022-08-16 14:00:00,8.151
2022-08-16 15:00:00,5.944
2022-08-16 16:00:00,3.597
2022-08-16 17:00:00,1.672
2022-08-16 18:00:00,0.261
2022-08-16 19:00:00,0.0
2022-08-16 20:00:00,0.0
2022-08-16 21:00:00,0.0
2022-08-16 22:00:00,0.0
2022-08-16 23:00:00,0.0
2022-08-17 00:00:00,0.0
2022-08-17 01:00:00,0.0
2022-08-17 02:00:00,0.0
2022-08-17 03:00:00,0.0
2022-08-17 04:00:00,0.0
2022-08-17 05:00:00,0.0
2022-08-17 06:00:00,0.292
2022-08-17 07:00:00,1.902
2022-08-17 08:00:00,4.17
2022-08-17 09:00:00,6.852
2022-08-17 10:00:00,7.661
2022-08-17 11:00:00,8.48
2022-08-17 12:00:00,8.714
2022-08-17 13:00:00,8.907
2022-08-17 14:00:00,8.423
2022-08-17 15:00:00,7.144
2022-08-17 16:00:00,5.384
2022-08-17 17:00:00,2.688
2022-08-17 18:00:00,0.444
2022-08-17 19:00:00,0.0
2022-08-17 20:00:00,0.0
2022-08-17 21:00:00,0.0
2022-08-17 22:00:00,0.0
2022-08-17 23:00:00,0.0
2022-08-18 00:00:00,0.0
2022-08-18 01:00:00,0.0
2022-08-18 02:00:00,0.0
2022-08-18 03:00:00,0.0
2022-08-18 04:00:00,0.0
2022-08-18 05:00:00,0.0
2022-08-18 06:00:00,0.341
2022-08-18 07:00:00,2.634
2022-08-18 08:00:00,5.427
2022-08-18 09:00:00,8.114
2022-08-18 10:00:00,10.636
2022-08-18 11:00:00,12.014
2022-08-18 12:00:00,12.588
2022-08-18 13:00:00,11.579
2022-08-18 14:00:00,10.036
2022-08-18 15:00:00,7.922
2022-08-18 16:00:00,5.162
2022-08-18 17:00:00,2.642
2022-08-18 18:00:00,0.473
2022-08-18 19:00:00,0.0
2022-08-18 20:00:00,0.0
2022-08-18 21:00:00,0.0
2022-08-18 22:00:00,0.0
2022-08-18 23:00:00,0.0
2022-08-19 00:00:00,0.0
2022-08-19 01:00:00,0.0
2022-08-19 02:00:00,0.0
2022-08-19 03:00:00,0.0
2022-08-19 04:00:00,0.0
2022-08-19 05:00:00,0.0
2022-08-19 06:00:00,0.366
2022-08-19 07:00:00,3.182
2022-08-19 08:00:00,6.576000000000001
2022-08-19 09:00:00,9.344
2022-08-19 10:00:00,11.071
2022-08-19 11:00:00,12.28
2022-08-19 12:00:00,12.311
2022-08-19 13:00:00,11.483
2022-08-19 14:00:00,11.007
2022-08-19 15:00:00,8.804
2022-08-19 16:00:00,5.812
2022-08-19 17:00:00,2.875
2022-08-19 18:00:00,0.464
2022-08-19 19:00:00,0.0
2022-08-19 20:00:00,0.0
2022-08-19 21:00:00,0.0
2022-08-19 22:00:00,0.0
2022-08-19 23:00:00,0.0
2022-08-20 00:00:00,0.0
2022-08-20 01:00:00,0.0
2022-08-20 02:00:00,0.0
2022-08-20 03:00:00,0.0
2022-08-20 04:00:00,0.0
2022-08-20 05:00:00,0.0
2022-08-20 06:00:00,0.325
2022-08-20 07:00:00,3.306
2022-08-20 08:00:00,6.944
2022-08-20 09:00:00,10.047
2022-08-20 10:00:00,12.211
2022-08-20 11:00:00,13.566
2022-08-20 12:00:00,13.935
2022-08-20 13:00:00,13.464
2022-08-20 14:00:00,11.999
2022-08-20 15:00:00,9.737
2022-08-20 16:00:00,6.327
2022-08-20 17:00:00,2.812
2022-08-20 18:00:00,0.446
2022-08-20 19:00:00,0.0
2022-08-20 20:00:00,0.0
2022-08-20 21:00:00,0.0
2022-08-20 22:00:00,0.0
2022-08-20 23:00:00,0.0
2022-08-21 00:00:00,0.0
2022-08-21 01:00:00,0.0
2022-08-21 02:00:00,0.0
2022-08-21 03:00:00,0.0
2022-08-21 04:00:00,0.0
2022-08-21 05:00:00,0.0
2022-08-21 06:00:00,0.249
2022-08-21 07:00:00,2.408
2022-08-21 08:00:00,5.097
2022-08-21 09:00:00,8.49
2022-08-21 10:00:00,11.937
2022-08-21 11:00:00,13.656
2022-08-21 12:00:00,13.565
2022-08-21 13:00:00,12.639
2022-08-21 14:00:00,10.804
2022-08-21 15:00:00,8.268
2022-08-21 16:00:00,5.181
2022-08-21 17:00:00,2.173
2022-08-21 18:00:00,0.45
2022-08-21 19:00:00,0.0
2022-08-21 20:00:00,0.0
2022-08-21 21:00:00,0.0
2022-08-21 22:00:00,0.0
2022-08-21 23:00:00,0.0
2022-08-22 00:00:00,0.0
2022-08-22 01:00:00,0.0
2022-08-22 02:00:00,0.0
2022-08-22 03:00:00,0.0
2022-08-22 04:00:00,0.0
2022-08-22 05:00:00,0.0
2022-08-22 06:00:00,0.331
2022-08-22 07:00:00,2.79
2022-08-22 08:00:00,6.332
2022-08-22 09:00:00,10.075
2022-08-22 10:00:00,12.399
2022-08-22 11:00:00,13.76
2022-08-22 12:00:00,14.179
2022-08-22 13:00:00,13.597
2022-08-22 14:00:00,12.06
2022-08-22 15:00:00,9.452
2022-08-22 16:00:00,5.633
2022-08-22 17:00:00,2.524
2022-08-22 18:00:00,0.392
2022-08-22 19:00:00,0.0
2022-08-22 20:00:00,0.0
2022-08-22 21:00:00,0.0
2022-08-22 22:00:00,0.0
2022-08-22 23:00:00,0.0
2022-08-23 00:00:00,0.0
2022-08-23 01:00:00,0.0
2022-08-23 02:00:00,0.0
2022-08-23 03:00:00,0.0
2022-08-23 04:00:00,0.0
2022-08-23 05:00:00,0.0
2022-08-23 06:00:00,0.297
2022-08-23 07:00:00,3.165
2022-08-23 08:00:00,6.592
2022-08-23 09:00:00,9.725999999999999
2022-08-23 10:00:00,11.808
2022-08-23 11:00:00,12.785
2022-08-23 12:00:00,12.544
2022-08-23 13:00:00,11.305
2022-08-23 14:00:00,9.36
2022-08-23 15:00:00,6.508
2022-08-23 16:00:00,3.77
2022-08-23 17:00:00,1.426
2022-08-23 18:00:00,0.203
2022-08-23 19:00:00,0.0
2022-08-23 20:00:00,0.0
2022-08-23 21:00:00,0.0
2022-08-23 22:00:00,0.0
2022-08-23 23:00:00,0.0
2022-08-24 00:00:00,0.0
2022-08-24 01:00:00,0.0
2022-08-24 02:00:00,0.0
2022-08-24 03:00:00,0.0
2022-08-24 04:00:00,0.0
2022-08-24 05:00:00,0.0
2022-08-24 06:00:00,0.228
2022-08-24 07:00:00,2.331
2022-08-24 08:00:00,5.825
2022-08-24 09:00:00,9.147
2022-08-24 10:00:00,11.285
2022-08-24 11:00:00,11.464
2022-08-24 12:00:00,10.027
2022-08-24 13:00:00,7.202
2022-08-24 14:00:00,4.914
2022-08-24 15:00:00,3.127
2022-08-24 16:00:00,2.079
2022-08-24 17:00:00,1.052
2022-08-24 18:00:00,0.133
2022-08-24 19:00:00,0.0
2022-08-24 20:00:00,0.0
2022-08-24 21:00:00,0.0
2022-08-24 22:00:00,0.0
2022-08-24 23:00:00,0.0
2022-08-25 00:00:00,0.0
2022-08-25 01:00:00,0.0
2022-08-25 02:00:00,0.0
2022-08-25 03:00:00,0.0
2022-08-25 04:00:00,0.0
2022-08-25 05:00:00,0.0
2022-08-25 06:00:00,0.3
2022-08-25 07:00:00,3.259
2022-08-25 08:00:00,6.92
2022-08-25 09:00:00,10.096
2022-08-25 10:00:00,12.317
2022-08-25 11:00:00,13.558
2022-08-25 12:00:00,13.894
2022-08-25 13:00:00,13.325
2022-08-25 14:00:00,12.041
2022-08-25 15:00:00,9.803
2022-08-25 16:00:00,6.693
2022-08-25 17:00:00,3.116
2022-08-25 18:00:00,0.329
2022-08-25 19:00:00,0.0
2022-08-25 20:00:00,0.0
2022-08-25 21:00:00,0.0
2022-08-25 22:00:00,0.0
2022-08-25 23:00:00,0.0
2022-08-26 00:00:00,0.0
2022-08-26 01:00:00,0.0
2022-08-26 02:00:00,0.0
2022-08-26 03:00:00,0.0
2022-08-26 04:00:00,0.0
2022-08-26 05:00:00,0.0
2022-08-26 06:00:00,0.26
2022-08-26 07:00:00,2.404
2022-08-26 08:00:00,5.074
2022-08-26 09:00:00,7.701000000000001
2022-08-26 10:00:00,10.059
2022-08-26 11:00:00,12.15
2022-08-26 12:00:00,13.071
2022-08-26 13:00:00,12.257
2022-08-26 14:00:00,10.427
2022-08-26 15:00:00,8.248
2022-08-26 16:00:00,5.428
2022-08-26 17:00:00,2.528
2022-08-26 18:00:00,0.321
2022-08-26 19:00:00,0.0
2022-08-26 20:00:00,0.0
2022-08-26 21:00:00,0.0
2022-08-26 22:00:00,0.0
2022-08-26 23:00:00,0.0
2022-08-27 00:00:00,0.0
2022-08-27 01:00:00,0.0
2022-08-27 02:00:00,0.0
2022-08-27 03:00:00,0.0
2022-08-27 04:00:00,0.0
2022-08-27 05:00:00,0.0
2022-08-27 06:00:00,0.266
2022-08-27 07:00:00,2.762
2022-08-27 08:00:00,5.95
2022-08-27 09:00:00,9.017
2022-08-27 10:00:00,11.476
2022-08-27 11:00:00,12.816
2022-08-27 12:00:00,12.803
2022-08-27 13:00:00,12.276
2022-08-27 14:00:00,11.015
2022-08-27 15:00:00,9.074
2022-08-27 16:00:00,6.055
2022-08-27 17:00:00,2.638
2022-08-27 18:00:00,0.268
2022-08-27 19:00:00,0.0
2022-08-27 20:00:00,0.0
2022-08-27 21:00:00,0.0
2022-08-27 22:00:00,0.0
2022-08-27 23:00:00,0.0
2022-08-28 00:00:00,0.0
2022-08-28 01:00:00,0.0
2022-08-28 02:00:00,0.0
2022-08-28 03:00:00,0.0
2022-08-28 04:00:00,0.0
2022-08-28 05:00:00,0.0
2022-08-28 06:00:00,0.256
2022-08-28 07:00:00,3.098
2022-08-28 08:00:00,6.712
2022-08-28 09:00:00,9.683
2022-08-28 10:00:00,11.673
2022-08-28 11:00:00,13.046
2022-08-28 12:00:00,13.16
2022-08-28 13:00:00,12.514
2022-08-28 14:00:00,10.76
2022-08-28 15:00:00,8.463
2022-08-28 16:00:00,4.987
2022-08-28 17:00:00,1.85
2022-08-28 18:00:00,0.21
2022-08-28 19:00:00,0.0
2022-08-28 20:00:00,0.0
2022-08-28 21:00:00,0.0
2022-08-28 22:00:00,0.0
2022-08-28 23:00:00,0.0
2022-08-29 00:00:00,0.0
2022-08-29 01:00:00,0.0
2022-08-29 02:00:00,0.0
2022-08-29 03:00:00,0.0
2022-08-29 04:00:00,0.0
2022-08-29 05:00:00,0.0
2022-08-29 06:00:00,0.203
2022-08-29 07:00:00,2.19
2022-08-29 08:00:00,5.056
2022-08-29 09:00:00,7.536
2022-08-29 10:00:00,8.473
2022-08-29 11:00:00,8.578
2022-08-29 12:00:00,9.342
2022-08-29 13:00:00,8.92
2022-08-29 14:00:00,7.894
2022-08-29 15:00:00,6.105
2022-08-29 16:00:00,4.051
2022-08-29 17:00:00,1.931
2022-08-29 18:00:00,0.216
2022-08-29 19:00:00,0.0
2022-08-29 20:00:00,0.0
2022-08-29 21:00:00,0.0
2022-08-29 22:00:00,0.0
2022-08-29 23:00:00,0.0
2022-08-30 00:00:00,0.0
2022-08-30 01:00:00,0.0
2022-08-30 02:00:00,0.0
2022-08-30 03:00:00,0.0
2022-08-30 04:00:00,0.0
2022-08-30 05:00:00,0.0
2022-08-30 06:00:00,0.241
2022-08-30 07:00:00,2.45
2022-08-30 08:00:00,5.582
2022-08-30 09:00:00,9.37
2022-08-30 10:00:00,11.253
2022-08-30 11:00:00,12.322
2022-08-30 12:00:00,12.018
2022-08-30 13:00:00,11.493
2022-08-30 14:00:00,9.753
2022-08-30 15:00:00,7.852
2022-08-30 16:00:00,5.432
2022-08-30 17:00:00,2.304
2022-08-30 18:00:00,0.213
2022-08-30 19:00:00,0.0
2022-08-30 20:00:00,0.0
2022-08-30 21:00:00,0.0
2022-08-30 22:00:00,0.0
2022-08-30 23:00:00,0.0
2022-08-31 00:00:00,0.0
2022-08-31 01:00:00,0.0
2022-08-31 02:00:00,0.0
2022-08-31 03:00:00,0.0
2022-08-31 04:00:00,0.0
2022-08-31 05:00:00,0.0
2022-08-31 06:00:00,0.144
2022-08-31 07:00:00,1.852
2022-08-31 08:00:00,4.148
2022-08-31 09:00:00,6.289
2022-08-31 10:00:00,8.318
2022-08-31 11:00:00,9.63
2022-08-31 12:00:00,10.495
2022-08-31 13:00:00,10.686
2022-08-31 14:00:00,9.853
2022-08-31 15:00:00,8.044
2022-08-31 16:00:00,5.731
2022-08-31 17:00:00,2.753
2022-08-31 18:00:00,0.265
2022-08-31 19:00:00,0.0
2022-08-31 20:00:00,0.0
2022-08-31 21:00:00,0.0
2022-08-31 22:00:00,0.0
2022-08-31 23:00:00,0.0
2022-09-01 00:00:00,0.0
2022-09-01 01:00:00,0.0
2022-09-01 02:00:00,0.0
2022-09-01 03:00:00,0.0
2022-09-01 04:00:00,0.0
2022-09-01 05:00:00,0.0
2022-09-01 06:00:00,0.102
2022-09-01 07:00:00,1.928
2022-09-01 08:00:00,4.833
2022-09-01 09:00:00,6.754
2022-09-01 10:00:00,8.633
2022-09-01 11:00:00,10.954
2022-09-01 12:00:00,12.639
2022-09-01 13:00:00,13.101
2022-09-01 14:00:00,11.946
2022-09-01 15:00:00,9.556000000000001
2022-09-01 16:00:00,6.421
2022-09-01 17:00:00,2.604
2022-09-01 18:00:00,0.235
2022-09-01 19:00:00,0.0
2022-09-01 20:00:00,0.0
2022-09-01 21:00:00,0.0
2022-09-01 22:00:00,0.0
2022-09-01 23:00:00,0.0
2022-09-02 00:00:00,0.0
2022-09-02 01:00:00,0.0
2022-09-02 02:00:00,0.0
2022-09-02 03:00:00,0.0
2022-09-02 04:00:00,0.0
2022-09-02 05:00:00,0.0
2022-09-02 06:00:00,0.17
2022-09-02 07:00:00,2.139
2022-09-02 08:00:00,4.699
2022-09-02 09:00:00,6.777
2022-09-02 10:00:00,10.221
2022-09-02 11:00:00,12.591
2022-09-02 12:00:00,13.497
2022-09-02 13:00:00,13.23
2022-09-02 14:00:00,11.427
2022-09-02 15:00:00,8.458
2022-09-02 16:00:00,5.519
2022-09-02 17:00:00,2.516
2022-09-02 18:00:00,0.205
2022-09-02 19:00:00,0.0
2022-09-02 20:00:00,0.0
2022-09-02 21:00:00,0.0
2022-09-02 22:00:00,0.0
2022-09-02 23:00:00,0.0
2022-09-03 00:00:00,0.0
2022-09-03 01:00:00,0.0
2022-09-03 02:00:00,0.0
2022-09-03 03:00:00,0.0
2022-09-03 04:00:00,0.0
2022-09-03 05:00:00,0.0
2022-09-03 06:00:00,0.21
2022-09-03 07:00:00,3.014
2022-09-03 08:00:00,6.941
2022-09-03 09:00:00,10.103
2022-09-03 10:00:00,12.264
2022-09-03 11:00:00,13.522
2022-09-03 12:00:00,13.844
2022-09-03 13:00:00,13.339
2022-09-03 14:00:00,12.216
2022-09-03 15:00:00,10.046
2022-09-03 16:00:00,6.921
2022-09-03 17:00:00,3.186
2022-09-03 18:00:00,0.236
2022-09-03 19:00:00,0.0
2022-09-03 20:00:00,0.0
2022-09-03 21:00:00,0.0
2022-09-03 22:00:00,0.0
2022-09-03 23:00:00,0.0
2022-09-04 00:00:00,0.0
2022-09-04 01:00:00,0.0
2022-09-04 02:00:00,0.0
2022-09-04 03:00:00,0.0
2022-09-04 04:00:00,0.0
2022-09-04 05:00:00,0.0
2022-09-04 06:00:00,0.189
2022-09-04 07:00:00,2.939
2022-09-04 08:00:00,6.613
2022-09-04 09:00:00,9.708
2022-09-04 10:00:00,11.807
2022-09-04 11:00:00,13.136
2022-09-04 12:00:00,12.635
2022-09-04 13:00:00,11.421
2022-09-04 14:00:00,9.87
2022-09-04 15:00:00,7.571
2022-09-04 16:00:00,4.654
2022-09-04 17:00:00,1.984
2022-09-04 18:00:00,0.17
2022-09-04 19:00:00,0.0
2022-09-04 20:00:00,0.0
2022-09-04 21:00:00,0.0
2022-09-04 22:00:00,0.0
2022-09-04 23:00:00,0.0
2022-09-05 00:00:00,0.0
2022-09-05 01:00:00,0.0
2022-09-05 02:00:00,0.0
2022-09-05 03:00:00,0.0
2022-09-05 04:00:00,0.0
2022-09-05 05:00:00,0.0
2022-09-05 06:00:00,0.194
2022-09-05 07:00:00,3.003
2022-09-05 08:00:00,6.752
2022-09-05 09:00:00,10.006
2022-09-05 10:00:00,12.329
2022-09-05 11:00:00,13.777
2022-09-05 12:00:00,14.077
2022-09-05 13:00:00,13.602
2022-09-05 14:00:00,12.289
2022-09-05 15:00:00,9.963
2022-09-05 16:00:00,6.721
2022-09-05 17:00:00,3.117
2022-09-05 18:00:00,0.217
2022-09-05 19:00:00,0.0
2022-09-05 20:00:00,0.0
2022-09-05 21:00:00,0.0
2022-09-05 22:00:00,0.0
2022-09-05 23:00:00,0.0
2022-09-06 00:00:00,0.0
2022-09-06 01:00:00,0.0
2022-09-06 02:00:00,0.0
2022-09-06 03:00:00,0.0
2022-09-06 04:00:00,0.0
2022-09-06 05:00:00,0.0
2022-09-06 06:00:00,0.173
2022-09-06 07:00:00,2.963
2022-09-06 08:00:00,6.795
2022-09-06 09:00:00,10.086
2022-09-06 10:00:00,12.477
2022-09-06 11:00:00,13.921
2022-09-06 12:00:00,14.329
2022-09-06 13:00:00,13.821
2022-09-06 14:00:00,12.395
2022-09-06 15:00:00,9.905
2022-09-06 16:00:00,6.374
2022-09-06 17:00:00,2.719
2022-09-06 18:00:00,0.205
2022-09-06 19:00:00,0.0
2022-09-06 20:00:00,0.0
2022-09-06 21:00:00,0.0
2022-09-06 22:00:00,0.0
2022-09-06 23:00:00,0.0
2022-09-07 00:00:00,0.0
2022-09-07 01:00:00,0.0
2022-09-07 02:00:00,0.0
2022-09-07 03:00:00,0.0
2022-09-07 04:00:00,0.0
2022-09-07 05:00:00,0.0
2022-09-07 06:00:00,0.112
2022-09-07 07:00:00,2.214
2022-09-07 08:00:00,5.424
2022-09-07 09:00:00,8.850999999999999
2022-09-07 10:00:00,11.301
2022-09-07 11:00:00,12.905
2022-09-07 12:00:00,13.448
2022-09-07 13:00:00,12.671
2022-09-07 14:00:00,10.828
2022-09-07 15:00:00,7.701000000000001
2022-09-07 16:00:00,4.606
2022-09-07 17:00:00,1.987
2022-09-07 18:00:00,0.127
2022-09-07 19:00:00,0.0
2022-09-07 20:00:00,0.0
2022-09-07 21:00:00,0.0
2022-09-07 22:00:00,0.0
2022-09-07 23:00:00,0.0
2022-09-08 00:00:00,0.0
2022-09-08 01:00:00,0.0
2022-09-08 02:00:00,0.0
2022-09-08 03:00:00,0.0
2022-09-08 04:00:00,0.0
2022-09-08 05:00:00,0.0
2022-09-08 06:00:00,0.109
2022-09-08 07:00:00,1.905
2022-09-08 08:00:00,4.935
2022-09-08 09:00:00,7.719
2022-09-08 10:00:00,10.042
2022-09-08 11:00:00,11.181
2022-09-08 12:00:00,11.456
2022-09-08 13:00:00,10.677
2022-09-08 14:00:00,8.029
2022-09-08 15:00:00,6.195
2022-09-08 16:00:00,4.02
2022-09-08 17:00:00,1.946
2022-09-08 18:00:00,0.134
2022-09-08 19:00:00,0.0
2022-09-08 20:00:00,0.0
2022-09-08 21:00:00,0.0
2022-09-08 22:00:00,0.0
2022-09-08 23:00:00,0.0
2022-09-09 00:00:00,0.0
2022-09-09 01:00:00,0.0
2022-09-09 02:00:00,0.0
2022-09-09 03:00:00,0.0
2022-09-09 04:00:00,0.0
2022-09-09 05:00:00,0.0
2022-09-09 06:00:00,0.128
2022-09-09 07:00:00,2.22
2022-09-09 08:00:00,5.692
2022-09-09 09:00:00,8.972
2022-09-09 10:00:00,11.424
2022-09-09 11:00:00,13.125
2022-09-09 12:00:00,13.657
2022-09-09 13:00:00,13.045
2022-09-09 14:00:00,11.353
2022-09-09 15:00:00,8.324
2022-09-09 16:00:00,5.143
2022-09-09 17:00:00,1.949
2022-09-09 18:00:00,0.105
2022-09-09 19:00:00,0.0
2022-09-09 20:00:00,0.0
2022-09-09 21:00:00,0.0
2022-09-09 22:00:00,0.0
2022-09-09 23:00:00,0.0
2022-09-10 00:00:00,0.0
2022-09-10 01:00:00,0.0
2022-09-10 02:00:00,0.0
2022-09-10 03:00:00,0.0
2022-09-10 04:00:00,0.0
2022-09-10 05:00:00,0.0
2022-09-10 06:00:00,0.134
2022-09-10 07:00:00,2.343
2022-09-10 08:00:00,5.577
2022-09-10 09:00:00,8.863
2022-09-10 10:00:00,11.296
2022-09-10 11:00:00,12.884
2022-09-10 12:00:00,12.989
2022-09-10 13:00:00,11.442
2022-09-10 14:00:00,8.579
2022-09-10 15:00:00,5.551
2022-09-10 16:00:00,3.159
2022-09-10 17:00:00,1.27
2022-09-10 18:00:00,0.09
2022-09-10 19:00:00,0.0
2022-09-10 20:00:00,0.0
2022-09-10 21:00:00,0.0
2022-09-10 22:00:00,0.0
2022-09-10 23:00:00,0.0
2022-09-11 00:00:00,0.0
2022-09-11 01:00:00,0.0
2022-09-11 02:00:00,0.0
2022-09-11 03:00:00,0.0
2022-09-11 04:00:00,0.0
2022-09-11 05:00:00,0.0
2022-09-11 06:00:00,0.015
2022-09-11 07:00:00,1.058
2022-09-11 08:00:00,4.308
2022-09-11 09:00:00,7.006
2022-09-11 10:00:00,7.526
2022-09-11 11:00:00,9.628
2022-09-11 12:00:00,8.76
2022-09-11 13:00:00,6.945
2022-09-11 14:00:00,5.548
2022-09-11 15:00:00,4.565
2022-09-11 16:00:00,3.188
2022-09-11 17:00:00,1.38
2022-09-11 18:00:00,0.077
2022-09-11 19:00:00,0.0
2022-09-11 20:00:00,0.0
2022-09-11 21:00:00,0.0
2022-09-11 22:00:00,0.0
2022-09-11 23:00:00,0.0
2022-09-12 00:00:00,0.0
2022-09-12 01:00:00,0.0
2022-09-12 02:00:00,0.0
2022-09-12 03:00:00,0.0
2022-09-12 04:00:00,0.0
2022-09-12 05:00:00,0.0
2022-09-12 06:00:00,0.121
2022-09-12 07:00:00,2.282
2022-09-12 08:00:00,5.848
2022-09-12 09:00:00,8.921
2022-09-12 10:00:00,10.899
2022-09-12 11:00:00,11.831
2022-09-12 12:00:00,12.203
2022-09-12 13:00:00,11.639
2022-09-12 14:00:00,10.32
2022-09-12 15:00:00,8.618
2022-09-12 16:00:00,5.863
2022-09-12 17:00:00,2.368
2022-09-12 18:00:00,0.122
2022-09-12 19:00:00,0.0
2022-09-12 20:00:00,0.0
2022-09-12 21:00:00,0.0
2022-09-12 22:00:00,0.0
2022-09-12 23:00:00,0.0
2022-09-13 00:00:00,0.0
2022-09-13 01:00:00,0.0
2022-09-13 02:00:00,0.0
2022-09-13 03:00:00,0.0
2022-09-13 04:00:00,0.0
2022-09-13 05:00:00,0.0
2022-09-13 06:00:00,0.111
2022-09-13 07:00:00,2.557
2022-09-13 08:00:00,6.285
2022-09-13 09:00:00,9.551
2022-09-13 10:00:00,11.764
2022-09-13 11:00:00,13.297
2022-09-13 12:00:00,13.808
2022-09-13 13:00:00,13.355
2022-09-13 14:00:00,11.794
2022-09-13 15:00:00,9.397
2022-09-13 16:00:00,6.213
2022-09-13 17:00:00,2.558
2022-09-13 18:00:00,0.133
2022-09-13 19:00:00,0.0
2022-09-13 20:00:00,0.0
2022-09-13 21:00:00,0.0
2022-09-13 22:00:00,0.0
2022-09-13 23:00:00,0.0
2022-09-14 00:00:00,0.0
2022-09-14 01:00:00,0.0
2022-09-14 02:00:00,0.0
2022-09-14 03:00:00,0.0
2022-09-14 04:00:00,0.0
2022-09-14 05:00:00,0.0
2022-09-14 06:00:00,0.12
2022-09-14 07:00:00,2.822
2022-09-14 08:00:00,6.7
2022-09-14 09:00:00,10.022
2022-09-14 10:00:00,12.394
2022-09-14 11:00:00,13.671
2022-09-14 12:00:00,14.076
2022-09-14 13:00:00,13.56
2022-09-14 14:00:00,11.963
2022-09-14 15:00:00,9.588
2022-09-14 16:00:00,6.356
2022-09-14 17:00:00,2.696
2022-09-14 18:00:00,0.132
2022-09-14 19:00:00,0.0
2022-09-14 20:00:00,0.0
2022-09-14 21:00:00,0.0
2022-09-14 22:00:00,0.0
2022-09-14 23:00:00,0.0
2022-09-15 00:00:00,0.0
2022-09-15 01:00:00,0.0
2022-09-15 02:00:00,0.0
2022-09-15 03:00:00,0.0
2022-09-15 04:00:00,0.0
2022-09-15 05:00:00,0.0
2022-09-15 06:00:00,0.102
2022-09-15 07:00:00,2.592
2022-09-15 08:00:00,6.164
2022-09-15 09:00:00,9.092
2022-09-15 10:00:00,11.383
2022-09-15 11:00:00,12.792
2022-09-15 12:00:00,13.259
2022-09-15 13:00:00,12.797
2022-09-15 14:00:00,11.462
2022-09-15 15:00:00,8.405
2022-09-15 16:00:00,5.032
2022-09-15 17:00:00,2.076
2022-09-15 18:00:00,0.107
2022-09-15 19:00:00,0.0
2022-09-15 20:00:00,0.0
2022-09-15 21:00:00,0.0
2022-09-15 22:00:00,0.0
2022-09-15 23:00:00,0.0
2022-09-16 00:00:00,0.0
2022-09-16 01:00:00,0.0
2022-09-16 02:00:00,0.0
2022-09-16 03:00:00,0.0
2022-09-16 04:00:00,0.0
2022-09-16 05:00:00,0.0
2022-09-16 06:00:00,0.084
2022-09-16 07:00:00,2.366
2022-09-16 08:00:00,5.912
2022-09-16 09:00:00,9.162
2022-09-16 10:00:00,11.679
2022-09-16 11:00:00,13.449
2022-09-16 12:00:00,13.785
2022-09-16 13:00:00,13.365
2022-09-16 14:00:00,11.898
2022-09-16 15:00:00,9.452
2022-09-16 16:00:00,5.989
2022-09-16 17:00:00,2.404
2022-09-16 18:00:00,0.103
2022-09-16 19:00:00,0.0
2022-09-16 20:00:00,0.0
2022-09-16 21:00:00,0.0
2022-09-16 22:00:00,0.0
2022-09-16 23:00:00,0.0
2022-09-17 00:00:00,0.0
2022-09-17 01:00:00,0.0
2022-09-17 02:00:00,0.0
2022-09-17 03:00:00,0.0
2022-09-17 04:00:00,0.0
2022-09-17 05:00:00,0.0
2022-09-17 06:00:00,0.063
2022-09-17 07:00:00,2.038
2022-09-17 08:00:00,5.423
2022-09-17 09:00:00,9.21
2022-09-17 10:00:00,11.812
2022-09-17 11:00:00,13.063
2022-09-17 12:00:00,13.456
2022-09-17 13:00:00,12.835
2022-09-17 14:00:00,11.304
2022-09-17 15:00:00,8.604
2022-09-17 16:00:00,5.292
2022-09-17 17:00:00,1.974
2022-09-17 18:00:00,0.076
2022-09-17 19:00:00,0.0
2022-09-17 20:00:00,0.0
2022-09-17 21:00:00,0.0
2022-09-17 22:00:00,0.0
2022-09-17 23:00:00,0.0
2022-09-18 00:00:00,0.0
2022-09-18 01:00:00,0.0
2022-09-18 02:00:00,0.0
2022-09-18 03:00:00,0.0
2022-09-18 04:00:00,0.0
2022-09-18 05:00:00,0.0
2022-09-18 06:00:00,0.069
2022-09-18 07:00:00,2.468
2022-09-18 08:00:00,6.227
2022-09-18 09:00:00,9.484
2022-09-18 10:00:00,11.834
2022-09-18 11:00:00,13.111
2022-09-18 12:00:00,13.434
2022-09-18 13:00:00,12.803
2022-09-18 14:00:00,11.041
2022-09-18 15:00:00,8.431
2022-09-18 16:00:00,5.218
2022-09-18 17:00:00,1.84
2022-09-18 18:00:00,0.063
2022-09-18 19:00:00,0.0
2022-09-18 20:00:00,0.0
2022-09-18 21:00:00,0.0
2022-09-18 22:00:00,0.0
2022-09-18 23:00:00,0.0
2022-09-19 00:00:00,0.0
2022-09-19 01:00:00,0.0
2022-09-19 02:00:00,0.0
2022-09-19 03:00:00,0.0
2022-09-19 04:00:00,0.0
2022-09-19 05:00:00,0.0
2022-09-19 06:00:00,0.054
2022-09-19 07:00:00,2.053
2022-09-19 08:00:00,5.276
2022-09-19 09:00:00,8.039
2022-09-19 10:00:00,9.95
2022-09-19 11:00:00,11.075
2022-09-19 12:00:00,11.779
2022-09-19 13:00:00,11.153
2022-09-19 14:00:00,9.398
2022-09-19 15:00:00,7.229
2022-09-19 16:00:00,4.455
2022-09-19 17:00:00,1.769
2022-09-19 18:00:00,0.075
2022-09-19 19:00:00,0.0
2022-09-19 20:00:00,0.0
2022-09-19 21:00:00,0.0
2022-09-19 22:00:00,0.0
2022-09-19 23:00:00,0.0
2022-09-20 00:00:00,0.0
2022-09-20 01:00:00,0.0
2022-09-20 02:00:00,0.0
2022-09-20 03:00:00,0.0
2022-09-20 04:00:00,0.0
2022-09-20 05:00:00,0.0
2022-09-20 06:00:00,0.066
2022-09-20 07:00:00,2.555
2022-09-20 08:00:00,6.448
2022-09-20 09:00:00,9.808
2022-09-20 10:00:00,12.193
2022-09-20 11:00:00,13.689
2022-09-20 12:00:00,14.055
2022-09-20 13:00:00,13.227
2022-09-20 14:00:00,11.427
2022-09-20 15:00:00,8.269
2022-09-20 16:00:00,4.13
2022-09-20 17:00:00,1.408
2022-09-20 18:00:00,0.025
2022-09-20 19:00:00,0.0
2022-09-20 20:00:00,0.0
2022-09-20 21:00:00,0.0
2022-09-20 22:00:00,0.0
2022-09-20 23:00:00,0.0
2022-09-21 00:00:00,0.0
2022-09-21 01:00:00,0.0
2022-09-21 02:00:00,0.0
2022-09-21 03:00:00,0.0
2022-09-21 04:00:00,0.0
2022-09-21 05:00:00,0.0
2022-09-21 06:00:00,0.062
2022-09-21 07:00:00,2.551
2022-09-21 08:00:00,6.407
2022-09-21 09:00:00,9.429
2022-09-21 10:00:00,11.267
2022-09-21 11:00:00,11.736
2022-09-21 12:00:00,12.774
2022-09-21 13:00:00,12.72
2022-09-21 14:00:00,11.255
2022-09-21 15:00:00,9.053
2022-09-21 16:00:00,5.82
2022-09-21 17:00:00,2.26
2022-09-21 18:00:00,0.067
2022-09-21 19:00:00,0.0
2022-09-21 20:00:00,0.0
2022-09-21 21:00:00,0.0
2022-09-21 22:00:00,0.0
2022-09-21 23:00:00,0.0
2022-09-22 00:00:00,0.0
2022-09-22 01:00:00,0.0
2022-09-22 02:00:00,0.0
2022-09-22 03:00:00,0.0
2022-09-22 04:00:00,0.0
2022-09-22 05:00:00,0.0
2022-09-22 06:00:00,0.028
2022-09-22 07:00:00,1.778
2022-09-22 08:00:00,5.334
2022-09-22 09:00:00,9.019
2022-09-22 10:00:00,11.137
2022-09-22 11:00:00,12.278
2022-09-22 12:00:00,12.62
2022-09-22 13:00:00,12.179
2022-09-22 14:00:00,10.538
2022-09-22 15:00:00,8.221
2022-09-22 16:00:00,5.221
2022-09-22 17:00:00,2.002
2022-09-22 18:00:00,0.051
2022-09-22 19:00:00,0.0
2022-09-22 20:00:00,0.0
2022-09-22 21:00:00,0.0
2022-09-22 22:00:00,0.0
2022-09-22 23:00:00,0.0
2022-09-23 00:00:00,0.0
2022-09-23 01:00:00,0.0
2022-09-23 02:00:00,0.0
2022-09-23 03:00:00,0.0
2022-09-23 04:00:00,0.0
2022-09-23 05:00:00,0.0
2022-09-23 06:00:00,0.018
2022-09-23 07:00:00,1.53
2022-09-23 08:00:00,4.448
2022-09-23 09:00:00,8.262
2022-09-23 10:00:00,11.399
2022-09-23 11:00:00,13.848
2022-09-23 12:00:00,14.392
2022-09-23 13:00:00,13.865
2022-09-23 14:00:00,12.385
2022-09-23 15:00:00,9.88
2022-09-23 16:00:00,6.439
2022-09-23 17:00:00,2.519
2022-09-23 18:00:00,0.061
2022-09-23 19:00:00,0.0
2022-09-23 20:00:00,0.0
2022-09-23 21:00:00,0.0
2022-09-23 22:00:00,0.0
2022-09-23 23:00:00,0.0
2022-09-24 00:00:00,0.0
2022-09-24 01:00:00,0.0
2022-09-24 02:00:00,0.0
2022-09-24 03:00:00,0.0
2022-09-24 04:00:00,0.0
2022-09-24 05:00:00,0.0
2022-09-24 06:00:00,0.036
2022-09-24 07:00:00,2.264
2022-09-24 08:00:00,6.3
2022-09-24 09:00:00,9.821
2022-09-24 10:00:00,12.347
2022-09-24 11:00:00,13.558
2022-09-24 12:00:00,13.945
2022-09-24 13:00:00,13.467
2022-09-24 14:00:00,11.809
2022-09-24 15:00:00,9.345
2022-09-24 16:00:00,5.579
2022-09-24 17:00:00,1.996
2022-09-24 18:00:00,0.038
2022-09-24 19:00:00,0.0
2022-09-24 20:00:00,0.0
2022-09-24 21:00:00,0.0
2022-09-24 22:00:00,0.0
2022-09-24 23:00:00,0.0
2022-09-25 00:00:00,0.0
2022-09-25 01:00:00,0.0
2022-09-25 02:00:00,0.0
2022-09-25 03:00:00,0.0
2022-09-25 04:00:00,0.0
2022-09-25 05:00:00,0.0
2022-09-25 06:00:00,0.026
2022-09-25 07:00:00,1.968
2022-09-25 08:00:00,5.52
2022-09-25 09:00:00,9.049
2022-09-25 10:00:00,12.208
2022-09-25 11:00:00,14.12
2022-09-25 12:00:00,14.535
2022-09-25 13:00:00,13.978
2022-09-25 14:00:00,12.44
2022-09-25 15:00:00,9.913
2022-09-25 16:00:00,6.455
2022-09-25 17:00:00,2.519
2022-09-25 18:00:00,0.051
2022-09-25 19:00:00,0.0
2022-09-25 20:00:00,0.0
2022-09-25 21:00:00,0.0
2022-09-25 22:00:00,0.0
2022-09-25 23:00:00,0.0
2022-09-26 00:00:00,0.0
2022-09-26 01:00:00,0.0
2022-09-26 02:00:00,0.0
2022-09-26 03:00:00,0.0
2022-09-26 04:00:00,0.0
2022-09-26 05:00:00,0.0
2022-09-26 06:00:00,0.031
2022-09-26 07:00:00,2.303
2022-09-26 08:00:00,6.257
2022-09-26 09:00:00,9.744
2022-09-26 10:00:00,12.221
2022-09-26 11:00:00,13.85
2022-09-26 12:00:00,14.254
2022-09-26 13:00:00,13.709
2022-09-26 14:00:00,12.238
2022-09-26 15:00:00,9.759
2022-09-26 16:00:00,6.185
2022-09-26 17:00:00,2.225
2022-09-26 18:00:00,0.04
2022-09-26 19:00:00,0.0
2022-09-26 20:00:00,0.0
2022-09-26 21:00:00,0.0
2022-09-26 22:00:00,0.0
2022-09-26 23:00:00,0.0
2022-09-27 00:00:00,0.0
2022-09-27 01:00:00,0.0
2022-09-27 02:00:00,0.0
2022-09-27 03:00:00,0.0
2022-09-27 04:00:00,0.0
2022-09-27 05:00:00,0.0
2022-09-27 06:00:00,0.029
2022-09-27 07:00:00,2.379
2022-09-27 08:00:00,6.407
2022-09-27 09:00:00,9.909
2022-09-27 10:00:00,12.388
2022-09-27 11:00:00,14.102
2022-09-27 12:00:00,14.492
2022-09-27 13:00:00,13.966
2022-09-27 14:00:00,12.406
2022-09-27 15:00:00,9.772
2022-09-27 16:00:00,6.113
2022-09-27 17:00:00,2.352
2022-09-27 18:00:00,0.041
2022-09-27 19:00:00,0.0
2022-09-27 20:00:00,0.0
2022-09-27 21:00:00,0.0
2022-09-27 22:00:00,0.0
2022-09-27 23:00:00,0.0
2022-09-28 00:00:00,0.0
2022-09-28 01:00:00,0.0
2022-09-28 02:00:00,0.0
2022-09-28 03:00:00,0.0
2022-09-28 04:00:00,0.0
2022-09-28 05:00:00,0.0
2022-09-28 06:00:00,0.025
2022-09-28 07:00:00,2.404
2022-09-28 08:00:00,6.384
2022-09-28 09:00:00,9.85
2022-09-28 10:00:00,12.295
2022-09-28 11:00:00,13.167
2022-09-28 12:00:00,13.372
2022-09-28 13:00:00,12.584
2022-09-28 14:00:00,11.343
2022-09-28 15:00:00,8.505
2022-09-28 16:00:00,5.135
2022-09-28 17:00:00,1.57
2022-09-28 18:00:00,0.019
2022-09-28 19:00:00,0.0
2022-09-28 20:00:00,0.0
2022-09-28 21:00:00,0.0
2022-09-28 22:00:00,0.0
2022-09-28 23:00:00,0.0
2022-09-29 00:00:00,0.0
2022-09-29 01:00:00,0.0
2022-09-29 02:00:00,0.0
2022-09-29 03:00:00,0.0
2022-09-29 04:00:00,0.0
2022-09-29 05:00:00,0.0
2022-09-29 06:00:00,0.0
2022-09-29 07:00:00,1.395
2022-09-29 08:00:00,4.429
2022-09-29 09:00:00,7.695
2022-09-29 10:00:00,10.317
2022-09-29 11:00:00,11.681
2022-09-29 12:00:00,11.607
2022-09-29 13:00:00,11.097
2022-09-29 14:00:00,9.227
2022-09-29 15:00:00,6.102
2022-09-29 16:00:00,3.519
2022-09-29 17:00:00,1.11
2022-09-29 18:00:00,0.005
2022-09-29 19:00:00,0.0
2022-09-29 20:00:00,0.0
2022-09-29 21:00:00,0.0
2022-09-29 22:00:00,0.0
2022-09-29 23:00:00,0.0
2022-09-30 00:00:00,0.0
2022-09-30 01:00:00,0.0
2022-09-30 02:00:00,0.0
2022-09-30 03:00:00,0.0
2022-09-30 04:00:00,0.0
2022-09-30 05:00:00,0.0
2022-09-30 06:00:00,0.0
2022-09-30 07:00:00,1.06
2022-09-30 08:00:00,3.078
2022-09-30 09:00:00,5.506
2022-09-30 10:00:00,7.747
2022-09-30 11:00:00,9.767
2022-09-30 12:00:00,10.615
2022-09-30 13:00:00,9.71
2022-09-30 14:00:00,8.045
2022-09-30 15:00:00,5.657
2022-09-30 16:00:00,3.048
2022-09-30 17:00:00,0.926
2022-09-30 18:00:00,0.0
2022-09-30 19:00:00,0.0
2022-09-30 20:00:00,0.0
2022-09-30 21:00:00,0.0
2022-09-30 22:00:00,0.0
2022-09-30 23:00:00,0.0
2022-10-01 00:00:00,0.0
2022-10-01 01:00:00,0.0
2022-10-01 02:00:00,0.0
2022-10-01 03:00:00,0.0
2022-10-01 04:00:00,0.0
2022-10-01 05:00:00,0.0
2022-10-01 06:00:00,0.0
2022-10-01 07:00:00,1.189
2022-10-01 08:00:00,3.288
2022-10-01 09:00:00,5.369
2022-10-01 10:00:00,7.211
2022-10-01 11:00:00,8.554
2022-10-01 12:00:00,9.266
2022-10-01 13:00:00,9.131
2022-10-01 14:00:00,8.442
2022-10-01 15:00:00,6.909
2022-10-01 16:00:00,4.499
2022-10-01 17:00:00,1.564
2022-10-01 18:00:00,0.011
2022-10-01 19:00:00,0.0
2022-10-01 20:00:00,0.0
2022-10-01 21:00:00,0.0
2022-10-01 22:00:00,0.0
2022-10-01 23:00:00,0.0
2022-10-02 00:00:00,0.0
2022-10-02 01:00:00,0.0
2022-10-02 02:00:00,0.0
2022-10-02 03:00:00,0.0
2022-10-02 04:00:00,0.0
2022-10-02 05:00:00,0.0
2022-10-02 06:00:00,0.008
2022-10-02 07:00:00,2.35
2022-10-02 08:00:00,6.613
2022-10-02 09:00:00,10.134
2022-10-02 10:00:00,12.538
2022-10-02 11:00:00,13.953
2022-10-02 12:00:00,14.134
2022-10-02 13:00:00,13.528
2022-10-02 14:00:00,12.133
2022-10-02 15:00:00,9.66
2022-10-02 16:00:00,5.659
2022-10-02 17:00:00,1.897
2022-10-02 18:00:00,0.017
2022-10-02 19:00:00,0.0
2022-10-02 20:00:00,0.0
2022-10-02 21:00:00,0.0
2022-10-02 22:00:00,0.0
2022-10-02 23:00:00,0.0
2022-10-03 00:00:00,0.0
2022-10-03 01:00:00,0.0
2022-10-03 02:00:00,0.0
2022-10-03 03:00:00,0.0
2022-10-03 04:00:00,0.0
2022-10-03 05:00:00,0.0
2022-10-03 06:00:00,0.009000000000000001
2022-10-03 07:00:00,2.51
2022-10-03 08:00:00,6.709
2022-10-03 09:00:00,10.157
2022-10-03 10:00:00,12.517
2022-10-03 11:00:00,13.793
2022-10-03 12:00:00,14.183
2022-10-03 13:00:00,13.67
2022-10-03 14:00:00,12.263
2022-10-03 15:00:00,9.897
2022-10-03 16:00:00,6.375
2022-10-03 17:00:00,2.519
2022-10-03 18:00:00,0.009000000000000001
2022-10-03 19:00:00,0.0
2022-10-03 20:00:00,0.0
2022-10-03 21:00:00,0.0
2022-10-03 22:00:00,0.0
2022-10-03 23:00:00,0.0
2022-10-04 00:00:00,0.0
2022-10-04 01:00:00,0.0
2022-10-04 02:00:00,0.0
2022-10-04 03:00:00,0.0
2022-10-04 04:00:00,0.0
2022-10-04 05:00:00,0.0
2022-10-04 06:00:00,0.004
2022-10-04 07:00:00,2.441
2022-10-04 08:00:00,6.504
2022-10-04 09:00:00,9.867
2022-10-04 10:00:00,12.232
2022-10-04 11:00:00,13.658
2022-10-04 12:00:00,13.735
2022-10-04 13:00:00,13.116
2022-10-04 14:00:00,11.407
2022-10-04 15:00:00,9.005
2022-10-04 16:00:00,4.77
2022-10-04 17:00:00,1.66
2022-10-04 18:00:00,0.0
2022-10-04 19:00:00,0.0
2022-10-04 20:00:00,0.0
2022-10-04 21:00:00,0.0
2022-10-04 22:00:00,0.0
2022-10-04 23:00:00,0.0
2022-10-05 00:00:00,0.0
2022-10-05 01:00:00,0.0
2022-10-05 02:00:00,0.0
2022-10-05 03:00:00,0.0
2022-10-05 04:00:00,0.0
2022-10-05 05:00:00,0.0
2022-10-05 06:00:00,0.0
2022-10-05 07:00:00,1.111
2022-10-05 08:00:00,3.792
2022-10-05 09:00:00,6.392
2022-10-05 10:00:00,8.529
2022-10-05 11:00:00,10.013
2022-10-05 12:00:00,10.945
2022-10-05 13:00:00,12.274
2022-10-05 14:00:00,11.907
2022-10-05 15:00:00,9.135
2022-10-05 16:00:00,5.523
2022-10-05 17:00:00,1.842
2022-10-05 18:00:00,0.002
2022-10-05 19:00:00,0.0
2022-10-05 20:00:00,0.0
2022-10-05 21:00:00,0.0
2022-10-05 22:00:00,0.0
2022-10-05 23:00:00,0.0
2022-10-06 00:00:00,0.0
2022-10-06 01:00:00,0.0
2022-10-06 02:00:00,0.0
2022-10-06 03:00:00,0.0
2022-10-06 04:00:00,0.0
2022-10-06 05:00:00,0.0
2022-10-06 06:00:00,0.0
2022-10-06 07:00:00,0.89
2022-10-06 08:00:00,3.031
2022-10-06 09:00:00,5.171
2022-10-06 10:00:00,7.258
2022-10-06 11:00:00,9.055
2022-10-06 12:00:00,9.791
2022-10-06 13:00:00,9.733
2022-10-06 14:00:00,8.888
2022-10-06 15:00:00,6.644
2022-10-06 16:00:00,3.699
2022-10-06 17:00:00,1.141
2022-10-06 18:00:00,0.0
2022-10-06 19:00:00,0.0
2022-10-06 20:00:00,0.0
2022-10-06 21:00:00,0.0
2022-10-06 22:00:00,0.0
2022-10-06 23:00:00,0.0
2022-10-07 00:00:00,0.0
2022-10-07 01:00:00,0.0
2022-10-07 02:00:00,0.0
2022-10-07 03:00:00,0.0
2022-10-07 04:00:00,0.0
2022-10-07 05:00:00,0.0
2022-10-07 06:00:00,0.0
2022-10-07 07:00:00,0.399
2022-10-07 08:00:00,1.591
2022-10-07 09:00:00,2.907
2022-10-07 10:00:00,4.099
2022-10-07 11:00:00,5.434
2022-10-07 12:00:00,7.533
2022-10-07 13:00:00,8.444
2022-10-07 14:00:00,8.374
2022-10-07 15:00:00,6.965
2022-10-07 16:00:00,4.446
2022-10-07 17:00:00,1.489
2022-10-07 18:00:00,0.0
2022-10-07 19:00:00,0.0
2022-10-07 20:00:00,0.0
2022-10-07 21:00:00,0.0
2022-10-07 22:00:00,0.0
2022-10-07 23:00:00,0.0
2022-10-08 00:00:00,0.0
2022-10-08 01:00:00,0.0
2022-10-08 02:00:00,0.0
2022-10-08 03:00:00,0.0
2022-10-08 04:00:00,0.0
2022-10-08 05:00:00,0.0
2022-10-08 06:00:00,0.0
2022-10-08 07:00:00,0.802
2022-10-08 08:00:00,2.93
2022-10-08 09:00:00,5.11
2022-10-08 10:00:00,6.883
2022-10-08 11:00:00,9.264
2022-10-08 12:00:00,11.514
2022-10-08 13:00:00,12.058
2022-10-08 14:00:00,11.631
2022-10-08 15:00:00,9.357
2022-10-08 16:00:00,5.564
2022-10-08 17:00:00,1.901
2022-10-08 18:00:00,0.0
2022-10-08 19:00:00,0.0
2022-10-08 20:00:00,0.0
2022-10-08 21:00:00,0.0
2022-10-08 22:00:00,0.0
2022-10-08 23:00:00,0.0
2022-10-09 00:00:00,0.0
2022-10-09 01:00:00,0.0
2022-10-09 02:00:00,0.0
2022-10-09 03:00:00,0.0
2022-10-09 04:00:00,0.0
2022-10-09 05:00:00,0.0
2022-10-09 06:00:00,0.0
2022-10-09 07:00:00,0.837
2022-10-09 08:00:00,2.453
2022-10-09 09:00:00,3.577
2022-10-09 10:00:00,4.255
2022-10-09 11:00:00,4.833
2022-10-09 12:00:00,6.376
2022-10-09 13:00:00,6.58
2022-10-09 14:00:00,6.969
2022-10-09 15:00:00,5.88
2022-10-09 16:00:00,3.171
2022-10-09 17:00:00,0.655
2022-10-09 18:00:00,0.0
2022-10-09 19:00:00,0.0
2022-10-09 20:00:00,0.0
2022-10-09 21:00:00,0.0
2022-10-09 22:00:00,0.0
2022-10-09 23:00:00,0.0
2022-10-10 00:00:00,0.0
2022-10-10 01:00:00,0.0
2022-10-10 02:00:00,0.0
2022-10-10 03:00:00,0.0
2022-10-10 04:00:00,0.0
2022-10-10 05:00:00,0.0
2022-10-10 06:00:00,0.0
2022-10-10 07:00:00,2.411
2022-10-10 08:00:00,7.183
2022-10-10 09:00:00,10.938
2022-10-10 10:00:00,13.008
2022-10-10 11:00:00,14.161
2022-10-10 12:00:00,14.756
2022-10-10 13:00:00,14.259
2022-10-10 14:00:00,12.991
2022-10-10 15:00:00,10.514
2022-10-10 16:00:00,6.852
2022-10-10 17:00:00,2.653
2022-10-10 18:00:00,0.0
2022-10-10 19:00:00,0.0
2022-10-10 20:00:00,0.0
2022-10-10 21:00:00,0.0
2022-10-10 22:00:00,0.0
2022-10-10 23:00:00,0.0
2022-10-11 00:00:00,0.0
2022-10-11 01:00:00,0.0
2022-10-11 02:00:00,0.0
2022-10-11 03:00:00,0.0
2022-10-11 04:00:00,0.0
2022-10-11 05:00:00,0.0
2022-10-11 06:00:00,0.0
2022-10-11 07:00:00,1.951
2022-10-11 08:00:00,6.216
2022-10-11 09:00:00,10.62
2022-10-11 10:00:00,13.659
2022-10-11 11:00:00,15.233
2022-10-11 12:00:00,15.676
2022-10-11 13:00:00,15.129
2022-10-11 14:00:00,13.602
2022-10-11 15:00:00,11.022
2022-10-11 16:00:00,7.374
2022-10-11 17:00:00,2.942
2022-10-11 18:00:00,0.0
2022-10-11 19:00:00,0.0
2022-10-11 20:00:00,0.0
2022-10-11 21:00:00,0.0
2022-10-11 22:00:00,0.0
2022-10-11 23:00:00,0.0
2022-10-12 00:00:00,0.0
2022-10-12 01:00:00,0.0
2022-10-12 02:00:00,0.0
2022-10-12 03:00:00,0.0
2022-10-12 04:00:00,0.0
2022-10-12 05:00:00,0.0
2022-10-12 06:00:00,0.0
2022-10-12 07:00:00,2.584
2022-10-12 08:00:00,7.382
2022-10-12 09:00:00,11.26
2022-10-12 10:00:00,13.892
2022-10-12 11:00:00,15.395
2022-10-12 12:00:00,15.834
2022-10-12 13:00:00,15.276
2022-10-12 14:00:00,13.723
2022-10-12 15:00:00,11.118
2022-10-12 16:00:00,7.431
2022-10-12 17:00:00,2.956
2022-10-12 18:00:00,0.0
2022-10-12 19:00:00,0.0
2022-10-12 20:00:00,0.0
2022-10-12 21:00:00,0.0
2022-10-12 22:00:00,0.0
2022-10-12 23:00:00,0.0
2022-10-13 00:00:00,0.0
2022-10-13 01:00:00,0.0
2022-10-13 02:00:00,0.0
2022-10-13 03:00:00,0.0
2022-10-13 04:00:00,0.0
2022-10-13 05:00:00,0.0
2022-10-13 06:00:00,0.0
2022-10-13 07:00:00,2.386
2022-10-13 08:00:00,7.073
2022-10-13 09:00:00,10.886
2022-10-13 10:00:00,13.459
2022-10-13 11:00:00,14.926
2022-10-13 12:00:00,15.357
2022-10-13 13:00:00,14.804
2022-10-13 14:00:00,13.234
2022-10-13 15:00:00,10.643
2022-10-13 16:00:00,6.998
2022-10-13 17:00:00,2.679
2022-10-13 18:00:00,0.0
2022-10-13 19:00:00,0.0
2022-10-13 20:00:00,0.0
2022-10-13 21:00:00,0.0
2022-10-13 22:00:00,0.0
2022-10-13 23:00:00,0.0
2022-10-14 00:00:00,0.0
2022-10-14 01:00:00,0.0
2022-10-14 02:00:00,0.0
2022-10-14 03:00:00,0.0
2022-10-14 04:00:00,0.0
2022-10-14 05:00:00,0.0
2022-10-14 06:00:00,0.0
2022-10-14 07:00:00,2.19
2022-10-14 08:00:00,6.768
2022-10-14 09:00:00,10.636
2022-10-14 10:00:00,13.298
2022-10-14 11:00:00,14.824
2022-10-14 12:00:00,15.271
2022-10-14 13:00:00,14.732
2022-10-14 14:00:00,13.2
2022-10-14 15:00:00,10.593
2022-10-14 16:00:00,6.901
2022-10-14 17:00:00,2.521
2022-10-14 18:00:00,0.0
2022-10-14 19:00:00,0.0
2022-10-14 20:00:00,0.0
2022-10-14 21:00:00,0.0
2022-10-14 22:00:00,0.0
2022-10-14 23:00:00,0.0
2022-10-15 00:00:00,0.0
2022-10-15 01:00:00,0.0
2022-10-15 02:00:00,0.0
2022-10-15 03:00:00,0.0
2022-10-15 04:00:00,0.0
2022-10-15 05:00:00,0.0
2022-10-15 06:00:00,0.0
2022-10-15 07:00:00,2.152
2022-10-15 08:00:00,6.83
2022-10-15 09:00:00,10.716
2022-10-15 10:00:00,13.374
2022-10-15 11:00:00,14.863
2022-10-15 12:00:00,15.278
2022-10-15 13:00:00,14.7
2022-10-15 14:00:00,13.098
2022-10-15 15:00:00,10.47
2022-10-15 16:00:00,6.759
2022-10-15 17:00:00,2.443
2022-10-15 18:00:00,0.0
2022-10-15 19:00:00,0.0
2022-10-15 20:00:00,0.0
2022-10-15 21:00:00,0.0
2022-10-15 22:00:00,0.0
2022-10-15 23:00:00,0.0
2022-10-16 00:00:00,0.0
2022-10-16 01:00:00,0.0
2022-10-16 02:00:00,0.0
2022-10-16 03:00:00,0.0
2022-10-16 04:00:00,0.0
2022-10-16 05:00:00,0.0
2022-10-16 06:00:00,0.0
2022-10-16 07:00:00,2.093
2022-10-16 08:00:00,6.619
2022-10-16 09:00:00,10.366
2022-10-16 10:00:00,12.936
2022-10-16 11:00:00,14.431
2022-10-16 12:00:00,14.88
2022-10-16 13:00:00,14.326
2022-10-16 14:00:00,12.763
2022-10-16 15:00:00,10.109
2022-10-16 16:00:00,6.381
2022-10-16 17:00:00,2.138
2022-10-16 18:00:00,0.0
2022-10-16 19:00:00,0.0
2022-10-16 20:00:00,0.0
2022-10-16 21:00:00,0.0
2022-10-16 22:00:00,0.0
2022-10-16 23:00:00,0.0
2022-10-17 00:00:00,0.0
2022-10-17 01:00:00,0.0
2022-10-17 02:00:00,0.0
2022-10-17 03:00:00,0.0
2022-10-17 04:00:00,0.0
2022-10-17 05:00:00,0.0
2022-10-17 06:00:00,0.0
2022-10-17 07:00:00,2.012
2022-10-17 08:00:00,6.567
2022-10-17 09:00:00,10.364
2022-10-17 10:00:00,12.976
2022-10-17 11:00:00,14.49
2022-10-17 12:00:00,14.936
2022-10-17 13:00:00,14.383
2022-10-17 14:00:00,12.782
2022-10-17 15:00:00,10.08
2022-10-17 16:00:00,6.426
2022-10-17 17:00:00,2.198
2022-10-17 18:00:00,0.0
2022-10-17 19:00:00,0.0
2022-10-17 20:00:00,0.0
2022-10-17 21:00:00,0.0
2022-10-17 22:00:00,0.0
2022-10-17 23:00:00,0.0
2022-10-18 00:00:00,0.0
2022-10-18 01:00:00,0.0
2022-10-18 02:00:00,0.0
2022-10-18 03:00:00,0.0
2022-10-18 04:00:00,0.0
2022-10-18 05:00:00,0.0
2022-10-18 06:00:00,0.0
2022-10-18 07:00:00,1.581
2022-10-18 08:00:00,5.869
2022-10-18 09:00:00,10.068
2022-10-18 10:00:00,13.047
2022-10-18 11:00:00,14.624
2022-10-18 12:00:00,14.86
2022-10-18 13:00:00,14.093
2022-10-18 14:00:00,12.945
2022-10-18 15:00:00,9.966
2022-10-18 16:00:00,6.106
2022-10-18 17:00:00,2.035
2022-10-18 18:00:00,0.0
2022-10-18 19:00:00,0.0
2022-10-18 20:00:00,0.0
2022-10-18 21:00:00,0.0
2022-10-18 22:00:00,0.0
2022-10-18 23:00:00,0.0
2022-10-19 00:00:00,0.0
2022-10-19 01:00:00,0.0
2022-10-19 02:00:00,0.0
2022-10-19 03:00:00,0.0
2022-10-19 04:00:00,0.0
2022-10-19 05:00:00,0.0
2022-10-19 06:00:00,0.0
2022-10-19 07:00:00,2.366
2022-10-19 08:00:00,7.376
2022-10-19 09:00:00,11.309
2022-10-19 10:00:00,13.92
2022-10-19 11:00:00,15.248
2022-10-19 12:00:00,15.378
2022-10-19 13:00:00,13.787
2022-10-19 14:00:00,11.193
2022-10-19 15:00:00,7.937
2022-10-19 16:00:00,4.504
2022-10-19 17:00:00,1.201
2022-10-19 18:00:00,0.0
2022-10-19 19:00:00,0.0
2022-10-19 20:00:00,0.0
2022-10-19 21:00:00,0.0
2022-10-19 22:00:00,0.0
2022-10-19 23:00:00,0.0
2022-10-20 00:00:00,0.0
2022-10-20 01:00:00,0.0
2022-10-20 02:00:00,0.0
2022-10-20 03:00:00,0.0
2022-10-20 04:00:00,0.0
2022-10-20 05:00:00,0.0
2022-10-20 06:00:00,0.0
2022-10-20 07:00:00,1.163
2022-10-20 08:00:00,3.554
2022-10-20 09:00:00,5.983
2022-10-20 10:00:00,9.134
2022-10-20 11:00:00,11.078
2022-10-20 12:00:00,9.957
2022-10-20 13:00:00,8.342
2022-10-20 14:00:00,6.598
2022-10-20 15:00:00,5.231
2022-10-20 16:00:00,3.815
2022-10-20 17:00:00,1.796
2022-10-20 18:00:00,0.0
2022-10-20 19:00:00,0.0
2022-10-20 20:00:00,0.0
2022-10-20 21:00:00,0.0
2022-10-20 22:00:00,0.0
2022-10-20 23:00:00,0.0
2022-10-21 00:00:00,0.0
2022-10-21 01:00:00,0.0
2022-10-21 02:00:00,0.0
2022-10-21 03:00:00,0.0
2022-10-21 04:00:00,0.0
2022-10-21 05:00:00,0.0
2022-10-21 06:00:00,0.0
2022-10-21 07:00:00,1.682
2022-10-21 08:00:00,6.226
2022-10-21 09:00:00,9.942
2022-10-21 10:00:00,12.161
2022-10-21 11:00:00,13.302
2022-10-21 12:00:00,13.437
2022-10-21 13:00:00,12.737
2022-10-21 14:00:00,11.147
2022-10-21 15:00:00,8.707
2022-10-21 16:00:00,5.366
2022-10-21 17:00:00,1.979
2022-10-21 18:00:00,0.0
2022-10-21 19:00:00,0.0
2022-10-21 20:00:00,0.0
2022-10-21 21:00:00,0.0
2022-10-21 22:00:00,0.0
2022-10-21 23:00:00,0.0
2022-10-22 00:00:00,0.0
2022-10-22 01:00:00,0.0
2022-10-22 02:00:00,0.0
2022-10-22 03:00:00,0.0
2022-10-22 04:00:00,0.0
2022-10-22 05:00:00,0.0
2022-10-22 06:00:00,0.0
2022-10-22 07:00:00,1.586
2022-10-22 08:00:00,5.79
2022-10-22 09:00:00,9.474
2022-10-22 10:00:00,12.044
2022-10-22 11:00:00,13.522
2022-10-22 12:00:00,13.964
2022-10-22 13:00:00,13.451
2022-10-22 14:00:00,12.355
2022-10-22 15:00:00,9.783
2022-10-22 16:00:00,6.16
2022-10-22 17:00:00,2.313
2022-10-22 18:00:00,0.0
2022-10-22 19:00:00,0.0
2022-10-22 20:00:00,0.0
2022-10-22 21:00:00,0.0
2022-10-22 22:00:00,0.0
2022-10-22 23:00:00,0.0
2022-10-23 00:00:00,0.0
2022-10-23 01:00:00,0.0
2022-10-23 02:00:00,0.0
2022-10-23 03:00:00,0.0
2022-10-23 04:00:00,0.0
2022-10-23 05:00:00,0.0
2022-10-23 06:00:00,0.0
2022-10-23 07:00:00,1.42
2022-10-23 08:00:00,5.592
2022-10-23 09:00:00,9.389
2022-10-23 10:00:00,12.044
2022-10-23 11:00:00,13.538
2022-10-23 12:00:00,13.963
2022-10-23 13:00:00,13.384
2022-10-23 14:00:00,11.841
2022-10-23 15:00:00,9.234
2022-10-23 16:00:00,5.653
2022-10-23 17:00:00,1.96
2022-10-23 18:00:00,0.0
2022-10-23 19:00:00,0.0
2022-10-23 20:00:00,0.0
2022-10-23 21:00:00,0.0
2022-10-23 22:00:00,0.0
2022-10-23 23:00:00,0.0
2022-10-24 00:00:00,0.0
2022-10-24 01:00:00,0.0
2022-10-24 02:00:00,0.0
2022-10-24 03:00:00,0.0
2022-10-24 04:00:00,0.0
2022-10-24 05:00:00,0.0
2022-10-24 06:00:00,0.0
2022-10-24 07:00:00,1.581
2022-10-24 08:00:00,5.922
2022-10-24 09:00:00,9.706
2022-10-24 10:00:00,12.37
2022-10-24 11:00:00,13.905
2022-10-24 12:00:00,14.386
2022-10-24 13:00:00,13.848
2022-10-24 14:00:00,12.269
2022-10-24 15:00:00,9.643
2022-10-24 16:00:00,5.961
2022-10-24 17:00:00,2.089
2022-10-24 18:00:00,0.0
2022-10-24 19:00:00,0.0
2022-10-24 20:00:00,0.0
2022-10-24 21:00:00,0.0
2022-10-24 22:00:00,0.0
2022-10-24 23:00:00,0.0
2022-10-25 00:00:00,0.0
2022-10-25 01:00:00,0.0
2022-10-25 02:00:00,0.0
2022-10-25 03:00:00,0.0
2022-10-25 04:00:00,0.0
2022-10-25 05:00:00,0.0
2022-10-25 06:00:00,0.0
2022-10-25 07:00:00,1.637
2022-10-25 08:00:00,6.133
2022-10-25 09:00:00,9.994
2022-10-25 10:00:00,12.569
2022-10-25 11:00:00,14.03
2022-10-25 12:00:00,14.455
2022-10-25 13:00:00,13.896
2022-10-25 14:00:00,12.216
2022-10-25 15:00:00,9.606
2022-10-25 16:00:00,5.92
2022-10-25 17:00:00,2.026
2022-10-25 18:00:00,0.0
2022-10-25 19:00:00,0.0
2022-10-25 20:00:00,0.0
2022-10-25 21:00:00,0.0
2022-10-25 22:00:00,0.0
2022-10-25 23:00:00,0.0
2022-10-26 00:00:00,0.0
2022-10-26 01:00:00,0.0
2022-10-26 02:00:00,0.0
2022-10-26 03:00:00,0.0
2022-10-26 04:00:00,0.0
2022-10-26 05:00:00,0.0
2022-10-26 06:00:00,0.0
2022-10-26 07:00:00,1.293
2022-10-26 08:00:00,5.197
2022-10-26 09:00:00,8.886
2022-10-26 10:00:00,11.537
2022-10-26 11:00:00,13.05
2022-10-26 12:00:00,13.466
2022-10-26 13:00:00,12.806
2022-10-26 14:00:00,10.758
2022-10-26 15:00:00,6.054
2022-10-26 16:00:00,3.333
2022-10-26 17:00:00,0.77
2022-10-26 18:00:00,0.0
2022-10-26 19:00:00,0.0
2022-10-26 20:00:00,0.0
2022-10-26 21:00:00,0.0
2022-10-26 22:00:00,0.0
2022-10-26 23:00:00,0.0
2022-10-27 00:00:00,0.0
2022-10-27 01:00:00,0.0
2022-10-27 02:00:00,0.0
2022-10-27 03:00:00,0.0
2022-10-27 04:00:00,0.0
2022-10-27 05:00:00,0.0
2022-10-27 06:00:00,0.0
2022-10-27 07:00:00,0.76
2022-10-27 08:00:00,3.309
2022-10-27 09:00:00,6.053
2022-10-27 10:00:00,8.367
2022-10-27 11:00:00,11.08
2022-10-27 12:00:00,12.382
2022-10-27 13:00:00,11.855
2022-10-27 14:00:00,9.989
2022-10-27 15:00:00,6.902
2022-10-27 16:00:00,3.382
2022-10-27 17:00:00,0.837
2022-10-27 18:00:00,0.0
2022-10-27 19:00:00,0.0
2022-10-27 20:00:00,0.0
2022-10-27 21:00:00,0.0
2022-10-27 22:00:00,0.0
2022-10-27 23:00:00,0.0
2022-10-28 00:00:00,0.0
2022-10-28 01:00:00,0.0
2022-10-28 02:00:00,0.0
2022-10-28 03:00:00,0.0
2022-10-28 04:00:00,0.0
2022-10-28 05:00:00,0.0
2022-10-28 06:00:00,0.0
2022-10-28 07:00:00,0.547
2022-10-28 08:00:00,2.802
2022-10-28 09:00:00,4.792
2022-10-28 10:00:00,6.368
2022-10-28 11:00:00,6.98
2022-10-28 12:00:00,9.314
2022-10-28 13:00:00,9.975999999999999
2022-10-28 14:00:00,9.931000000000001
2022-10-28 15:00:00,8.063
2022-10-28 16:00:00,4.454
2022-10-28 17:00:00,1.115
2022-10-28 18:00:00,0.0
2022-10-28 19:00:00,0.0
2022-10-28 20:00:00,0.0
2022-10-28 21:00:00,0.0
2022-10-28 22:00:00,0.0
2022-10-28 23:00:00,0.0
2022-10-29 00:00:00,0.0
2022-10-29 01:00:00,0.0
2022-10-29 02:00:00,0.0
2022-10-29 03:00:00,0.0
2022-10-29 04:00:00,0.0
2022-10-29 05:00:00,0.0
2022-10-29 06:00:00,0.0
2022-10-29 07:00:00,0.733
2022-10-29 08:00:00,3.124
2022-10-29 09:00:00,5.129
2022-10-29 10:00:00,6.377
2022-10-29 11:00:00,7.504
2022-10-29 12:00:00,8.843
2022-10-29 13:00:00,8.906
2022-10-29 14:00:00,7.895
2022-10-29 15:00:00,5.84
2022-10-29 16:00:00,3.42
2022-10-29 17:00:00,0.885
2022-10-29 18:00:00,0.0
2022-10-29 19:00:00,0.0
2022-10-29 20:00:00,0.0
2022-10-29 21:00:00,0.0
2022-10-29 22:00:00,0.0
2022-10-29 23:00:00,0.0
2022-10-30 00:00:00,0.0
2022-10-30 01:00:00,0.0
2022-10-30 02:00:00,0.0
2022-10-30 03:00:00,0.0
2022-10-30 04:00:00,0.0
2022-10-30 05:00:00,0.0
2022-10-30 06:00:00,0.0
2022-10-30 07:00:00,0.794
2022-10-30 08:00:00,3.508
2022-10-30 09:00:00,5.687
2022-10-30 10:00:00,7.483
2022-10-30 11:00:00,8.833
2022-10-30 12:00:00,10.966
2022-10-30 13:00:00,11.037
2022-10-30 14:00:00,11.075
2022-10-30 15:00:00,8.615
2022-10-30 16:00:00,5.383
2022-10-30 17:00:00,1.498
2022-10-30 18:00:00,0.0
2022-10-30 19:00:00,0.0
2022-10-30 20:00:00,0.0
2022-10-30 21:00:00,0.0
2022-10-30 22:00:00,0.0
2022-10-30 23:00:00,0.0
2022-10-31 00:00:00,0.0
2022-10-31 01:00:00,0.0
2022-10-31 02:00:00,0.0
2022-10-31 03:00:00,0.0
2022-10-31 04:00:00,0.0
2022-10-31 05:00:00,0.0
2022-10-31 06:00:00,0.0
2022-10-31 07:00:00,1.087
2022-10-31 08:00:00,5.188
2022-10-31 09:00:00,9.22
2022-10-31 10:00:00,12.345
2022-10-31 11:00:00,14.227
2022-10-31 12:00:00,14.856
2022-10-31 13:00:00,14.323
2022-10-31 14:00:00,12.691
2022-10-31 15:00:00,9.952
2022-10-31 16:00:00,6.102
2022-10-31 17:00:00,1.898
2022-10-31 18:00:00,0.0
2022-10-31 19:00:00,0.0
2022-10-31 20:00:00,0.0
2022-10-31 21:00:00,0.0
2022-10-31 22:00:00,0.0
2022-10-31 23:00:00,0.0
2022-11-01 00:00:00,0.0
2022-11-01 01:00:00,0.0
2022-11-01 02:00:00,0.0
2022-11-01 03:00:00,0.0
2022-11-01 04:00:00,0.0
2022-11-01 05:00:00,0.0
2022-11-01 06:00:00,0.0
2022-11-01 07:00:00,1.279
2022-11-01 08:00:00,5.743
2022-11-01 09:00:00,10.153
2022-11-01 10:00:00,13.119
2022-11-01 11:00:00,14.764
2022-11-01 12:00:00,15.214
2022-11-01 13:00:00,14.766
2022-11-01 14:00:00,13.092
2022-11-01 15:00:00,10.495
2022-11-01 16:00:00,6.702
2022-11-01 17:00:00,2.298
2022-11-01 18:00:00,0.0
2022-11-01 19:00:00,0.0
2022-11-01 20:00:00,0.0
2022-11-01 21:00:00,0.0
2022-11-01 22:00:00,0.0
2022-11-01 23:00:00,0.0
2022-11-02 00:00:00,0.0
2022-11-02 01:00:00,0.0
2022-11-02 02:00:00,0.0
2022-11-02 03:00:00,0.0
2022-11-02 04:00:00,0.0
2022-11-02 05:00:00,0.0
2022-11-02 06:00:00,0.0
2022-11-02 07:00:00,1.211
2022-11-02 08:00:00,6.342
2022-11-02 09:00:00,10.675
2022-11-02 10:00:00,13.44
2022-11-02 11:00:00,14.973
2022-11-02 12:00:00,15.389
2022-11-02 13:00:00,14.784
2022-11-02 14:00:00,13.109
2022-11-02 15:00:00,10.302
2022-11-02 16:00:00,6.478
2022-11-02 17:00:00,2.13
2022-11-02 18:00:00,0.0
2022-11-02 19:00:00,0.0
2022-11-02 20:00:00,0.0
2022-11-02 21:00:00,0.0
2022-11-02 22:00:00,0.0
2022-11-02 23:00:00,0.0
2022-11-03 00:00:00,0.0
2022-11-03 01:00:00,0.0
2022-11-03 02:00:00,0.0
2022-11-03 03:00:00,0.0
2022-11-03 04:00:00,0.0
2022-11-03 05:00:00,0.0
2022-11-03 06:00:00,0.0
2022-11-03 07:00:00,0.322
2022-11-03 08:00:00,1.906
2022-11-03 09:00:00,3.592
2022-11-03 10:00:00,5.016
2022-11-03 11:00:00,6.236
2022-11-03 12:00:00,6.785
2022-11-03 13:00:00,6.657
2022-11-03 14:00:00,5.567
2022-11-03 15:00:00,4.141
2022-11-03 16:00:00,2.28
2022-11-03 17:00:00,0.466
2022-11-03 18:00:00,0.0
2022-11-03 19:00:00,0.0
2022-11-03 20:00:00,0.0
2022-11-03 21:00:00,0.0
2022-11-03 22:00:00,0.0
2022-11-03 23:00:00,0.0
2022-11-04 00:00:00,0.0
2022-11-04 01:00:00,0.0
2022-11-04 02:00:00,0.0
2022-11-04 03:00:00,0.0
2022-11-04 04:00:00,0.0
2022-11-04 05:00:00,0.0
2022-11-04 06:00:00,0.0
2022-11-04 07:00:00,0.244
2022-11-04 08:00:00,1.389
2022-11-04 09:00:00,2.72
2022-11-04 10:00:00,3.86
2022-11-04 11:00:00,4.781
2022-11-04 12:00:00,5.114
2022-11-04 13:00:00,4.995
2022-11-04 14:00:00,4.399
2022-11-04 15:00:00,3.162
2022-11-04 16:00:00,1.691
2022-11-04 17:00:00,0.319
2022-11-04 18:00:00,0.0
2022-11-04 19:00:00,0.0
2022-11-04 20:00:00,0.0
2022-11-04 21:00:00,0.0
2022-11-04 22:00:00,0.0
2022-11-04 23:00:00,0.0
2022-11-05 00:00:00,0.0
2022-11-05 01:00:00,0.0
2022-11-05 02:00:00,0.0
2022-11-05 03:00:00,0.0
2022-11-05 04:00:00,0.0
2022-11-05 05:00:00,0.0
2022-11-05 06:00:00,0.0
2022-11-05 07:00:00,0.388
2022-11-05 08:00:00,2.391
2022-11-05 09:00:00,4.552
2022-11-05 10:00:00,7.408
2022-11-05 11:00:00,8.865
2022-11-05 12:00:00,9.224
2022-11-05 13:00:00,8.612
2022-11-05 14:00:00,7.75
2022-11-05 15:00:00,5.609
2022-11-05 16:00:00,2.93
2022-11-05 17:00:00,0.629
2022-11-05 18:00:00,0.0
2022-11-05 19:00:00,0.0
2022-11-05 20:00:00,0.0
2022-11-05 21:00:00,0.0
2022-11-05 22:00:00,0.0
2022-11-05 23:00:00,0.0
2022-11-06 00:00:00,0.0
2022-11-06 01:00:00,0.0
2022-11-06 02:00:00,0.0
2022-11-06 03:00:00,0.0
2022-11-06 04:00:00,0.0
2022-11-06 05:00:00,0.0
2022-11-06 06:00:00,0.0
2022-11-06 07:00:00,0.208
2022-11-06 08:00:00,1.63
2022-11-06 09:00:00,4.08
2022-11-06 10:00:00,6.843
2022-11-06 11:00:00,8.495
2022-11-06 12:00:00,8.831
2022-11-06 13:00:00,8.608
2022-11-06 14:00:00,8.151
2022-11-06 15:00:00,5.755
2022-11-06 16:00:00,4.021
2022-11-06 17:00:00,1.017
2022-11-06 18:00:00,0.0
2022-11-06 19:00:00,0.0
2022-11-06 20:00:00,0.0
2022-11-06 21:00:00,0.0
2022-11-06 22:00:00,0.0
2022-11-06 23:00:00,0.0
2022-11-07 00:00:00,0.0
2022-11-07 01:00:00,0.0
2022-11-07 02:00:00,0.0
2022-11-07 03:00:00,0.0
2022-11-07 04:00:00,0.0
2022-11-07 05:00:00,0.0
2022-11-07 06:00:00,0.0
2022-11-07 07:00:00,0.845
2022-11-07 08:00:00,4.721
2022-11-07 09:00:00,9.43
2022-11-07 10:00:00,11.867
2022-11-07 11:00:00,13.889
2022-11-07 12:00:00,14.441
2022-11-07 13:00:00,13.859
2022-11-07 14:00:00,12.215
2022-11-07 15:00:00,9.338
2022-11-07 16:00:00,5.812
2022-11-07 17:00:00,1.567
2022-11-07 18:00:00,0.0
2022-11-07 19:00:00,0.0
2022-11-07 20:00:00,0.0
2022-11-07 21:00:00,0.0
2022-11-07 22:00:00,0.0
2022-11-07 23:00:00,0.0
2022-11-08 00:00:00,0.0
2022-11-08 01:00:00,0.0
2022-11-08 02:00:00,0.0
2022-11-08 03:00:00,0.0
2022-11-08 04:00:00,0.0
2022-11-08 05:00:00,0.0
2022-11-08 06:00:00,0.0
2022-11-08 07:00:00,1.09
2022-11-08 08:00:00,5.313
2022-11-08 09:00:00,9.772
2022-11-08 10:00:00,12.441
2022-11-08 11:00:00,14.063
2022-11-08 12:00:00,14.319
2022-11-08 13:00:00,12.802
2022-11-08 14:00:00,10.061
2022-11-08 15:00:00,6.993
2022-11-08 16:00:00,3.628
2022-11-08 17:00:00,0.761
2022-11-08 18:00:00,0.0
2022-11-08 19:00:00,0.0
2022-11-08 20:00:00,0.0
2022-11-08 21:00:00,0.0
2022-11-08 22:00:00,0.0
2022-11-08 23:00:00,0.0
2022-11-09 00:00:00,0.0
2022-11-09 01:00:00,0.0
2022-11-09 02:00:00,0.0
2022-11-09 03:00:00,0.0
2022-11-09 04:00:00,0.0
2022-11-09 05:00:00,0.0
2022-11-09 06:00:00,0.0
2022-11-09 07:00:00,0.802
2022-11-09 08:00:00,4.629
2022-11-09 09:00:00,8.785
2022-11-09 10:00:00,11.615
2022-11-09 11:00:00,13.051
2022-11-09 12:00:00,12.521
2022-11-09 13:00:00,11.718
2022-11-09 14:00:00,10.719
2022-11-09 15:00:00,7.984
2022-11-09 16:00:00,4.173
2022-11-09 17:00:00,0.9
2022-11-09 18:00:00,0.0
2022-11-09 19:00:00,0.0
2022-11-09 20:00:00,0.0
2022-11-09 21:00:00,0.0
2022-11-09 22:00:00,0.0
2022-11-09 23:00:00,0.0
2022-11-10 00:00:00,0.0
2022-11-10 01:00:00,0.0
2022-11-10 02:00:00,0.0
2022-11-10 03:00:00,0.0
2022-11-10 04:00:00,0.0
2022-11-10 05:00:00,0.0
2022-11-10 06:00:00,0.0
2022-11-10 07:00:00,0.709
2022-11-10 08:00:00,3.726
2022-11-10 09:00:00,7.65
2022-11-10 10:00:00,11.417
2022-11-10 11:00:00,13.498
2022-11-10 12:00:00,13.542
2022-11-10 13:00:00,12.012
2022-11-10 14:00:00,10.329
2022-11-10 15:00:00,5.579
2022-11-10 16:00:00,3.381
2022-11-10 17:00:00,0.793
2022-11-10 18:00:00,0.0
2022-11-10 19:00:00,0.0
2022-11-10 20:00:00,0.0
2022-11-10 21:00:00,0.0
2022-11-10 22:00:00,0.0
2022-11-10 23:00:00,0.0
2022-11-11 00:00:00,0.0
2022-11-11 01:00:00,0.0
2022-11-11 02:00:00,0.0
2022-11-11 03:00:00,0.0
2022-11-11 04:00:00,0.0
2022-11-11 05:00:00,0.0
2022-11-11 06:00:00,0.0
2022-11-11 07:00:00,0.6940000000000001
2022-11-11 08:00:00,3.84
2022-11-11 09:00:00,8.161
2022-11-11 10:00:00,9.897
2022-11-11 11:00:00,12.631
2022-11-11 12:00:00,13.088
2022-11-11 13:00:00,11.794
2022-11-11 14:00:00,9.86
2022-11-11 15:00:00,7.845
2022-11-11 16:00:00,4.925
2022-11-11 17:00:00,1.08
2022-11-11 18:00:00,0.0
2022-11-11 19:00:00,0.0
2022-11-11 20:00:00,0.0
2022-11-11 21:00:00,0.0
2022-11-11 22:00:00,0.0
2022-11-11 23:00:00,0.0
2022-11-12 00:00:00,0.0
2022-11-12 01:00:00,0.0
2022-11-12 02:00:00,0.0
2022-11-12 03:00:00,0.0
2022-11-12 04:00:00,0.0
2022-11-12 05:00:00,0.0
2022-11-12 06:00:00,0.0
2022-11-12 07:00:00,1.045
2022-11-12 08:00:00,5.605
2022-11-12 09:00:00,9.616
2022-11-12 10:00:00,12.206
2022-11-12 11:00:00,13.956
2022-11-12 12:00:00,14.518
2022-11-12 13:00:00,14.03
2022-11-12 14:00:00,12.614
2022-11-12 15:00:00,10.085
2022-11-12 16:00:00,6.442
2022-11-12 17:00:00,1.727
2022-11-12 18:00:00,0.0
2022-11-12 19:00:00,0.0
2022-11-12 20:00:00,0.0
2022-11-12 21:00:00,0.0
2022-11-12 22:00:00,0.0
2022-11-12 23:00:00,0.0
2022-11-13 00:00:00,0.0
2022-11-13 01:00:00,0.0
2022-11-13 02:00:00,0.0
2022-11-13 03:00:00,0.0
2022-11-13 04:00:00,0.0
2022-11-13 05:00:00,0.0
2022-11-13 06:00:00,0.0
2022-11-13 07:00:00,0.8230000000000001
2022-11-13 08:00:00,4.364
2022-11-13 09:00:00,7.191
2022-11-13 10:00:00,9.496
2022-11-13 11:00:00,11.164
2022-11-13 12:00:00,13.733
2022-11-13 13:00:00,13.379
2022-11-13 14:00:00,12.094
2022-11-13 15:00:00,9.311
2022-11-13 16:00:00,5.329
2022-11-13 17:00:00,1.016
2022-11-13 18:00:00,0.0
2022-11-13 19:00:00,0.0
2022-11-13 20:00:00,0.0
2022-11-13 21:00:00,0.0
2022-11-13 22:00:00,0.0
2022-11-13 23:00:00,0.0
2022-11-14 00:00:00,0.0
2022-11-14 01:00:00,0.0
2022-11-14 02:00:00,0.0
2022-11-14 03:00:00,0.0
2022-11-14 04:00:00,0.0
2022-11-14 05:00:00,0.0
2022-11-14 06:00:00,0.0
2022-11-14 07:00:00,0.123
2022-11-14 08:00:00,1.082
2022-11-14 09:00:00,2.339
2022-11-14 10:00:00,3.646
2022-11-14 11:00:00,4.615
2022-11-14 12:00:00,5.475
2022-11-14 13:00:00,5.739
2022-11-14 14:00:00,4.95
2022-11-14 15:00:00,3.563
2022-11-14 16:00:00,1.794
2022-11-14 17:00:00,0.259
2022-11-14 18:00:00,0.0
2022-11-14 19:00:00,0.0
2022-11-14 20:00:00,0.0
2022-11-14 21:00:00,0.0
2022-11-14 22:00:00,0.0
2022-11-14 23:00:00,0.0
2022-11-15 00:00:00,0.0
2022-11-15 01:00:00,0.0
2022-11-15 02:00:00,0.0
2022-11-15 03:00:00,0.0
2022-11-15 04:00:00,0.0
2022-11-15 05:00:00,0.0
2022-11-15 06:00:00,0.0
2022-11-15 07:00:00,0.077
2022-11-15 08:00:00,1.079
2022-11-15 09:00:00,2.278
2022-11-15 10:00:00,3.489
2022-11-15 11:00:00,4.322
2022-11-15 12:00:00,5.335
2022-11-15 13:00:00,5.29
2022-11-15 14:00:00,4.697
2022-11-15 15:00:00,3.608
2022-11-15 16:00:00,2.013
2022-11-15 17:00:00,0.332
2022-11-15 18:00:00,0.0
2022-11-15 19:00:00,0.0
2022-11-15 20:00:00,0.0
2022-11-15 21:00:00,0.0
2022-11-15 22:00:00,0.0
2022-11-15 23:00:00,0.0
2022-11-16 00:00:00,0.0
2022-11-16 01:00:00,0.0
2022-11-16 02:00:00,0.0
2022-11-16 03:00:00,0.0
2022-11-16 04:00:00,0.0
2022-11-16 05:00:00,0.0
2022-11-16 06:00:00,0.0
2022-11-16 07:00:00,0.223
2022-11-16 08:00:00,1.967
2022-11-16 09:00:00,4.029
2022-11-16 10:00:00,6.302
2022-11-16 11:00:00,7.758
2022-11-16 12:00:00,8.159
2022-11-16 13:00:00,7.678
2022-11-16 14:00:00,6.745
2022-11-16 15:00:00,5.089
2022-11-16 16:00:00,2.556
2022-11-16 17:00:00,0.413
2022-11-16 18:00:00,0.0
2022-11-16 19:00:00,0.0
2022-11-16 20:00:00,0.0
2022-11-16 21:00:00,0.0
2022-11-16 22:00:00,0.0
2022-11-16 23:00:00,0.0
2022-11-17 00:00:00,0.0
2022-11-17 01:00:00,0.0
2022-11-17 02:00:00,0.0
2022-11-17 03:00:00,0.0
2022-11-17 04:00:00,0.0
2022-11-17 05:00:00,0.0
2022-11-17 06:00:00,0.0
2022-11-17 07:00:00,0.211
2022-11-17 08:00:00,1.569
2022-11-17 09:00:00,2.499
2022-11-17 10:00:00,3.301
2022-11-17 11:00:00,4.324
2022-11-17 12:00:00,5.55
2022-11-17 13:00:00,6.493
2022-11-17 14:00:00,5.951000000000001
2022-11-17 15:00:00,4.516
2022-11-17 16:00:00,2.514
2022-11-17 17:00:00,0.413
2022-11-17 18:00:00,0.0
2022-11-17 19:00:00,0.0
2022-11-17 20:00:00,0.0
2022-11-17 21:00:00,0.0
2022-11-17 22:00:00,0.0
2022-11-17 23:00:00,0.0
2022-11-18 00:00:00,0.0
2022-11-18 01:00:00,0.0
2022-11-18 02:00:00,0.0
2022-11-18 03:00:00,0.0
2022-11-18 04:00:00,0.0
2022-11-18 05:00:00,0.0
2022-11-18 06:00:00,0.0
2022-11-18 07:00:00,0.363
2022-11-18 08:00:00,3.147
2022-11-18 09:00:00,6.79
2022-11-18 10:00:00,9.681000000000001
2022-11-18 11:00:00,10.978
2022-11-18 12:00:00,10.987
2022-11-18 13:00:00,10.174
2022-11-18 14:00:00,8.698
2022-11-18 15:00:00,5.843
2022-11-18 16:00:00,2.569
2022-11-18 17:00:00,0.385
2022-11-18 18:00:00,0.0
2022-11-18 19:00:00,0.0
2022-11-18 20:00:00,0.0
2022-11-18 21:00:00,0.0
2022-11-18 22:00:00,0.0
2022-11-18 23:00:00,0.0
2022-11-19 00:00:00,0.0
2022-11-19 01:00:00,0.0
2022-11-19 02:00:00,0.0
2022-11-19 03:00:00,0.0
2022-11-19 04:00:00,0.0
2022-11-19 05:00:00,0.0
2022-11-19 06:00:00,0.0
2022-11-19 07:00:00,0.161
2022-11-19 08:00:00,1.685
2022-11-19 09:00:00,3.561
2022-11-19 10:00:00,4.683
2022-11-19 11:00:00,4.992
2022-11-19 12:00:00,5.974
2022-11-19 13:00:00,7.249
2022-11-19 14:00:00,7.066
2022-11-19 15:00:00,5.763
2022-11-19 16:00:00,2.966
2022-11-19 17:00:00,0.439
2022-11-19 18:00:00,0.0
2022-11-19 19:00:00,0.0
2022-11-19 20:00:00,0.0
2022-11-19 21:00:00,0.0
2022-11-19 22:00:00,0.0
2022-11-19 23:00:00,0.0
2022-11-20 00:00:00,0.0
2022-11-20 01:00:00,0.0
2022-11-20 02:00:00,0.0
2022-11-20 03:00:00,0.0
2022-11-20 04:00:00,0.0
2022-11-20 05:00:00,0.0
2022-11-20 06:00:00,0.0
2022-11-20 07:00:00,0.404
2022-11-20 08:00:00,3.342
2022-11-20 09:00:00,8.232
2022-11-20 10:00:00,10.816
2022-11-20 11:00:00,12.794
2022-11-20 12:00:00,13.611
2022-11-20 13:00:00,13.218
2022-11-20 14:00:00,11.688
2022-11-20 15:00:00,8.066
2022-11-20 16:00:00,4.615
2022-11-20 17:00:00,0.882
2022-11-20 18:00:00,0.0
2022-11-20 19:00:00,0.0
2022-11-20 20:00:00,0.0
2022-11-20 21:00:00,0.0
2022-11-20 22:00:00,0.0
2022-11-20 23:00:00,0.0
2022-11-21 00:00:00,0.0
2022-11-21 01:00:00,0.0
2022-11-21 02:00:00,0.0
2022-11-21 03:00:00,0.0
2022-11-21 04:00:00,0.0
2022-11-21 05:00:00,0.0
2022-11-21 06:00:00,0.0
2022-11-21 07:00:00,0.463
2022-11-21 08:00:00,3.635
2022-11-21 09:00:00,7.496
2022-11-21 10:00:00,9.368
2022-11-21 11:00:00,9.016
2022-11-21 12:00:00,9.728
2022-11-21 13:00:00,9.983
2022-11-21 14:00:00,9.736
2022-11-21 15:00:00,7.65
2022-11-21 16:00:00,3.772
2022-11-21 17:00:00,0.708
2022-11-21 18:00:00,0.0
2022-11-21 19:00:00,0.0
2022-11-21 20:00:00,0.0
2022-11-21 21:00:00,0.0
2022-11-21 22:00:00,0.0
2022-11-21 23:00:00,0.0
2022-11-22 00:00:00,0.0
2022-11-22 01:00:00,0.0
2022-11-22 02:00:00,0.0
2022-11-22 03:00:00,0.0
2022-11-22 04:00:00,0.0
2022-11-22 05:00:00,0.0
2022-11-22 06:00:00,0.0
2022-11-22 07:00:00,0.041
2022-11-22 08:00:00,0.661
2022-11-22 09:00:00,1.537
2022-11-22 10:00:00,2.378
2022-11-22 11:00:00,3.04
2022-11-22 12:00:00,3.081
2022-11-22 13:00:00,2.952
2022-11-22 14:00:00,2.46
2022-11-22 15:00:00,1.654
2022-11-22 16:00:00,0.6910000000000001
2022-11-22 17:00:00,0.044
2022-11-22 18:00:00,0.0
2022-11-22 19:00:00,0.0
2022-11-22 20:00:00,0.0
2022-11-22 21:00:00,0.0
2022-11-22 22:00:00,0.0
2022-11-22 23:00:00,0.0
2022-11-23 00:00:00,0.0
2022-11-23 01:00:00,0.0
2022-11-23 02:00:00,0.0
2022-11-23 03:00:00,0.0
2022-11-23 04:00:00,0.0
2022-11-23 05:00:00,0.0
2022-11-23 06:00:00,0.0
2022-11-23 07:00:00,0.048
2022-11-23 08:00:00,0.899
2022-11-23 09:00:00,2.206
2022-11-23 10:00:00,3.75
2022-11-23 11:00:00,4.915
2022-11-23 12:00:00,5.364
2022-11-23 13:00:00,5.941
2022-11-23 14:00:00,5.673
2022-11-23 15:00:00,4.07
2022-11-23 16:00:00,2.224
2022-11-23 17:00:00,0.321
2022-11-23 18:00:00,0.0
2022-11-23 19:00:00,0.0
2022-11-23 20:00:00,0.0
2022-11-23 21:00:00,0.0
2022-11-23 22:00:00,0.0
2022-11-23 23:00:00,0.0
2022-11-24 00:00:00,0.0
2022-11-24 01:00:00,0.0
2022-11-24 02:00:00,0.0
2022-11-24 03:00:00,0.0
2022-11-24 04:00:00,0.0
2022-11-24 05:00:00,0.0
2022-11-24 06:00:00,0.0
2022-11-24 07:00:00,0.318
2022-11-24 08:00:00,3.079
2022-11-24 09:00:00,6.771
2022-11-24 10:00:00,8.803
2022-11-24 11:00:00,11.558
2022-11-24 12:00:00,11.996
2022-11-24 13:00:00,11.776
2022-11-24 14:00:00,10.086
2022-11-24 15:00:00,7.63
2022-11-24 16:00:00,4.286
2022-11-24 17:00:00,0.777
2022-11-24 18:00:00,0.0
2022-11-24 19:00:00,0.0
2022-11-24 20:00:00,0.0
2022-11-24 21:00:00,0.0
2022-11-24 22:00:00,0.0
2022-11-24 23:00:00,0.0
2022-11-25 00:00:00,0.0
2022-11-25 01:00:00,0.0
2022-11-25 02:00:00,0.0
2022-11-25 03:00:00,0.0
2022-11-25 04:00:00,0.0
2022-11-25 05:00:00,0.0
2022-11-25 06:00:00,0.0
2022-11-25 07:00:00,0.448
2022-11-25 08:00:00,3.626
2022-11-25 09:00:00,7.984
2022-11-25 10:00:00,11.626
2022-11-25 11:00:00,8.389
2022-11-25 12:00:00,4.505
2022-11-25 13:00:00,3.471
2022-11-25 14:00:00,2.79
2022-11-25 15:00:00,2.651
2022-11-25 16:00:00,2.483
2022-11-25 17:00:00,0.181
2022-11-25 18:00:00,0.0
2022-11-25 19:00:00,0.0
2022-11-25 20:00:00,0.0
2022-11-25 21:00:00,0.0
2022-11-25 22:00:00,0.0
2022-11-25 23:00:00,0.0
2022-11-26 00:00:00,0.0
2022-11-26 01:00:00,0.0
2022-11-26 02:00:00,0.0
2022-11-26 03:00:00,0.0
2022-11-26 04:00:00,0.0
2022-11-26 05:00:00,0.0
2022-11-26 06:00:00,0.0
2022-11-26 07:00:00,0.286
2022-11-26 08:00:00,2.593
2022-11-26 09:00:00,5.094
2022-11-26 10:00:00,6.487
2022-11-26 11:00:00,7.435
2022-11-26 12:00:00,10.195
2022-11-26 13:00:00,11.666
2022-11-26 14:00:00,10.79
2022-11-26 15:00:00,8.386
2022-11-26 16:00:00,4.752
2022-11-26 17:00:00,0.648
2022-11-26 18:00:00,0.0
2022-11-26 19:00:00,0.0
2022-11-26 20:00:00,0.0
2022-11-26 21:00:00,0.0
2022-11-26 22:00:00,0.0
2022-11-26 23:00:00,0.0
2022-11-27 00:00:00,0.0
2022-11-27 01:00:00,0.0
2022-11-27 02:00:00,0.0
2022-11-27 03:00:00,0.0
2022-11-27 04:00:00,0.0
2022-11-27 05:00:00,0.0
2022-11-27 06:00:00,0.0
2022-11-27 07:00:00,0.122
2022-11-27 08:00:00,1.934
2022-11-27 09:00:00,4.175
2022-11-27 10:00:00,6.194
2022-11-27 11:00:00,7.923
2022-11-27 12:00:00,9.185
2022-11-27 13:00:00,9.298
2022-11-27 14:00:00,8.811
2022-11-27 15:00:00,6.622
2022-11-27 16:00:00,3.802
2022-11-27 17:00:00,0.627
2022-11-27 18:00:00,0.0
2022-11-27 19:00:00,0.0
2022-11-27 20:00:00,0.0
2022-11-27 21:00:00,0.0
2022-11-27 22:00:00,0.0
2022-11-27 23:00:00,0.0
2022-11-28 00:00:00,0.0
2022-11-28 01:00:00,0.0
2022-11-28 02:00:00,0.0
2022-11-28 03:00:00,0.0
2022-11-28 04:00:00,0.0
2022-11-28 05:00:00,0.0
2022-11-28 06:00:00,0.0
2022-11-28 07:00:00,0.294
2022-11-28 08:00:00,2.729
2022-11-28 09:00:00,6.081
2022-11-28 10:00:00,8.834
2022-11-28 11:00:00,10.397
2022-11-28 12:00:00,10.985
2022-11-28 13:00:00,10.367
2022-11-28 14:00:00,9.689
2022-11-28 15:00:00,6.388
2022-11-28 16:00:00,3.835
2022-11-28 17:00:00,0.722
2022-11-28 18:00:00,0.0
2022-11-28 19:00:00,0.0
2022-11-28 20:00:00,0.0
2022-11-28 21:00:00,0.0
2022-11-28 22:00:00,0.0
2022-11-28 23:00:00,0.0
2022-11-29 00:00:00,0.0
2022-11-29 01:00:00,0.0
2022-11-29 02:00:00,0.0
2022-11-29 03:00:00,0.0
2022-11-29 04:00:00,0.0
2022-11-29 05:00:00,0.0
2022-11-29 06:00:00,0.0
2022-11-29 07:00:00,0.073
2022-11-29 08:00:00,1.06
2022-11-29 09:00:00,2.344
2022-11-29 10:00:00,3.781
2022-11-29 11:00:00,5.317
2022-11-29 12:00:00,5.617
2022-11-29 13:00:00,5.019
2022-11-29 14:00:00,3.768
2022-11-29 15:00:00,2.159
2022-11-29 16:00:00,0.875
2022-11-29 17:00:00,0.046
2022-11-29 18:00:00,0.0
2022-11-29 19:00:00,0.0
2022-11-29 20:00:00,0.0
2022-11-29 21:00:00,0.0
2022-11-29 22:00:00,0.0
2022-11-29 23:00:00,0.0
2022-11-30 00:00:00,0.0
2022-11-30 01:00:00,0.0
2022-11-30 02:00:00,0.0
2022-11-30 03:00:00,0.0
2022-11-30 04:00:00,0.0
2022-11-30 05:00:00,0.0
2022-11-30 06:00:00,0.0
2022-11-30 07:00:00,0.085
2022-11-30 08:00:00,1.429
2022-11-30 09:00:00,3.076
2022-11-30 10:00:00,4.79
2022-11-30 11:00:00,5.993
2022-11-30 12:00:00,6.204
2022-11-30 13:00:00,5.819
2022-11-30 14:00:00,4.695
2022-11-30 15:00:00,2.839
2022-11-30 16:00:00,1.163
2022-11-30 17:00:00,0.082
2022-11-30 18:00:00,0.0
2022-11-30 19:00:00,0.0
2022-11-30 20:00:00,0.0
2022-11-30 21:00:00,0.0
2022-11-30 22:00:00,0.0
2022-11-30 23:00:00,0.0
2022-12-01 00:00:00,0.0
2022-12-01 01:00:00,0.0
2022-12-01 02:00:00,0.0
2022-12-01 03:00:00,0.0
2022-12-01 04:00:00,0.0
2022-12-01 05:00:00,0.0
2022-12-01 06:00:00,0.0
2022-12-01 07:00:00,0.015
2022-12-01 08:00:00,0.716
2022-12-01 09:00:00,2.058
2022-12-01 10:00:00,4.223
2022-12-01 11:00:00,6.544
2022-12-01 12:00:00,6.391
2022-12-01 13:00:00,5.375
2022-12-01 14:00:00,3.648
2022-12-01 15:00:00,2.597
2022-12-01 16:00:00,1.477
2022-12-01 17:00:00,0.15
2022-12-01 18:00:00,0.0
2022-12-01 19:00:00,0.0
2022-12-01 20:00:00,0.0
2022-12-01 21:00:00,0.0
2022-12-01 22:00:00,0.0
2022-12-01 23:00:00,0.0
2022-12-02 00:00:00,0.0
2022-12-02 01:00:00,0.0
2022-12-02 02:00:00,0.0
2022-12-02 03:00:00,0.0
2022-12-02 04:00:00,0.0
2022-12-02 05:00:00,0.0
2022-12-02 06:00:00,0.0
2022-12-02 07:00:00,0.089
2022-12-02 08:00:00,1.496
2022-12-02 09:00:00,3.465
2022-12-02 10:00:00,5.366
2022-12-02 11:00:00,6.256
2022-12-02 12:00:00,8.049
2022-12-02 13:00:00,8.276
2022-12-02 14:00:00,7.496
2022-12-02 15:00:00,5.316
2022-12-02 16:00:00,2.562
2022-12-02 17:00:00,0.299
2022-12-02 18:00:00,0.0
2022-12-02 19:00:00,0.0
2022-12-02 20:00:00,0.0
2022-12-02 21:00:00,0.0
2022-12-02 22:00:00,0.0
2022-12-02 23:00:00,0.0
2022-12-03 00:00:00,0.0
2022-12-03 01:00:00,0.0
2022-12-03 02:00:00,0.0
2022-12-03 03:00:00,0.0
2022-12-03 04:00:00,0.0
2022-12-03 05:00:00,0.0
2022-12-03 06:00:00,0.0
2022-12-03 07:00:00,0.036
2022-12-03 08:00:00,0.8150000000000001
2022-12-03 09:00:00,2.188
2022-12-03 10:00:00,3.388
2022-12-03 11:00:00,4.263
2022-12-03 12:00:00,4.81
2022-12-03 13:00:00,4.642
2022-12-03 14:00:00,3.449
2022-12-03 15:00:00,2.167
2022-12-03 16:00:00,0.914
2022-12-03 17:00:00,0.055
2022-12-03 18:00:00,0.0
2022-12-03 19:00:00,0.0
2022-12-03 20:00:00,0.0
2022-12-03 21:00:00,0.0
2022-12-03 22:00:00,0.0
2022-12-03 23:00:00,0.0
2022-12-04 00:00:00,0.0
2022-12-04 01:00:00,0.0
2022-12-04 02:00:00,0.0
2022-12-04 03:00:00,0.0
2022-12-04 04:00:00,0.0
2022-12-04 05:00:00,0.0
2022-12-04 06:00:00,0.0
2022-12-04 07:00:00,0.0
2022-12-04 08:00:00,0.357
2022-12-04 09:00:00,0.9400000000000001
2022-12-04 10:00:00,1.623
2022-12-04 11:00:00,2.566
2022-12-04 12:00:00,3.186
2022-12-04 13:00:00,3.363
2022-12-04 14:00:00,2.906
2022-12-04 15:00:00,2.055
2022-12-04 16:00:00,0.765
2022-12-04 17:00:00,0.028
2022-12-04 18:00:00,0.0
2022-12-04 19:00:00,0.0
2022-12-04 20:00:00,0.0
2022-12-04 21:00:00,0.0
2022-12-04 22:00:00,0.0
2022-12-04 23:00:00,0.0
2022-12-05 00:00:00,0.0
2022-12-05 01:00:00,0.0
2022-12-05 02:00:00,0.0
2022-12-05 03:00:00,0.0
2022-12-05 04:00:00,0.0
2022-12-05 05:00:00,0.0
2022-12-05 06:00:00,0.0
2022-12-05 07:00:00,0.048
2022-12-05 08:00:00,1.056
2022-12-05 09:00:00,2.345
2022-12-05 10:00:00,4.014
2022-12-05 11:00:00,5.028
2022-12-05 12:00:00,5.397
2022-12-05 13:00:00,5.766
2022-12-05 14:00:00,5.362
2022-12-05 15:00:00,3.676
2022-12-05 16:00:00,1.889
2022-12-05 17:00:00,0.186
2022-12-05 18:00:00,0.0
2022-12-05 19:00:00,0.0
2022-12-05 20:00:00,0.0
2022-12-05 21:00:00,0.0
2022-12-05 22:00:00,0.0
2022-12-05 23:00:00,0.0
2022-12-06 00:00:00,0.0
2022-12-06 01:00:00,0.0
2022-12-06 02:00:00,0.0
2022-12-06 03:00:00,0.0
2022-12-06 04:00:00,0.0
2022-12-06 05:00:00,0.0
2022-12-06 06:00:00,0.0
2022-12-06 07:00:00,0.053
2022-12-06 08:00:00,1.092
2022-12-06 09:00:00,3.267
2022-12-06 10:00:00,5.989
2022-12-06 11:00:00,9.996
2022-12-06 12:00:00,12.685
2022-12-06 13:00:00,13.228
2022-12-06 14:00:00,11.961
2022-12-06 15:00:00,8.451
2022-12-06 16:00:00,4.622
2022-12-06 17:00:00,0.587
2022-12-06 18:00:00,0.0
2022-12-06 19:00:00,0.0
2022-12-06 20:00:00,0.0
2022-12-06 21:00:00,0.0
2022-12-06 22:00:00,0.0
2022-12-06 23:00:00,0.0
2022-12-07 00:00:00,0.0
2022-12-07 01:00:00,0.0
2022-12-07 02:00:00,0.0
2022-12-07 03:00:00,0.0
2022-12-07 04:00:00,0.0
2022-12-07 05:00:00,0.0
2022-12-07 06:00:00,0.0
2022-12-07 07:00:00,0.049
2022-12-07 08:00:00,0.993
2022-12-07 09:00:00,2.693
2022-12-07 10:00:00,5.775
2022-12-07 11:00:00,8.165
2022-12-07 12:00:00,9.217
2022-12-07 13:00:00,9.789
2022-12-07 14:00:00,8.081
2022-12-07 15:00:00,5.045
2022-12-07 16:00:00,2.183
2022-12-07 17:00:00,0.202
2022-12-07 18:00:00,0.0
2022-12-07 19:00:00,0.0
2022-12-07 20:00:00,0.0
2022-12-07 21:00:00,0.0
2022-12-07 22:00:00,0.0
2022-12-07 23:00:00,0.0
2022-12-08 00:00:00,0.0
2022-12-08 01:00:00,0.0
2022-12-08 02:00:00,0.0
2022-12-08 03:00:00,0.0
2022-12-08 04:00:00,0.0
2022-12-08 05:00:00,0.0
2022-12-08 06:00:00,0.0
2022-12-08 07:00:00,0.08
2022-12-08 08:00:00,1.067
2022-12-08 09:00:00,2.431
2022-12-08 10:00:00,3.687
2022-12-08 11:00:00,4.016
2022-12-08 12:00:00,5.154
2022-12-08 13:00:00,6.174
2022-12-08 14:00:00,5.34
2022-12-08 15:00:00,3.782
2022-12-08 16:00:00,1.959
2022-12-08 17:00:00,0.228
2022-12-08 18:00:00,0.0
2022-12-08 19:00:00,0.0
2022-12-08 20:00:00,0.0
2022-12-08 21:00:00,0.0
2022-12-08 22:00:00,0.0
2022-12-08 23:00:00,0.0
2022-12-09 00:00:00,0.0
2022-12-09 01:00:00,0.0
2022-12-09 02:00:00,0.0
2022-12-09 03:00:00,0.0
2022-12-09 04:00:00,0.0
2022-12-09 05:00:00,0.0
2022-12-09 06:00:00,0.0
2022-12-09 07:00:00,0.159
2022-12-09 08:00:00,2.202
2022-12-09 09:00:00,7.622
2022-12-09 10:00:00,11.778
2022-12-09 11:00:00,13.856
2022-12-09 12:00:00,14.417
2022-12-09 13:00:00,13.756
2022-12-09 14:00:00,11.525
2022-12-09 15:00:00,8.401
2022-12-09 16:00:00,4.272
2022-12-09 17:00:00,0.548
2022-12-09 18:00:00,0.0
2022-12-09 19:00:00,0.0
2022-12-09 20:00:00,0.0
2022-12-09 21:00:00,0.0
2022-12-09 22:00:00,0.0
2022-12-09 23:00:00,0.0
2022-12-10 00:00:00,0.0
2022-12-10 01:00:00,0.0
2022-12-10 02:00:00,0.0
2022-12-10 03:00:00,0.0
2022-12-10 04:00:00,0.0
2022-12-10 05:00:00,0.0
2022-12-10 06:00:00,0.0
2022-12-10 07:00:00,0.366
2022-12-10 08:00:00,3.429
2022-12-10 09:00:00,7.671
2022-12-10 10:00:00,11.201
2022-12-10 11:00:00,12.866
2022-12-10 12:00:00,13.585
2022-12-10 13:00:00,13.245
2022-12-10 14:00:00,11.695
2022-12-10 15:00:00,7.987
2022-12-10 16:00:00,3.703
2022-12-10 17:00:00,0.507
2022-12-10 18:00:00,0.0
2022-12-10 19:00:00,0.0
2022-12-10 20:00:00,0.0
2022-12-10 21:00:00,0.0
2022-12-10 22:00:00,0.0
2022-12-10 23:00:00,0.0
2022-12-11 00:00:00,0.0
2022-12-11 01:00:00,0.0
2022-12-11 02:00:00,0.0
2022-12-11 03:00:00,0.0
2022-12-11 04:00:00,0.0
2022-12-11 05:00:00,0.0
2022-12-11 06:00:00,0.0
2022-12-11 07:00:00,0.133
2022-12-11 08:00:00,1.569
2022-12-11 09:00:00,3.741
2022-12-11 10:00:00,6.094
2022-12-11 11:00:00,7.689
2022-12-11 12:00:00,8.906
2022-12-11 13:00:00,9.573
2022-12-11 14:00:00,7.399
2022-12-11 15:00:00,5.017
2022-12-11 16:00:00,2.135
2022-12-11 17:00:00,0.209
2022-12-11 18:00:00,0.0
2022-12-11 19:00:00,0.0
2022-12-11 20:00:00,0.0
2022-12-11 21:00:00,0.0
2022-12-11 22:00:00,0.0
2022-12-11 23:00:00,0.0
2022-12-12 00:00:00,0.0
2022-12-12 01:00:00,0.0
2022-12-12 02:00:00,0.0
2022-12-12 03:00:00,0.0
2022-12-12 04:00:00,0.0
2022-12-12 05:00:00,0.0
2022-12-12 06:00:00,0.0
2022-12-12 07:00:00,0.319
2022-12-12 08:00:00,4.156
2022-12-12 09:00:00,9.309
2022-12-12 10:00:00,12.934
2022-12-12 11:00:00,14.852
2022-12-12 12:00:00,15.49
2022-12-12 13:00:00,14.863
2022-12-12 14:00:00,12.934
2022-12-12 15:00:00,9.694
2022-12-12 16:00:00,5.128
2022-12-12 17:00:00,0.6960000000000001
2022-12-12 18:00:00,0.0
2022-12-12 19:00:00,0.0
2022-12-12 20:00:00,0.0
2022-12-12 21:00:00,0.0
2022-12-12 22:00:00,0.0
2022-12-12 23:00:00,0.0
2022-12-13 00:00:00,0.0
2022-12-13 01:00:00,0.0
2022-12-13 02:00:00,0.0
2022-12-13 03:00:00,0.0
2022-12-13 04:00:00,0.0
2022-12-13 05:00:00,0.0
2022-12-13 06:00:00,0.0
2022-12-13 07:00:00,0.5680000000000001
2022-12-13 08:00:00,4.753
2022-12-13 09:00:00,9.295
2022-12-13 10:00:00,12.343
2022-12-13 11:00:00,13.679
2022-12-13 12:00:00,14.511
2022-12-13 13:00:00,13.948
2022-12-13 14:00:00,11.875
2022-12-13 15:00:00,8.654
2022-12-13 16:00:00,4.318
2022-12-13 17:00:00,0.529
2022-12-13 18:00:00,0.0
2022-12-13 19:00:00,0.0
2022-12-13 20:00:00,0.0
2022-12-13 21:00:00,0.0
2022-12-13 22:00:00,0.0
2022-12-13 23:00:00,0.0
2022-12-14 00:00:00,0.0
2022-12-14 01:00:00,0.0
2022-12-14 02:00:00,0.0
2022-12-14 03:00:00,0.0
2022-12-14 04:00:00,0.0
2022-12-14 05:00:00,0.0
2022-12-14 06:00:00,0.0
2022-12-14 07:00:00,0.494
2022-12-14 08:00:00,4.6
2022-12-14 09:00:00,9.208
2022-12-14 10:00:00,12.438
2022-12-14 11:00:00,14.309
2022-12-14 12:00:00,14.894
2022-12-14 13:00:00,14.283
2022-12-14 14:00:00,12.474
2022-12-14 15:00:00,9.397
2022-12-14 16:00:00,5.015
2022-12-14 17:00:00,0.675
2022-12-14 18:00:00,0.0
2022-12-14 19:00:00,0.0
2022-12-14 20:00:00,0.0
2022-12-14 21:00:00,0.0
2022-12-14 22:00:00,0.0
2022-12-14 23:00:00,0.0
2022-12-15 00:00:00,0.0
2022-12-15 01:00:00,0.0
2022-12-15 02:00:00,0.0
2022-12-15 03:00:00,0.0
2022-12-15 04:00:00,0.0
2022-12-15 05:00:00,0.0
2022-12-15 06:00:00,0.0
2022-12-15 07:00:00,0.5660000000000001
2022-12-15 08:00:00,4.867
2022-12-15 09:00:00,9.41
2022-12-15 10:00:00,12.412
2022-12-15 11:00:00,14.197
2022-12-15 12:00:00,14.705
2022-12-15 13:00:00,13.989
2022-12-15 14:00:00,12.273
2022-12-15 15:00:00,9.322
2022-12-15 16:00:00,5.066
2022-12-15 17:00:00,0.715
2022-12-15 18:00:00,0.0
2022-12-15 19:00:00,0.0
2022-12-15 20:00:00,0.0
2022-12-15 21:00:00,0.0
2022-12-15 22:00:00,0.0
2022-12-15 23:00:00,0.0
2022-12-16 00:00:00,0.0
2022-12-16 01:00:00,0.0
2022-12-16 02:00:00,0.0
2022-12-16 03:00:00,0.0
2022-12-16 04:00:00,0.0
2022-12-16 05:00:00,0.0
2022-12-16 06:00:00,0.0
2022-12-16 07:00:00,0.165
2022-12-16 08:00:00,1.521
2022-12-16 09:00:00,3.193
2022-12-16 10:00:00,3.764
2022-12-16 11:00:00,3.902
2022-12-16 12:00:00,4.536
2022-12-16 13:00:00,4.793
2022-12-16 14:00:00,4.28
2022-12-16 15:00:00,2.937
2022-12-16 16:00:00,1.218
2022-12-16 17:00:00,0.066
2022-12-16 18:00:00,0.0
2022-12-16 19:00:00,0.0
2022-12-16 20:00:00,0.0
2022-12-16 21:00:00,0.0
2022-12-16 22:00:00,0.0
2022-12-16 23:00:00,0.0
2022-12-17 00:00:00,0.0
2022-12-17 01:00:00,0.0
2022-12-17 02:00:00,0.0
2022-12-17 03:00:00,0.0
2022-12-17 04:00:00,0.0
2022-12-17 05:00:00,0.0
2022-12-17 06:00:00,0.0
2022-12-17 07:00:00,0.18
2022-12-17 08:00:00,3.166
2022-12-17 09:00:00,7.751
2022-12-17 10:00:00,11.588
2022-12-17 11:00:00,13.876
2022-12-17 12:00:00,15.159
2022-12-17 13:00:00,14.809
2022-12-17 14:00:00,13.189
2022-12-17 15:00:00,10.28
2022-12-17 16:00:00,5.901
2022-12-17 17:00:00,0.9500000000000001
2022-12-17 18:00:00,0.0
2022-12-17 19:00:00,0.0
2022-12-17 20:00:00,0.0
2022-12-17 21:00:00,0.0
2022-12-17 22:00:00,0.0
2022-12-17 23:00:00,0.0
2022-12-18 00:00:00,0.0
2022-12-18 01:00:00,0.0
2022-12-18 02:00:00,0.0
2022-12-18 03:00:00,0.0
2022-12-18 04:00:00,0.0
2022-12-18 05:00:00,0.0
2022-12-18 06:00:00,0.0
2022-12-18 07:00:00,1.022
2022-12-18 08:00:00,6.793
2022-12-18 09:00:00,11.527
2022-12-18 10:00:00,14.562
2022-12-18 11:00:00,16.238
2022-12-18 12:00:00,16.727
2022-12-18 13:00:00,16.092
2022-12-18 14:00:00,14.206
2022-12-18 15:00:00,11.061
2022-12-18 16:00:00,6.407
2022-12-18 17:00:00,0.999
2022-12-18 18:00:00,0.0
2022-12-18 19:00:00,0.0
2022-12-18 20:00:00,0.0
2022-12-18 21:00:00,0.0
2022-12-18 22:00:00,0.0
2022-12-18 23:00:00,0.0
2022-12-19 00:00:00,0.0
2022-12-19 01:00:00,0.0
2022-12-19 02:00:00,0.0
2022-12-19 03:00:00,0.0
2022-12-19 04:00:00,0.0
2022-12-19 05:00:00,0.0
2022-12-19 06:00:00,0.0
2022-12-19 07:00:00,0.883
2022-12-19 08:00:00,6.102
2022-12-19 09:00:00,10.734
2022-12-19 10:00:00,13.68
2022-12-19 11:00:00,15.341
2022-12-19 12:00:00,15.675
2022-12-19 13:00:00,15.099
2022-12-19 14:00:00,13.256
2022-12-19 15:00:00,10.178
2022-12-19 16:00:00,5.812
2022-12-19 17:00:00,0.977
2022-12-19 18:00:00,0.0
2022-12-19 19:00:00,0.0
2022-12-19 20:00:00,0.0
2022-12-19 21:00:00,0.0
2022-12-19 22:00:00,0.0
2022-12-19 23:00:00,0.0
2022-12-20 00:00:00,0.0
2022-12-20 01:00:00,0.0
2022-12-20 02:00:00,0.0
2022-12-20 03:00:00,0.0
2022-12-20 04:00:00,0.0
2022-12-20 05:00:00,0.0
2022-12-20 06:00:00,0.0
2022-12-20 07:00:00,0.393
2022-12-20 08:00:00,3.237
2022-12-20 09:00:00,5.961
2022-12-20 10:00:00,7.269
2022-12-20 11:00:00,7.993
2022-12-20 12:00:00,7.766
2022-12-20 13:00:00,6.895
2022-12-20 14:00:00,5.503
2022-12-20 15:00:00,3.692
2022-12-20 16:00:00,1.705
2022-12-20 17:00:00,0.125
2022-12-20 18:00:00,0.0
2022-12-20 19:00:00,0.0
2022-12-20 20:00:00,0.0
2022-12-20 21:00:00,0.0
2022-12-20 22:00:00,0.0
2022-12-20 23:00:00,0.0
2022-12-21 00:00:00,0.0
2022-12-21 01:00:00,0.0
2022-12-21 02:00:00,0.0
2022-12-21 03:00:00,0.0
2022-12-21 04:00:00,0.0
2022-12-21 05:00:00,0.0
2022-12-21 06:00:00,0.0
2022-12-21 07:00:00,0.625
2022-12-21 08:00:00,5.91
2022-12-21 09:00:00,10.589
2022-12-21 10:00:00,13.641
2022-12-21 11:00:00,15.365
2022-12-21 12:00:00,15.846
2022-12-21 13:00:00,15.21
2022-12-21 14:00:00,13.299
2022-12-21 15:00:00,10.275
2022-12-21 16:00:00,5.817
2022-12-21 17:00:00,0.929
2022-12-21 18:00:00,0.0
2022-12-21 19:00:00,0.0
2022-12-21 20:00:00,0.0
2022-12-21 21:00:00,0.0
2022-12-21 22:00:00,0.0
2022-12-21 23:00:00,0.0
2022-12-22 00:00:00,0.0
2022-12-22 01:00:00,0.0
2022-12-22 02:00:00,0.0
2022-12-22 03:00:00,0.0
2022-12-22 04:00:00,0.0
2022-12-22 05:00:00,0.0
2022-12-22 06:00:00,0.0
2022-12-22 07:00:00,0.5730000000000001
2022-12-22 08:00:00,5.086
2022-12-22 09:00:00,9.649000000000001
2022-12-22 10:00:00,12.677
2022-12-22 11:00:00,14.839
2022-12-22 12:00:00,15.373
2022-12-22 13:00:00,14.773
2022-12-22 14:00:00,12.936
2022-12-22 15:00:00,9.864
2022-12-22 16:00:00,5.375
2022-12-22 17:00:00,0.742
2022-12-22 18:00:00,0.0
2022-12-22 19:00:00,0.0
2022-12-22 20:00:00,0.0
2022-12-22 21:00:00,0.0
2022-12-22 22:00:00,0.0
2022-12-22 23:00:00,0.0
2022-12-23 00:00:00,0.0
2022-12-23 01:00:00,0.0
2022-12-23 02:00:00,0.0
2022-12-23 03:00:00,0.0
2022-12-23 04:00:00,0.0
2022-12-23 05:00:00,0.0
2022-12-23 06:00:00,0.0
2022-12-23 07:00:00,0.409
2022-12-23 08:00:00,4.357
2022-12-23 09:00:00,9.446
2022-12-23 10:00:00,12.595
2022-12-23 11:00:00,14.279
2022-12-23 12:00:00,14.765
2022-12-23 13:00:00,14.131
2022-12-23 14:00:00,12.044
2022-12-23 15:00:00,8.87
2022-12-23 16:00:00,4.399
2022-12-23 17:00:00,0.529
2022-12-23 18:00:00,0.0
2022-12-23 19:00:00,0.0
2022-12-23 20:00:00,0.0
2022-12-23 21:00:00,0.0
2022-12-23 22:00:00,0.0
2022-12-23 23:00:00,0.0
2022-12-24 00:00:00,0.0
2022-12-24 01:00:00,0.0
2022-12-24 02:00:00,0.0
2022-12-24 03:00:00,0.0
2022-12-24 04:00:00,0.0
2022-12-24 05:00:00,0.0
2022-12-24 06:00:00,0.0
2022-12-24 07:00:00,0.502
2022-12-24 08:00:00,4.884
2022-12-24 09:00:00,9.513
2022-12-24 10:00:00,12.619
2022-12-24 11:00:00,14.518
2022-12-24 12:00:00,15.047
2022-12-24 13:00:00,14.452
2022-12-24 14:00:00,12.805
2022-12-24 15:00:00,9.793
2022-12-24 16:00:00,5.4
2022-12-24 17:00:00,0.834
2022-12-24 18:00:00,0.0
2022-12-24 19:00:00,0.0
2022-12-24 20:00:00,0.0
2022-12-24 21:00:00,0.0
2022-12-24 22:00:00,0.0
2022-12-24 23:00:00,0.0
2022-12-25 00:00:00,0.0
2022-12-25 01:00:00,0.0
2022-12-25 02:00:00,0.0
2022-12-25 03:00:00,0.0
2022-12-25 04:00:00,0.0
2022-12-25 05:00:00,0.0
2022-12-25 06:00:00,0.0
2022-12-25 07:00:00,0.647
2022-12-25 08:00:00,5.329
2022-12-25 09:00:00,9.857
2022-12-25 10:00:00,12.749
2022-12-25 11:00:00,14.395
2022-12-25 12:00:00,14.901
2022-12-25 13:00:00,14.296
2022-12-25 14:00:00,12.421
2022-12-25 15:00:00,9.425
2022-12-25 16:00:00,5.099
2022-12-25 17:00:00,0.705
2022-12-25 18:00:00,0.0
2022-12-25 19:00:00,0.0
2022-12-25 20:00:00,0.0
2022-12-25 21:00:00,0.0
2022-12-25 22:00:00,0.0
2022-12-25 23:00:00,0.0
2022-12-26 00:00:00,0.0
2022-12-26 01:00:00,0.0
2022-12-26 02:00:00,0.0
2022-12-26 03:00:00,0.0
2022-12-26 04:00:00,0.0
2022-12-26 05:00:00,0.0
2022-12-26 06:00:00,0.0
2022-12-26 07:00:00,0.308
2022-12-26 08:00:00,3.684
2022-12-26 09:00:00,8.187
2022-12-26 10:00:00,11.319
2022-12-26 11:00:00,13.004
2022-12-26 12:00:00,13.568
2022-12-26 13:00:00,12.841
2022-12-26 14:00:00,10.948
2022-12-26 15:00:00,7.106
2022-12-26 16:00:00,3.118
2022-12-26 17:00:00,0.317
2022-12-26 18:00:00,0.0
2022-12-26 19:00:00,0.0
2022-12-26 20:00:00,0.0
2022-12-26 21:00:00,0.0
2022-12-26 22:00:00,0.0
2022-12-26 23:00:00,0.0
2022-12-27 00:00:00,0.0
2022-12-27 01:00:00,0.0
2022-12-27 02:00:00,0.0
2022-12-27 03:00:00,0.0
2022-12-27 04:00:00,0.0
2022-12-27 05:00:00,0.0
2022-12-27 06:00:00,0.0
2022-12-27 07:00:00,0.033
2022-12-27 08:00:00,0.67
2022-12-27 09:00:00,1.466
2022-12-27 10:00:00,2.345
2022-12-27 11:00:00,3.298
2022-12-27 12:00:00,3.471
2022-12-27 13:00:00,3.254
2022-12-27 14:00:00,2.522
2022-12-27 15:00:00,1.354
2022-12-27 16:00:00,0.505
2022-12-27 17:00:00,0.003
2022-12-27 18:00:00,0.0
2022-12-27 19:00:00,0.0
2022-12-27 20:00:00,0.0
2022-12-27 21:00:00,0.0
2022-12-27 22:00:00,0.0
2022-12-27 23:00:00,0.0
2022-12-28 00:00:00,0.0
2022-12-28 01:00:00,0.0
2022-12-28 02:00:00,0.0
2022-12-28 03:00:00,0.0
2022-12-28 04:00:00,0.0
2022-12-28 05:00:00,0.0
2022-12-28 06:00:00,0.0
2022-12-28 07:00:00,0.0
2022-12-28 08:00:00,0.267
2022-12-28 09:00:00,0.637
2022-12-28 10:00:00,1.266
2022-12-28 11:00:00,1.669
2022-12-28 12:00:00,2.816
2022-12-28 13:00:00,3.099
2022-12-28 14:00:00,2.773
2022-12-28 15:00:00,1.743
2022-12-28 16:00:00,0.65
2022-12-28 17:00:00,0.022
2022-12-28 18:00:00,0.0
2022-12-28 19:00:00,0.0
2022-12-28 20:00:00,0.0
2022-12-28 21:00:00,0.0
2022-12-28 22:00:00,0.0
2022-12-28 23:00:00,0.0
2022-12-29 00:00:00,0.0
2022-12-29 01:00:00,0.0
2022-12-29 02:00:00,0.0
2022-12-29 03:00:00,0.0
2022-12-29 04:00:00,0.0
2022-12-29 05:00:00,0.0
2022-12-29 06:00:00,0.0
2022-12-29 07:00:00,0.029
2022-12-29 08:00:00,0.87
2022-12-29 09:00:00,2.137
2022-12-29 10:00:00,3.398
2022-12-29 11:00:00,4.888
2022-12-29 12:00:00,5.769
2022-12-29 13:00:00,5.212
2022-12-29 14:00:00,4.561
2022-12-29 15:00:00,3.195
2022-12-29 16:00:00,1.546
2022-12-29 17:00:00,0.133
2022-12-29 18:00:00,0.0
2022-12-29 19:00:00,0.0
2022-12-29 20:00:00,0.0
2022-12-29 21:00:00,0.0
2022-12-29 22:00:00,0.0
2022-12-29 23:00:00,0.0
2022-12-30 00:00:00,0.0
2022-12-30 01:00:00,0.0
2022-12-30 02:00:00,0.0
2022-12-30 03:00:00,0.0
2022-12-30 04:00:00,0.0
2022-12-30 05:00:00,0.0
2022-12-30 06:00:00,0.0
2022-12-30 07:00:00,0.029
2022-12-30 08:00:00,1.101
2022-12-30 09:00:00,3.024
2022-12-30 10:00:00,5.003
2022-12-30 11:00:00,6.411
2022-12-30 12:00:00,7.551
2022-12-30 13:00:00,7.363
2022-12-30 14:00:00,6.768
2022-12-30 15:00:00,4.489
2022-12-30 16:00:00,2.192
2022-12-30 17:00:00,0.195
2022-12-30 18:00:00,0.0
2022-12-30 19:00:00,0.0
2022-12-30 20:00:00,0.0
2022-12-30 21:00:00,0.0
2022-12-30 22:00:00,0.0
2022-12-30 23:00:00,0.0
2022-12-31 00:00:00,0.0
2022-12-31 01:00:00,0.0
2022-12-31 02:00:00,0.0
2022-12-31 03:00:00,0.0
2022-12-31 04:00:00,0.0
2022-12-31 05:00:00,0.0
2022-12-31 06:00:00,0.0
2022-12-31 07:00:00,0.038
2022-12-31 08:00:00,1.111
2022-12-31 09:00:00,3.225
2022-12-31 10:00:00,6.499
2022-12-31 11:00:00,9.428
2022-12-31 12:00:00,11.107
2022-12-31 13:00:00,12.619
2022-12-31 14:00:00,10.997
2022-12-31 15:00:00,8.182
2022-12-31 16:00:00,4.065
2022-12-31 17:00:00,0.441
2022-12-31 18:00:00,0.0
2022-12-31 19:00:00,0.0
2022-12-31 20:00:00,0.0
2022-12-31 21:00:00,0.0
2022-12-31 22:00:00,0.0
2022-12-31 23:00:00,0.0
2023-01-01 00:00:00,0.0
2023-01-01 01:00:00,0.0
2023-01-01 02:00:00,0.0
2023-01-01 03:00:00,0.0
2023-01-01 04:00:00,0.0
2023-01-01 05:00:00,0.0
2023-01-01 06:00:00,0.0
2023-01-01 07:00:00,0.046
